group,region_iso,year,year_int,e0_actual,e0_expected_avg,e0_expected_q050,e0_expected_q950,e0_deficit_avg,e0_deficit_q050,e0_deficit_q950,region_code_iso3166_2_alpha3,country_code_iso3166_1,country_code_iso3166_1_alpha3,region_code_stmf,calendar_stmf,region_code_hmd,region_code_wpp,region_code_coverage,region_name_en,region_name_de,region_name_short,region_level,country_name,hemisphere,continent
D Prolonged depression,AT,2010,2010,80.547952,NA,NA,NA,NA,NA,NA,AUT,AT,AUT,AUT,iso_week_date,AUT,40,Austria,Austria,Österreich,AUT,0,Austria,n,Europe
D Prolonged depression,AT,2011,2011,80.898784,NA,NA,NA,NA,NA,NA,AUT,AT,AUT,AUT,iso_week_date,AUT,40,Austria,Austria,Österreich,AUT,0,Austria,n,Europe
D Prolonged depression,AT,2012,2012,80.872478,NA,NA,NA,NA,NA,NA,AUT,AT,AUT,AUT,iso_week_date,AUT,40,Austria,Austria,Österreich,AUT,0,Austria,n,Europe
D Prolonged depression,AT,2013,2013,80.985814,NA,NA,NA,NA,NA,NA,AUT,AT,AUT,AUT,iso_week_date,AUT,40,Austria,Austria,Österreich,AUT,0,Austria,n,Europe
D Prolonged depression,AT,2014,2014,81.308441,NA,NA,NA,NA,NA,NA,AUT,AT,AUT,AUT,iso_week_date,AUT,40,Austria,Austria,Österreich,AUT,0,Austria,n,Europe
D Prolonged depression,AT,2015,2015,81.260082,NA,NA,NA,NA,NA,NA,AUT,AT,AUT,AUT,iso_week_date,AUT,40,Austria,Austria,Österreich,AUT,0,Austria,n,Europe
D Prolonged depression,AT,2016,2016,81.633679,NA,NA,NA,NA,NA,NA,AUT,AT,AUT,AUT,iso_week_date,AUT,40,Austria,Austria,Österreich,AUT,0,Austria,n,Europe
D Prolonged depression,AT,2017,2017,81.650256,NA,NA,NA,NA,NA,NA,AUT,AT,AUT,AUT,iso_week_date,AUT,40,Austria,Austria,Österreich,AUT,0,Austria,n,Europe
D Prolonged depression,AT,2018,2018,81.709614,NA,NA,NA,NA,NA,NA,AUT,AT,AUT,AUT,iso_week_date,AUT,40,Austria,Austria,Österreich,AUT,0,Austria,n,Europe
D Prolonged depression,AT,2019,2019,81.995124,NA,NA,NA,NA,NA,NA,AUT,AT,AUT,AUT,iso_week_date,AUT,40,Austria,Austria,Österreich,AUT,0,Austria,n,Europe
D Prolonged depression,AT,2020,2020,81.398301,82.109261,81.846775,82.371844,-0.71096,-0.98594,-0.45941,AUT,AT,AUT,AUT,iso_week_date,AUT,40,Austria,Austria,Österreich,AUT,0,Austria,n,Europe
D Prolonged depression,AT,2021,2021,81.336871,82.278346,81.880033,82.657286,-0.941474,-1.337946,-0.549784,AUT,AT,AUT,AUT,iso_week_date,AUT,40,Austria,Austria,Österreich,AUT,0,Austria,n,Europe
D Prolonged depression,AT,2022,2022,81.392721,82.465287,82.024675,82.925745,-1.072566,-1.554355,-0.605837,AUT,AT,AUT,AUT,iso_week_date,AUT,40,Austria,Austria,Österreich,AUT,0,Austria,n,Europe
D Prolonged depression,AT,2023,2023,81.902693,82.62977,82.094795,83.117855,-0.72707599999999994,-1.244574,-0.191629,AUT,AT,AUT,AUT,iso_week_date,AUT,40,Austria,Austria,Österreich,AUT,0,Austria,n,Europe
D Prolonged depression,AT,2024,2024,82.261548,82.810654,82.263157,83.356066,-0.549105,-1.110577,0.016962,AUT,AT,AUT,AUT,iso_week_date,AUT,40,Austria,Austria,Österreich,AUT,0,Austria,n,Europe
D Prolonged depression,AT,2020-2024,NA,81.656104,82.458327,82.065987,82.850633,-0.802223,-1.192579,-0.41018,AUT,AT,AUT,AUT,iso_week_date,AUT,40,Austria,Austria,Österreich,AUT,0,Austria,n,Europe
A First wave peak,BE,2010,2010,80.060137,NA,NA,NA,NA,NA,NA,BEL,BE,BEL,BEL,iso_week_date,BEL,56,Belgium,Belgium,Belgien,BEL,0,Belgium,n,Europe
A First wave peak,BE,2011,2011,80.400771,NA,NA,NA,NA,NA,NA,BEL,BE,BEL,BEL,iso_week_date,BEL,56,Belgium,Belgium,Belgien,BEL,0,Belgium,n,Europe
A First wave peak,BE,2012,2012,80.294707,NA,NA,NA,NA,NA,NA,BEL,BE,BEL,BEL,iso_week_date,BEL,56,Belgium,Belgium,Belgien,BEL,0,Belgium,n,Europe
A First wave peak,BE,2013,2013,80.432754,NA,NA,NA,NA,NA,NA,BEL,BE,BEL,BEL,iso_week_date,BEL,56,Belgium,Belgium,Belgien,BEL,0,Belgium,n,Europe
A First wave peak,BE,2014,2014,81.057913,NA,NA,NA,NA,NA,NA,BEL,BE,BEL,BEL,iso_week_date,BEL,56,Belgium,Belgium,Belgien,BEL,0,Belgium,n,Europe
A First wave peak,BE,2015,2015,80.850746,NA,NA,NA,NA,NA,NA,BEL,BE,BEL,BEL,iso_week_date,BEL,56,Belgium,Belgium,Belgien,BEL,0,Belgium,n,Europe
A First wave peak,BE,2016,2016,81.32669,NA,NA,NA,NA,NA,NA,BEL,BE,BEL,BEL,iso_week_date,BEL,56,Belgium,Belgium,Belgien,BEL,0,Belgium,n,Europe
A First wave peak,BE,2017,2017,81.374602,NA,NA,NA,NA,NA,NA,BEL,BE,BEL,BEL,iso_week_date,BEL,56,Belgium,Belgium,Belgien,BEL,0,Belgium,n,Europe
A First wave peak,BE,2018,2018,81.469364,NA,NA,NA,NA,NA,NA,BEL,BE,BEL,BEL,iso_week_date,BEL,56,Belgium,Belgium,Belgien,BEL,0,Belgium,n,Europe
A First wave peak,BE,2019,2019,81.83896,NA,NA,NA,NA,NA,NA,BEL,BE,BEL,BEL,iso_week_date,BEL,56,Belgium,Belgium,Belgien,BEL,0,Belgium,n,Europe
A First wave peak,BE,2020,2020,80.770057,82.02565,81.760759,82.28726,-1.255593,-1.51143,-0.992439,BEL,BE,BEL,BEL,iso_week_date,BEL,56,Belgium,Belgium,Belgien,BEL,0,Belgium,n,Europe
A First wave peak,BE,2021,2021,81.626153,82.206514,81.845925,82.639392,-0.580361,-0.99114,-0.188337,BEL,BE,BEL,BEL,iso_week_date,BEL,56,Belgium,Belgium,Belgien,BEL,0,Belgium,n,Europe
A First wave peak,BE,2022,2022,81.60602,82.400342,81.910189,82.903204,-0.794323,-1.285064,-0.303627,BEL,BE,BEL,BEL,iso_week_date,BEL,56,Belgium,Belgium,Belgien,BEL,0,Belgium,n,Europe
A First wave peak,BE,2023,2023,82.251434,82.60509,82.031773,83.140703,-0.353655,-0.897772,0.246695,BEL,BE,BEL,BEL,iso_week_date,BEL,56,Belgium,Belgium,Belgien,BEL,0,Belgium,n,Europe
A First wave peak,BE,2024,2024,82.315855,82.797656,82.165593,83.404367,-0.481802,-1.084535,0.12565,BEL,BE,BEL,BEL,iso_week_date,BEL,56,Belgium,Belgium,Belgien,BEL,0,Belgium,n,Europe
A First wave peak,BE,2020-2024,NA,81.69441,82.406802,81.982808,82.817455,-0.712392,-1.117423,-0.289472,BEL,BE,BEL,BEL,iso_week_date,BEL,56,Belgium,Belgium,Belgien,BEL,0,Belgium,n,Europe
B Second wave peak,BG,2010,2010,73.804648,NA,NA,NA,NA,NA,NA,BGR,BG,BGR,BGR,iso_week_date,BGR,100,Bulgaria,Bulgaria,Bulgarien,BGR,0,Bulgaria,n,Europe
B Second wave peak,BG,2011,2011,74.181433,NA,NA,NA,NA,NA,NA,BGR,BG,BGR,BGR,iso_week_date,BGR,100,Bulgaria,Bulgaria,Bulgarien,BGR,0,Bulgaria,n,Europe
B Second wave peak,BG,2012,2012,74.333205,NA,NA,NA,NA,NA,NA,BGR,BG,BGR,BGR,iso_week_date,BGR,100,Bulgaria,Bulgaria,Bulgarien,BGR,0,Bulgaria,n,Europe
B Second wave peak,BG,2013,2013,74.890309,NA,NA,NA,NA,NA,NA,BGR,BG,BGR,BGR,iso_week_date,BGR,100,Bulgaria,Bulgaria,Bulgarien,BGR,0,Bulgaria,n,Europe
B Second wave peak,BG,2014,2014,74.485373,NA,NA,NA,NA,NA,NA,BGR,BG,BGR,BGR,iso_week_date,BGR,100,Bulgaria,Bulgaria,Bulgarien,BGR,0,Bulgaria,n,Europe
B Second wave peak,BG,2015,2015,74.593487,NA,NA,NA,NA,NA,NA,BGR,BG,BGR,BGR,iso_week_date,BGR,100,Bulgaria,Bulgaria,Bulgarien,BGR,0,Bulgaria,n,Europe
B Second wave peak,BG,2016,2016,74.875379,NA,NA,NA,NA,NA,NA,BGR,BG,BGR,BGR,iso_week_date,BGR,100,Bulgaria,Bulgaria,Bulgarien,BGR,0,Bulgaria,n,Europe
B Second wave peak,BG,2017,2017,74.779051,NA,NA,NA,NA,NA,NA,BGR,BG,BGR,BGR,iso_week_date,BGR,100,Bulgaria,Bulgaria,Bulgarien,BGR,0,Bulgaria,n,Europe
B Second wave peak,BG,2018,2018,74.876373,NA,NA,NA,NA,NA,NA,BGR,BG,BGR,BGR,iso_week_date,BGR,100,Bulgaria,Bulgaria,Bulgarien,BGR,0,Bulgaria,n,Europe
B Second wave peak,BG,2019,2019,75.05601,NA,NA,NA,NA,NA,NA,BGR,BG,BGR,BGR,iso_week_date,BGR,100,Bulgaria,Bulgaria,Bulgarien,BGR,0,Bulgaria,n,Europe
B Second wave peak,BG,2020,2020,73.781317,75.243683,74.922977,75.535004,-1.462366,-1.732633,-1.149782,BGR,BG,BGR,BGR,iso_week_date,BGR,100,Bulgaria,Bulgaria,Bulgarien,BGR,0,Bulgaria,n,Europe
B Second wave peak,BG,2021,2021,71.39105,75.431829,75.017886,75.834996,-4.040779,-4.461576,-3.617679,BGR,BG,BGR,BGR,iso_week_date,BGR,100,Bulgaria,Bulgaria,Bulgarien,BGR,0,Bulgaria,n,Europe
B Second wave peak,BG,2022,2022,74.339004,75.590212,75.152308,76.0684,-1.251208,-1.72135,-0.788493,BGR,BG,BGR,BGR,iso_week_date,BGR,100,Bulgaria,Bulgaria,Bulgarien,BGR,0,Bulgaria,n,Europe
B Second wave peak,BG,2023,2023,76.006869,75.776796,75.234494,76.317842,0.230073,-0.343659,0.785149,BGR,BG,BGR,BGR,iso_week_date,BGR,100,Bulgaria,Bulgaria,Bulgarien,BGR,0,Bulgaria,n,Europe
B Second wave peak,BG,2024,2024,76.195255,75.946936,75.341753,76.578002,0.248319,-0.346208,0.85515,BGR,BG,BGR,BGR,iso_week_date,BGR,100,Bulgaria,Bulgaria,Bulgarien,BGR,0,Bulgaria,n,Europe
B Second wave peak,BG,2020-2024,NA,74.197188,75.593666,75.173364,76.015266,-1.396478,-1.828214,-0.973919,BGR,BG,BGR,BGR,iso_week_date,BGR,100,Bulgaria,Bulgaria,Bulgarien,BGR,0,Bulgaria,n,Europe
A First wave peak,CH,2010,2010,82.322279,NA,NA,NA,NA,NA,NA,CHE,CH,CHE,CHE,iso_week_date,CHE,756,Switzerland,Switzerland,Schweiz,CHE,0,Switzerland,n,Europe
A First wave peak,CH,2011,2011,82.608623,NA,NA,NA,NA,NA,NA,CHE,CH,CHE,CHE,iso_week_date,CHE,756,Switzerland,Switzerland,Schweiz,CHE,0,Switzerland,n,Europe
A First wave peak,CH,2012,2012,82.622236,NA,NA,NA,NA,NA,NA,CHE,CH,CHE,CHE,iso_week_date,CHE,756,Switzerland,Switzerland,Schweiz,CHE,0,Switzerland,n,Europe
A First wave peak,CH,2013,2013,82.736142,NA,NA,NA,NA,NA,NA,CHE,CH,CHE,CHE,iso_week_date,CHE,756,Switzerland,Switzerland,Schweiz,CHE,0,Switzerland,n,Europe
A First wave peak,CH,2014,2014,83.083825,NA,NA,NA,NA,NA,NA,CHE,CH,CHE,CHE,iso_week_date,CHE,756,Switzerland,Switzerland,Schweiz,CHE,0,Switzerland,n,Europe
A First wave peak,CH,2015,2015,82.800403,NA,NA,NA,NA,NA,NA,CHE,CH,CHE,CHE,iso_week_date,CHE,756,Switzerland,Switzerland,Schweiz,CHE,0,Switzerland,n,Europe
A First wave peak,CH,2016,2016,83.43251,NA,NA,NA,NA,NA,NA,CHE,CH,CHE,CHE,iso_week_date,CHE,756,Switzerland,Switzerland,Schweiz,CHE,0,Switzerland,n,Europe
A First wave peak,CH,2017,2017,83.413284,NA,NA,NA,NA,NA,NA,CHE,CH,CHE,CHE,iso_week_date,CHE,756,Switzerland,Switzerland,Schweiz,CHE,0,Switzerland,n,Europe
A First wave peak,CH,2018,2018,83.577734,NA,NA,NA,NA,NA,NA,CHE,CH,CHE,CHE,iso_week_date,CHE,756,Switzerland,Switzerland,Schweiz,CHE,0,Switzerland,n,Europe
A First wave peak,CH,2019,2019,83.763764,NA,NA,NA,NA,NA,NA,CHE,CH,CHE,CHE,iso_week_date,CHE,756,Switzerland,Switzerland,Schweiz,CHE,0,Switzerland,n,Europe
A First wave peak,CH,2020,2020,83.071494,83.914621,83.637954,84.162587,-0.843127,-1.121886,-0.566945,CHE,CH,CHE,CHE,iso_week_date,CHE,756,Switzerland,Switzerland,Schweiz,CHE,0,Switzerland,n,Europe
A First wave peak,CH,2021,2021,83.660828,84.094892,83.714653,84.45952,-0.434064,-0.810655,-0.064846,CHE,CH,CHE,CHE,iso_week_date,CHE,756,Switzerland,Switzerland,Schweiz,CHE,0,Switzerland,n,Europe
A First wave peak,CH,2022,2022,83.527307,84.268766,83.870738,84.697546,-0.741459,-1.159243,-0.331558,CHE,CH,CHE,CHE,iso_week_date,CHE,756,Switzerland,Switzerland,Schweiz,CHE,0,Switzerland,n,Europe
A First wave peak,CH,2023,2023,84.122319,84.461518,84.02843,84.88834,-0.339198,-0.793056,0.10168,CHE,CH,CHE,CHE,iso_week_date,CHE,756,Switzerland,Switzerland,Schweiz,CHE,0,Switzerland,n,Europe
A First wave peak,CH,2024,2024,84.274228,84.624851,84.110162,85.152304,-0.350623,-0.888506,0.164856,CHE,CH,CHE,CHE,iso_week_date,CHE,756,Switzerland,Switzerland,Schweiz,CHE,0,Switzerland,n,Europe
A First wave peak,CH,2020-2024,NA,83.729311,84.276042,83.917624,84.620273,-0.546731,-0.897306,-0.185549,CHE,CH,CHE,CHE,iso_week_date,CHE,756,Switzerland,Switzerland,Schweiz,CHE,0,Switzerland,n,Europe
B Second wave peak,CL,2010,2010,NA,NA,NA,NA,NA,NA,NA,CHL,CL,CHL,CHL,iso_week_date,CHL,152,Chile,Chile,Chile,CHL,0,Chile,s,South America
B Second wave peak,CL,2011,2011,NA,NA,NA,NA,NA,NA,NA,CHL,CL,CHL,CHL,iso_week_date,CHL,152,Chile,Chile,Chile,CHL,0,Chile,s,South America
B Second wave peak,CL,2012,2012,NA,NA,NA,NA,NA,NA,NA,CHL,CL,CHL,CHL,iso_week_date,CHL,152,Chile,Chile,Chile,CHL,0,Chile,s,South America
B Second wave peak,CL,2013,2013,NA,NA,NA,NA,NA,NA,NA,CHL,CL,CHL,CHL,iso_week_date,CHL,152,Chile,Chile,Chile,CHL,0,Chile,s,South America
B Second wave peak,CL,2014,2014,NA,NA,NA,NA,NA,NA,NA,CHL,CL,CHL,CHL,iso_week_date,CHL,152,Chile,Chile,Chile,CHL,0,Chile,s,South America
B Second wave peak,CL,2015,2015,NA,NA,NA,NA,NA,NA,NA,CHL,CL,CHL,CHL,iso_week_date,CHL,152,Chile,Chile,Chile,CHL,0,Chile,s,South America
B Second wave peak,CL,2016,2016,79.516649,NA,NA,NA,NA,NA,NA,CHL,CL,CHL,CHL,iso_week_date,CHL,152,Chile,Chile,Chile,CHL,0,Chile,s,South America
B Second wave peak,CL,2017,2017,79.729833,NA,NA,NA,NA,NA,NA,CHL,CL,CHL,CHL,iso_week_date,CHL,152,Chile,Chile,Chile,CHL,0,Chile,s,South America
B Second wave peak,CL,2018,2018,80.048248,NA,NA,NA,NA,NA,NA,CHL,CL,CHL,CHL,iso_week_date,CHL,152,Chile,Chile,Chile,CHL,0,Chile,s,South America
B Second wave peak,CL,2019,2019,80.138582,NA,NA,NA,NA,NA,NA,CHL,CL,CHL,CHL,iso_week_date,CHL,152,Chile,Chile,Chile,CHL,0,Chile,s,South America
B Second wave peak,CL,2020,2020,79.021286,80.390693,80.353855,80.424616,-1.369407,-1.436121,-1.295443,CHL,CL,CHL,CHL,iso_week_date,CHL,152,Chile,Chile,Chile,CHL,0,Chile,s,South America
B Second wave peak,CL,2021,2021,78.326734,80.582925,80.541882,80.628797,-2.256191,-2.333205,-2.178293,CHL,CL,CHL,CHL,iso_week_date,CHL,152,Chile,Chile,Chile,CHL,0,Chile,s,South America
B Second wave peak,CL,2022,2022,78.693282,80.767536,80.71032,80.824006,-2.074254,-2.160313,-1.991929,CHL,CL,CHL,CHL,iso_week_date,CHL,152,Chile,Chile,Chile,CHL,0,Chile,s,South America
B Second wave peak,CL,2023,2023,79.93785,80.94583,80.883772,81.00659,-1.007981,-1.096888,-0.930002,CHL,CL,CHL,CHL,iso_week_date,CHL,152,Chile,Chile,Chile,CHL,0,Chile,s,South America
B Second wave peak,CL,2024,2024,79.894948,81.116019,81.044225,81.187412,-1.221071,-1.30814,-1.132865,CHL,CL,CHL,CHL,iso_week_date,CHL,152,Chile,Chile,Chile,CHL,0,Chile,s,South America
B Second wave peak,CL,2020-2024,NA,79.175729,80.761119,80.716731,80.808082,-1.58539,-1.644891,-1.535099,CHL,CL,CHL,CHL,iso_week_date,CHL,152,Chile,Chile,Chile,CHL,0,Chile,s,South America
B Second wave peak,CZ,2010,2010,77.541017,NA,NA,NA,NA,NA,NA,CZE,CZ,CZE,CZE,iso_week_date,CZE,203,Czechia,Czech Republic,Tschechien,CZE,0,Czech Republic,n,Europe
B Second wave peak,CZ,2011,2011,77.844063,NA,NA,NA,NA,NA,NA,CZE,CZ,CZE,CZE,iso_week_date,CZE,203,Czechia,Czech Republic,Tschechien,CZE,0,Czech Republic,n,Europe
B Second wave peak,CZ,2012,2012,78.056521,NA,NA,NA,NA,NA,NA,CZE,CZ,CZE,CZE,iso_week_date,CZE,203,Czechia,Czech Republic,Tschechien,CZE,0,Czech Republic,n,Europe
B Second wave peak,CZ,2013,2013,78.196638,NA,NA,NA,NA,NA,NA,CZE,CZ,CZE,CZE,iso_week_date,CZE,203,Czechia,Czech Republic,Tschechien,CZE,0,Czech Republic,n,Europe
B Second wave peak,CZ,2014,2014,78.795527,NA,NA,NA,NA,NA,NA,CZE,CZ,CZE,CZE,iso_week_date,CZE,203,Czechia,Czech Republic,Tschechien,CZE,0,Czech Republic,n,Europe
B Second wave peak,CZ,2015,2015,78.524321,NA,NA,NA,NA,NA,NA,CZE,CZ,CZE,CZE,iso_week_date,CZE,203,Czechia,Czech Republic,Tschechien,CZE,0,Czech Republic,n,Europe
B Second wave peak,CZ,2016,2016,78.99517,NA,NA,NA,NA,NA,NA,CZE,CZ,CZE,CZE,iso_week_date,CZE,203,Czechia,Czech Republic,Tschechien,CZE,0,Czech Republic,n,Europe
B Second wave peak,CZ,2017,2017,78.901313,NA,NA,NA,NA,NA,NA,CZE,CZ,CZE,CZE,iso_week_date,CZE,203,Czechia,Czech Republic,Tschechien,CZE,0,Czech Republic,n,Europe
B Second wave peak,CZ,2018,2018,78.961794,NA,NA,NA,NA,NA,NA,CZE,CZ,CZE,CZE,iso_week_date,CZE,203,Czechia,Czech Republic,Tschechien,CZE,0,Czech Republic,n,Europe
B Second wave peak,CZ,2019,2019,79.226302,NA,NA,NA,NA,NA,NA,CZE,CZ,CZE,CZE,iso_week_date,CZE,203,Czechia,Czech Republic,Tschechien,CZE,0,Czech Republic,n,Europe
B Second wave peak,CZ,2020,2020,78.242284,79.488042,79.156371,79.776667,-1.245758,-1.56399,-0.90665,CZE,CZ,CZE,CZE,iso_week_date,CZE,203,Czechia,Czech Republic,Tschechien,CZE,0,Czech Republic,n,Europe
B Second wave peak,CZ,2021,2021,77.246258,79.726829,79.295091,80.129121,-2.480571,-2.899755,-2.049702,CZE,CZ,CZE,CZE,iso_week_date,CZE,203,Czechia,Czech Republic,Tschechien,CZE,0,Czech Republic,n,Europe
B Second wave peak,CZ,2022,2022,79.035168,79.920444,79.408073,80.375357,-0.885276,-1.334488,-0.374295,CZE,CZ,CZE,CZE,iso_week_date,CZE,203,Czechia,Czech Republic,Tschechien,CZE,0,Czech Republic,n,Europe
B Second wave peak,CZ,2023,2023,79.855828,80.108395,79.496107,80.688867,-0.252567,-0.84692,0.356115,CZE,CZ,CZE,CZE,iso_week_date,CZE,203,Czechia,Czech Republic,Tschechien,CZE,0,Czech Republic,n,Europe
B Second wave peak,CZ,2024,2024,80.061375,80.295343,79.648962,80.972953,-0.233967,-0.898861,0.438009,CZE,CZ,CZE,CZE,iso_week_date,CZE,203,Czechia,Czech Republic,Tschechien,CZE,0,Czech Republic,n,Europe
B Second wave peak,CZ,2020-2024,NA,78.847962,79.908522,79.485369,80.334033,-1.06056,-1.475089,-0.626413,CZE,CZ,CZE,CZE,iso_week_date,CZE,203,Czechia,Czech Republic,Tschechien,CZE,0,Czech Republic,n,Europe
C Late peak,DE,2010,2010,80.128424,NA,NA,NA,NA,NA,NA,DEU,DE,DEU,DEUTNP,iso_week_date,DEUTNP,276,Germany,Germany,Deutschland,DEU,0,Germany,n,Europe
C Late peak,DE,2011,2011,80.428835,NA,NA,NA,NA,NA,NA,DEU,DE,DEU,DEUTNP,iso_week_date,DEUTNP,276,Germany,Germany,Deutschland,DEU,0,Germany,n,Europe
C Late peak,DE,2012,2012,80.493959,NA,NA,NA,NA,NA,NA,DEU,DE,DEU,DEUTNP,iso_week_date,DEUTNP,276,Germany,Germany,Deutschland,DEU,0,Germany,n,Europe
C Late peak,DE,2013,2013,80.340236,NA,NA,NA,NA,NA,NA,DEU,DE,DEU,DEUTNP,iso_week_date,DEUTNP,276,Germany,Germany,Deutschland,DEU,0,Germany,n,Europe
C Late peak,DE,2014,2014,81.110229,NA,NA,NA,NA,NA,NA,DEU,DE,DEU,DEUTNP,iso_week_date,DEUTNP,276,Germany,Germany,Deutschland,DEU,0,Germany,n,Europe
C Late peak,DE,2015,2015,80.575643,NA,NA,NA,NA,NA,NA,DEU,DE,DEU,DEUTNP,iso_week_date,DEUTNP,276,Germany,Germany,Deutschland,DEU,0,Germany,n,Europe
C Late peak,DE,2016,2016,80.788363,NA,NA,NA,NA,NA,NA,DEU,DE,DEU,DEUTNP,iso_week_date,DEUTNP,276,Germany,Germany,Deutschland,DEU,0,Germany,n,Europe
C Late peak,DE,2017,2017,80.950695,NA,NA,NA,NA,NA,NA,DEU,DE,DEU,DEUTNP,iso_week_date,DEUTNP,276,Germany,Germany,Deutschland,DEU,0,Germany,n,Europe
C Late peak,DE,2018,2018,80.857037,NA,NA,NA,NA,NA,NA,DEU,DE,DEU,DEUTNP,iso_week_date,DEUTNP,276,Germany,Germany,Deutschland,DEU,0,Germany,n,Europe
C Late peak,DE,2019,2019,81.244008,NA,NA,NA,NA,NA,NA,DEU,DE,DEU,DEUTNP,iso_week_date,DEUTNP,276,Germany,Germany,Deutschland,DEU,0,Germany,n,Europe
C Late peak,DE,2020,2020,81.022842,81.436213,81.058583,81.78185,-0.41337,-0.754757,-0.033087,DEU,DE,DEU,DEUTNP,iso_week_date,DEUTNP,276,Germany,Germany,Deutschland,DEU,0,Germany,n,Europe
C Late peak,DE,2021,2021,80.771253,81.613171,81.12377,82.086603,-0.841917,-1.311943,-0.344372,DEU,DE,DEU,DEUTNP,iso_week_date,DEUTNP,276,Germany,Germany,Deutschland,DEU,0,Germany,n,Europe
C Late peak,DE,2022,2022,80.647626,81.758071,81.241597,82.326258,-1.110445,-1.67351,-0.597512,DEU,DE,DEU,DEUTNP,iso_week_date,DEUTNP,276,Germany,Germany,Deutschland,DEU,0,Germany,n,Europe
C Late peak,DE,2023,2023,81.181482,81.94313,81.305057,82.586863,-0.761648,-1.411812,-0.11653,DEU,DE,DEU,DEUTNP,iso_week_date,DEUTNP,276,Germany,Germany,Deutschland,DEU,0,Germany,n,Europe
C Late peak,DE,2024,2024,81.477447,82.111074,81.390588,82.854411,-0.633627,-1.372946,0.099869,DEU,DE,DEU,DEUTNP,iso_week_date,DEUTNP,276,Germany,Germany,Deutschland,DEU,0,Germany,n,Europe
C Late peak,DE,2020-2024,NA,81.019552,81.770748,81.27192,82.267177,-0.751196,-1.244967,-0.249864,DEU,DE,DEU,DEUTNP,iso_week_date,DEUTNP,276,Germany,Germany,Deutschland,DEU,0,Germany,n,Europe
C Late peak,DK,2010,2010,79.120855,NA,NA,NA,NA,NA,NA,DNK,DK,DNK,DNK,iso_week_date,DNK,208,Denmark,Denmark,Dänemark,DNK,0,Denmark,n,Europe
C Late peak,DK,2011,2011,79.793564,NA,NA,NA,NA,NA,NA,DNK,DK,DNK,DNK,iso_week_date,DNK,208,Denmark,Denmark,Dänemark,DNK,0,Denmark,n,Europe
C Late peak,DK,2012,2012,80.180917,NA,NA,NA,NA,NA,NA,DNK,DK,DNK,DNK,iso_week_date,DNK,208,Denmark,Denmark,Dänemark,DNK,0,Denmark,n,Europe
C Late peak,DK,2013,2013,80.251247,NA,NA,NA,NA,NA,NA,DNK,DK,DNK,DNK,iso_week_date,DNK,208,Denmark,Denmark,Dänemark,DNK,0,Denmark,n,Europe
C Late peak,DK,2014,2014,80.633812,NA,NA,NA,NA,NA,NA,DNK,DK,DNK,DNK,iso_week_date,DNK,208,Denmark,Denmark,Dänemark,DNK,0,Denmark,n,Europe
C Late peak,DK,2015,2015,80.863387,NA,NA,NA,NA,NA,NA,DNK,DK,DNK,DNK,iso_week_date,DNK,208,Denmark,Denmark,Dänemark,DNK,0,Denmark,n,Europe
C Late peak,DK,2016,2016,80.912668,NA,NA,NA,NA,NA,NA,DNK,DK,DNK,DNK,iso_week_date,DNK,208,Denmark,Denmark,Dänemark,DNK,0,Denmark,n,Europe
C Late peak,DK,2017,2017,80.971816,NA,NA,NA,NA,NA,NA,DNK,DK,DNK,DNK,iso_week_date,DNK,208,Denmark,Denmark,Dänemark,DNK,0,Denmark,n,Europe
C Late peak,DK,2018,2018,81.040164,NA,NA,NA,NA,NA,NA,DNK,DK,DNK,DNK,iso_week_date,DNK,208,Denmark,Denmark,Dänemark,DNK,0,Denmark,n,Europe
C Late peak,DK,2019,2019,81.405356,NA,NA,NA,NA,NA,NA,DNK,DK,DNK,DNK,iso_week_date,DNK,208,Denmark,Denmark,Dänemark,DNK,0,Denmark,n,Europe
C Late peak,DK,2020,2020,81.560128,81.593047,81.354561,81.831117,-0.032918,-0.268655,0.23096,DNK,DK,DNK,DNK,iso_week_date,DNK,208,Denmark,Denmark,Dänemark,DNK,0,Denmark,n,Europe
C Late peak,DK,2021,2021,81.503212,81.825466,81.544668,82.152436,-0.322255,-0.628985,-0.024158,DNK,DK,DNK,DNK,iso_week_date,DNK,208,Denmark,Denmark,Dänemark,DNK,0,Denmark,n,Europe
C Late peak,DK,2022,2022,81.230334,82.051448,81.686348,82.47835,-0.821114,-1.22024,-0.435912,DNK,DK,DNK,DNK,iso_week_date,DNK,208,Denmark,Denmark,Dänemark,DNK,0,Denmark,n,Europe
C Late peak,DK,2023,2023,81.68843,82.279431,81.857459,82.715801,-0.591001,-1.015073,-0.135035,DNK,DK,DNK,DNK,iso_week_date,DNK,208,Denmark,Denmark,Dänemark,DNK,0,Denmark,n,Europe
C Late peak,DK,2024,2024,82.106688,82.492115,82.006678,83.00463,-0.385427,-0.9219,0.128142,DNK,DK,DNK,DNK,iso_week_date,DNK,208,Denmark,Denmark,Dänemark,DNK,0,Denmark,n,Europe
C Late peak,DK,2020-2024,NA,81.618577,82.05005,81.7462,82.387151,-0.431473,-0.768715,-0.136487,DNK,DK,DNK,DNK,iso_week_date,DNK,208,Denmark,Denmark,Dänemark,DNK,0,Denmark,n,Europe
B Second wave peak,EE,2010,2010,75.777511,NA,NA,NA,NA,NA,NA,EST,EE,EST,EST,iso_week_date,EST,233,Estonia,Estonia,Estland,EST,0,Estonia,n,Europe
B Second wave peak,EE,2011,2011,76.314304,NA,NA,NA,NA,NA,NA,EST,EE,EST,EST,iso_week_date,EST,233,Estonia,Estonia,Estland,EST,0,Estonia,n,Europe
B Second wave peak,EE,2012,2012,76.477513,NA,NA,NA,NA,NA,NA,EST,EE,EST,EST,iso_week_date,EST,233,Estonia,Estonia,Estland,EST,0,Estonia,n,Europe
B Second wave peak,EE,2013,2013,77.293535,NA,NA,NA,NA,NA,NA,EST,EE,EST,EST,iso_week_date,EST,233,Estonia,Estonia,Estland,EST,0,Estonia,n,Europe
B Second wave peak,EE,2014,2014,77.010874,NA,NA,NA,NA,NA,NA,EST,EE,EST,EST,iso_week_date,EST,233,Estonia,Estonia,Estland,EST,0,Estonia,n,Europe
B Second wave peak,EE,2015,2015,77.601594,NA,NA,NA,NA,NA,NA,EST,EE,EST,EST,iso_week_date,EST,233,Estonia,Estonia,Estland,EST,0,Estonia,n,Europe
B Second wave peak,EE,2016,2016,77.774524,NA,NA,NA,NA,NA,NA,EST,EE,EST,EST,iso_week_date,EST,233,Estonia,Estonia,Estland,EST,0,Estonia,n,Europe
B Second wave peak,EE,2017,2017,78.261827,NA,NA,NA,NA,NA,NA,EST,EE,EST,EST,iso_week_date,EST,233,Estonia,Estonia,Estland,EST,0,Estonia,n,Europe
B Second wave peak,EE,2018,2018,78.243141,NA,NA,NA,NA,NA,NA,EST,EE,EST,EST,iso_week_date,EST,233,Estonia,Estonia,Estland,EST,0,Estonia,n,Europe
B Second wave peak,EE,2019,2019,78.913418,NA,NA,NA,NA,NA,NA,EST,EE,EST,EST,iso_week_date,EST,233,Estonia,Estonia,Estland,EST,0,Estonia,n,Europe
B Second wave peak,EE,2020,2020,78.739471,79.132082,78.73657,79.511416,-0.392611,-0.812681,0.020029,EST,EE,EST,EST,iso_week_date,EST,233,Estonia,Estonia,Estland,EST,0,Estonia,n,Europe
B Second wave peak,EE,2021,2021,77.198682,79.470345,78.854195,80.053328,-2.271663,-2.866843,-1.715995,EST,EE,EST,EST,iso_week_date,EST,233,Estonia,Estonia,Estland,EST,0,Estonia,n,Europe
B Second wave peak,EE,2022,2022,78.036117,79.763725,79.080422,80.445549,-1.727608,-2.384535,-1.0287520000000001,EST,EE,EST,EST,iso_week_date,EST,233,Estonia,Estonia,Estland,EST,0,Estonia,n,Europe
B Second wave peak,EE,2023,2023,78.944968,80.050894,79.262129,80.792773,-1.105926,-1.878157,-0.341681,EST,EE,EST,EST,iso_week_date,EST,233,Estonia,Estonia,Estland,EST,0,Estonia,n,Europe
B Second wave peak,EE,2024,2024,79.353251,80.371701,79.474625,81.150397,-1.01845,-1.815034,-0.082281000000000007,EST,EE,EST,EST,iso_week_date,EST,233,Estonia,Estonia,Estland,EST,0,Estonia,n,Europe
B Second wave peak,EE,2020-2024,NA,78.437957,79.756144,79.186235,80.310734,-1.318187,-1.891747,-0.708966,EST,EE,EST,EST,iso_week_date,EST,233,Estonia,Estonia,Estland,EST,0,Estonia,n,Europe
A First wave peak,ES,2010,2010,82.030426,NA,NA,NA,NA,NA,NA,ESP,ES,ESP,ESP,iso_week_date,ESP,724,Spain,Spain,Spanien,ESP,0,Spain,n,Europe
A First wave peak,ES,2011,2011,82.20615,NA,NA,NA,NA,NA,NA,ESP,ES,ESP,ESP,iso_week_date,ESP,724,Spain,Spain,Spanien,ESP,0,Spain,n,Europe
A First wave peak,ES,2012,2012,82.225388,NA,NA,NA,NA,NA,NA,ESP,ES,ESP,ESP,iso_week_date,ESP,724,Spain,Spain,Spanien,ESP,0,Spain,n,Europe
A First wave peak,ES,2013,2013,82.726421,NA,NA,NA,NA,NA,NA,ESP,ES,ESP,ESP,iso_week_date,ESP,724,Spain,Spain,Spanien,ESP,0,Spain,n,Europe
A First wave peak,ES,2014,2014,82.877797,NA,NA,NA,NA,NA,NA,ESP,ES,ESP,ESP,iso_week_date,ESP,724,Spain,Spain,Spanien,ESP,0,Spain,n,Europe
A First wave peak,ES,2015,2015,82.570981,NA,NA,NA,NA,NA,NA,ESP,ES,ESP,ESP,iso_week_date,ESP,724,Spain,Spain,Spanien,ESP,0,Spain,n,Europe
A First wave peak,ES,2016,2016,83.018783,NA,NA,NA,NA,NA,NA,ESP,ES,ESP,ESP,iso_week_date,ESP,724,Spain,Spain,Spanien,ESP,0,Spain,n,Europe
A First wave peak,ES,2017,2017,82.990308,NA,NA,NA,NA,NA,NA,ESP,ES,ESP,ESP,iso_week_date,ESP,724,Spain,Spain,Spanien,ESP,0,Spain,n,Europe
A First wave peak,ES,2018,2018,83.069581,NA,NA,NA,NA,NA,NA,ESP,ES,ESP,ESP,iso_week_date,ESP,724,Spain,Spain,Spanien,ESP,0,Spain,n,Europe
A First wave peak,ES,2019,2019,83.482939,NA,NA,NA,NA,NA,NA,ESP,ES,ESP,ESP,iso_week_date,ESP,724,Spain,Spain,Spanien,ESP,0,Spain,n,Europe
A First wave peak,ES,2020,2020,82.299569,83.733766,83.426974,84.016261,-1.434198,-1.712747,-1.122438,ESP,ES,ESP,ESP,iso_week_date,ESP,724,Spain,Spain,Spanien,ESP,0,Spain,n,Europe
A First wave peak,ES,2021,2021,83.003064,83.930573,83.486824,84.356309,-0.927509,-1.355941,-0.465388,ESP,ES,ESP,ESP,iso_week_date,ESP,724,Spain,Spain,Spanien,ESP,0,Spain,n,Europe
A First wave peak,ES,2022,2022,83.058739,84.124314,83.625148,84.612501,-1.065575,-1.574004,-0.574446,ESP,ES,ESP,ESP,iso_week_date,ESP,724,Spain,Spain,Spanien,ESP,0,Spain,n,Europe
A First wave peak,ES,2023,2023,83.733885,84.296157,83.687931,84.860739,-0.562272,-1.127961,0.06731,ESP,ES,ESP,ESP,iso_week_date,ESP,724,Spain,Spain,Spanien,ESP,0,Spain,n,Europe
A First wave peak,ES,2024,2024,83.905586,84.470575,83.839959,85.100196,-0.564988,-1.204063,0.059625,ESP,ES,ESP,ESP,iso_week_date,ESP,724,Spain,Spain,Spanien,ESP,0,Spain,n,Europe
A First wave peak,ES,2020-2024,NA,83.186672,84.110956,83.660088,84.547686,-0.924284,-1.361842,-0.475127,ESP,ES,ESP,ESP,iso_week_date,ESP,724,Spain,Spain,Spanien,ESP,0,Spain,n,Europe
C Late peak,FI,2010,2010,79.971109,NA,NA,NA,NA,NA,NA,FIN,FI,FIN,FIN,iso_week_date,FIN,246,Finland,Finland,Finnland,FIN,0,Finland,n,Europe
C Late peak,FI,2011,2011,80.414878,NA,NA,NA,NA,NA,NA,FIN,FI,FIN,FIN,iso_week_date,FIN,246,Finland,Finland,Finnland,FIN,0,Finland,n,Europe
C Late peak,FI,2012,2012,80.561983,NA,NA,NA,NA,NA,NA,FIN,FI,FIN,FIN,iso_week_date,FIN,246,Finland,Finland,Finnland,FIN,0,Finland,n,Europe
C Late peak,FI,2013,2013,80.894047,NA,NA,NA,NA,NA,NA,FIN,FI,FIN,FIN,iso_week_date,FIN,246,Finland,Finland,Finnland,FIN,0,Finland,n,Europe
C Late peak,FI,2014,2014,80.968231,NA,NA,NA,NA,NA,NA,FIN,FI,FIN,FIN,iso_week_date,FIN,246,Finland,Finland,Finnland,FIN,0,Finland,n,Europe
C Late peak,FI,2015,2015,81.372055,NA,NA,NA,NA,NA,NA,FIN,FI,FIN,FIN,iso_week_date,FIN,246,Finland,Finland,Finnland,FIN,0,Finland,n,Europe
C Late peak,FI,2016,2016,81.327038,NA,NA,NA,NA,NA,NA,FIN,FI,FIN,FIN,iso_week_date,FIN,246,Finland,Finland,Finnland,FIN,0,Finland,n,Europe
C Late peak,FI,2017,2017,81.542143,NA,NA,NA,NA,NA,NA,FIN,FI,FIN,FIN,iso_week_date,FIN,246,Finland,Finland,Finnland,FIN,0,Finland,n,Europe
C Late peak,FI,2018,2018,81.667999,NA,NA,NA,NA,NA,NA,FIN,FI,FIN,FIN,iso_week_date,FIN,246,Finland,Finland,Finnland,FIN,0,Finland,n,Europe
C Late peak,FI,2019,2019,81.900681,NA,NA,NA,NA,NA,NA,FIN,FI,FIN,FIN,iso_week_date,FIN,246,Finland,Finland,Finnland,FIN,0,Finland,n,Europe
C Late peak,FI,2020,2020,81.875356,82.102167,81.907589,82.295627,-0.226811,-0.443717,-0.019756,FIN,FI,FIN,FIN,iso_week_date,FIN,246,Finland,Finland,Finnland,FIN,0,Finland,n,Europe
C Late peak,FI,2021,2021,81.761182,82.313724,82.079001,82.580021,-0.552542,-0.816969,-0.301222,FIN,FI,FIN,FIN,iso_week_date,FIN,246,Finland,Finland,Finnland,FIN,0,Finland,n,Europe
C Late peak,FI,2022,2022,81.221212,82.525866,82.195004,82.859004,-1.304654,-1.637796,-0.951765,FIN,FI,FIN,FIN,iso_week_date,FIN,246,Finland,Finland,Finnland,FIN,0,Finland,n,Europe
C Late peak,FI,2023,2023,81.648166,82.741518,82.382859,83.102205,-1.093352,-1.472276,-0.711881,FIN,FI,FIN,FIN,iso_week_date,FIN,246,Finland,Finland,Finnland,FIN,0,Finland,n,Europe
C Late peak,FI,2024,2024,82.271947,82.941946,82.50815,83.386574,-0.669999,-1.102137,-0.271485,FIN,FI,FIN,FIN,iso_week_date,FIN,246,Finland,Finland,Finnland,FIN,0,Finland,n,Europe
C Late peak,FI,2020-2024,NA,81.746918,82.527136,82.264655,82.802919,-0.780218,-1.06917,-0.519018,FIN,FI,FIN,FIN,iso_week_date,FIN,246,Finland,Finland,Finnland,FIN,0,Finland,n,Europe
D Prolonged depression,FR,2010,2010,81.398469,NA,NA,NA,NA,NA,NA,FRA,FR,FRA,FRATNP,iso_week_date,FRATNP,250,France,France,Frankreich,FRA,0,France,n,Europe
D Prolonged depression,FR,2011,2011,81.808408,NA,NA,NA,NA,NA,NA,FRA,FR,FRA,FRATNP,iso_week_date,FRATNP,250,France,France,Frankreich,FRA,0,France,n,Europe
D Prolonged depression,FR,2012,2012,81.783659,NA,NA,NA,NA,NA,NA,FRA,FR,FRA,FRATNP,iso_week_date,FRATNP,250,France,France,Frankreich,FRA,0,France,n,Europe
D Prolonged depression,FR,2013,2013,81.922594,NA,NA,NA,NA,NA,NA,FRA,FR,FRA,FRATNP,iso_week_date,FRATNP,250,France,France,Frankreich,FRA,0,France,n,Europe
D Prolonged depression,FR,2014,2014,82.402033,NA,NA,NA,NA,NA,NA,FRA,FR,FRA,FRATNP,iso_week_date,FRATNP,250,France,France,Frankreich,FRA,0,France,n,Europe
D Prolonged depression,FR,2015,2015,82.233143,NA,NA,NA,NA,NA,NA,FRA,FR,FRA,FRATNP,iso_week_date,FRATNP,250,France,France,Frankreich,FRA,0,France,n,Europe
D Prolonged depression,FR,2016,2016,82.506449,NA,NA,NA,NA,NA,NA,FRA,FR,FRA,FRATNP,iso_week_date,FRATNP,250,France,France,Frankreich,FRA,0,France,n,Europe
D Prolonged depression,FR,2017,2017,82.54532,NA,NA,NA,NA,NA,NA,FRA,FR,FRA,FRATNP,iso_week_date,FRATNP,250,France,France,Frankreich,FRA,0,France,n,Europe
D Prolonged depression,FR,2018,2018,82.64611,NA,NA,NA,NA,NA,NA,FRA,FR,FRA,FRATNP,iso_week_date,FRATNP,250,France,France,Frankreich,FRA,0,France,n,Europe
D Prolonged depression,FR,2019,2019,82.816709,NA,NA,NA,NA,NA,NA,FRA,FR,FRA,FRATNP,iso_week_date,FRATNP,250,France,France,Frankreich,FRA,0,France,n,Europe
D Prolonged depression,FR,2020,2020,82.263622,83.00697,82.676582,83.330409,-0.743348,-1.071812,-0.422399,FRA,FR,FRA,FRATNP,iso_week_date,FRATNP,250,France,France,Frankreich,FRA,0,France,n,Europe
D Prolonged depression,FR,2021,2021,82.319958,83.198803,82.73895,83.654326,-0.878845,-1.336604,-0.419181,FRA,FR,FRA,FRATNP,iso_week_date,FRATNP,250,France,France,Frankreich,FRA,0,France,n,Europe
D Prolonged depression,FR,2022,2022,82.299549,83.391176,82.853542,83.956184,-1.091627,-1.633272,-0.563789,FRA,FR,FRA,FRATNP,iso_week_date,FRATNP,250,France,France,Frankreich,FRA,0,France,n,Europe
D Prolonged depression,FR,2023,2023,82.904103,83.557102,82.901352,84.233928,-0.652999,-1.324201,-0.01092,FRA,FR,FRA,FRATNP,iso_week_date,FRATNP,250,France,France,Frankreich,FRA,0,France,n,Europe
D Prolonged depression,FR,2024,2024,83.08212,83.729563,83.043567,84.432028,-0.647442,-1.354808,0.050179,FRA,FR,FRA,FRATNP,iso_week_date,FRATNP,250,France,France,Frankreich,FRA,0,France,n,Europe
D Prolonged depression,FR,2020-2024,NA,82.570304,83.376435,82.878249,83.855862,-0.806131,-1.27959,-0.306491,FRA,FR,FRA,FRATNP,iso_week_date,FRATNP,250,France,France,Frankreich,FRA,0,France,n,Europe
A First wave peak,GB-EAW,2010,2010,80.683224,NA,NA,NA,NA,NA,NA,GBR-EAW,GB,GBR,GBRTENW,iso_week_date,GBRTENW,.,England and Wales,England and Wales,England und Wales,EAW,1,Great Britain,n,Europe
A First wave peak,GB-EAW,2011,2011,81.068618,NA,NA,NA,NA,NA,NA,GBR-EAW,GB,GBR,GBRTENW,iso_week_date,GBRTENW,.,England and Wales,England and Wales,England und Wales,EAW,1,Great Britain,n,Europe
A First wave peak,GB-EAW,2012,2012,80.932525,NA,NA,NA,NA,NA,NA,GBR-EAW,GB,GBR,GBRTENW,iso_week_date,GBRTENW,.,England and Wales,England and Wales,England und Wales,EAW,1,Great Britain,n,Europe
A First wave peak,GB-EAW,2013,2013,81.011993,NA,NA,NA,NA,NA,NA,GBR-EAW,GB,GBR,GBRTENW,iso_week_date,GBRTENW,.,England and Wales,England and Wales,England und Wales,EAW,1,Great Britain,n,Europe
A First wave peak,GB-EAW,2014,2014,81.546948,NA,NA,NA,NA,NA,NA,GBR-EAW,GB,GBR,GBRTENW,iso_week_date,GBRTENW,.,England and Wales,England and Wales,England und Wales,EAW,1,Great Britain,n,Europe
A First wave peak,GB-EAW,2015,2015,81.143374,NA,NA,NA,NA,NA,NA,GBR-EAW,GB,GBR,GBRTENW,iso_week_date,GBRTENW,.,England and Wales,England and Wales,England und Wales,EAW,1,Great Britain,n,Europe
A First wave peak,GB-EAW,2016,2016,80.962779,NA,NA,NA,NA,NA,NA,GBR-EAW,GB,GBR,GBRTENW,iso_week_date,GBRTENW,.,England and Wales,England and Wales,England und Wales,EAW,1,Great Britain,n,Europe
A First wave peak,GB-EAW,2017,2017,81.318926,NA,NA,NA,NA,NA,NA,GBR-EAW,GB,GBR,GBRTENW,iso_week_date,GBRTENW,.,England and Wales,England and Wales,England und Wales,EAW,1,Great Britain,n,Europe
A First wave peak,GB-EAW,2018,2018,81.396565,NA,NA,NA,NA,NA,NA,GBR-EAW,GB,GBR,GBRTENW,iso_week_date,GBRTENW,.,England and Wales,England and Wales,England und Wales,EAW,1,Great Britain,n,Europe
A First wave peak,GB-EAW,2019,2019,81.612237,NA,NA,NA,NA,NA,NA,GBR-EAW,GB,GBR,GBRTENW,iso_week_date,GBRTENW,.,England and Wales,England and Wales,England und Wales,EAW,1,Great Britain,n,Europe
A First wave peak,GB-EAW,2020,2020,80.585235,81.783301,81.467108,82.156831,-1.198067,-1.594864,-0.868872,GBR-EAW,GB,GBR,GBRTENW,iso_week_date,GBRTENW,.,England and Wales,England and Wales,England und Wales,EAW,1,Great Britain,n,Europe
A First wave peak,GB-EAW,2021,2021,80.711397,81.881365,81.391364,82.452674,-1.169968,-1.732635,-0.686089,GBR-EAW,GB,GBR,GBRTENW,iso_week_date,GBRTENW,.,England and Wales,England and Wales,England und Wales,EAW,1,Great Britain,n,Europe
A First wave peak,GB-EAW,2022,2022,81.124047,81.983581,81.337779,82.637884,-0.859535,-1.529959,-0.216209,GBR-EAW,GB,GBR,GBRTENW,iso_week_date,GBRTENW,.,England and Wales,England and Wales,England und Wales,EAW,1,Great Britain,n,Europe
A First wave peak,GB-EAW,2023,2023,81.211081,82.057406,81.268988,82.769473,-0.846324,-1.564214,-0.071701,GBR-EAW,GB,GBR,GBRTENW,iso_week_date,GBRTENW,.,England and Wales,England and Wales,England und Wales,EAW,1,Great Britain,n,Europe
A First wave peak,GB-EAW,2024,2024,81.715952,82.136208,81.281128,82.964508,-0.420256,-1.248009,0.427445,GBR-EAW,GB,GBR,GBRTENW,iso_week_date,GBRTENW,.,England and Wales,England and Wales,England und Wales,EAW,1,Great Britain,n,Europe
A First wave peak,GB-EAW,2020-2024,NA,81.068911,81.967371,81.406997,82.518502,-0.89846,-1.450868,-0.342588,GBR-EAW,GB,GBR,GBRTENW,iso_week_date,GBRTENW,.,England and Wales,England and Wales,England und Wales,EAW,1,Great Britain,n,Europe
D Prolonged depression,GB-NIR,2010,2010,NA,NA,NA,NA,NA,NA,NA,GBR-NIR,GB,GBR,GBR_NIR,iso_week_date,GBR_NIR,.,Northern Ireland,Northern Ireland,Nordirland,NIR,1,Great Britain,n,Europe
D Prolonged depression,GB-NIR,2011,2011,NA,NA,NA,NA,NA,NA,NA,GBR-NIR,GB,GBR,GBR_NIR,iso_week_date,GBR_NIR,.,Northern Ireland,Northern Ireland,Nordirland,NIR,1,Great Britain,n,Europe
D Prolonged depression,GB-NIR,2012,2012,NA,NA,NA,NA,NA,NA,NA,GBR-NIR,GB,GBR,GBR_NIR,iso_week_date,GBR_NIR,.,Northern Ireland,Northern Ireland,Nordirland,NIR,1,Great Britain,n,Europe
D Prolonged depression,GB-NIR,2013,2013,NA,NA,NA,NA,NA,NA,NA,GBR-NIR,GB,GBR,GBR_NIR,iso_week_date,GBR_NIR,.,Northern Ireland,Northern Ireland,Nordirland,NIR,1,Great Britain,n,Europe
D Prolonged depression,GB-NIR,2014,2014,NA,NA,NA,NA,NA,NA,NA,GBR-NIR,GB,GBR,GBR_NIR,iso_week_date,GBR_NIR,.,Northern Ireland,Northern Ireland,Nordirland,NIR,1,Great Britain,n,Europe
D Prolonged depression,GB-NIR,2015,2015,80.295677,NA,NA,NA,NA,NA,NA,GBR-NIR,GB,GBR,GBR_NIR,iso_week_date,GBR_NIR,.,Northern Ireland,Northern Ireland,Nordirland,NIR,1,Great Britain,n,Europe
D Prolonged depression,GB-NIR,2016,2016,80.587069,NA,NA,NA,NA,NA,NA,GBR-NIR,GB,GBR,GBR_NIR,iso_week_date,GBR_NIR,.,Northern Ireland,Northern Ireland,Nordirland,NIR,1,Great Britain,n,Europe
D Prolonged depression,GB-NIR,2017,2017,80.557371,NA,NA,NA,NA,NA,NA,GBR-NIR,GB,GBR,GBR_NIR,iso_week_date,GBR_NIR,.,Northern Ireland,Northern Ireland,Nordirland,NIR,1,Great Britain,n,Europe
D Prolonged depression,GB-NIR,2018,2018,80.878019,NA,NA,NA,NA,NA,NA,GBR-NIR,GB,GBR,GBR_NIR,iso_week_date,GBR_NIR,.,Northern Ireland,Northern Ireland,Nordirland,NIR,1,Great Britain,n,Europe
D Prolonged depression,GB-NIR,2019,2019,81.073332,NA,NA,NA,NA,NA,NA,GBR-NIR,GB,GBR,GBR_NIR,iso_week_date,GBR_NIR,.,Northern Ireland,Northern Ireland,Nordirland,NIR,1,Great Britain,n,Europe
D Prolonged depression,GB-NIR,2020,2020,80.135063,81.290723,81.030864,81.524604,-1.15566,-1.437462,-0.883822,GBR-NIR,GB,GBR,GBR_NIR,iso_week_date,GBR_NIR,.,Northern Ireland,Northern Ireland,Nordirland,NIR,1,Great Britain,n,Europe
D Prolonged depression,GB-NIR,2021,2021,80.021032,81.467358,81.17487,81.798572,-1.446326,-1.795127,-1.124958,GBR-NIR,GB,GBR,GBR_NIR,iso_week_date,GBR_NIR,.,Northern Ireland,Northern Ireland,Nordirland,NIR,1,Great Britain,n,Europe
D Prolonged depression,GB-NIR,2022,2022,80.589138,81.634527,81.286699,82.024262,-1.045388,-1.424271,-0.674341,GBR-NIR,GB,GBR,GBR_NIR,iso_week_date,GBR_NIR,.,Northern Ireland,Northern Ireland,Nordirland,NIR,1,Great Britain,n,Europe
D Prolonged depression,GB-NIR,2023,2023,80.835087,81.804808,81.400953,82.255785,-0.969721,-1.466336,-0.537517,GBR-NIR,GB,GBR,GBR_NIR,iso_week_date,GBR_NIR,.,Northern Ireland,Northern Ireland,Nordirland,NIR,1,Great Britain,n,Europe
D Prolonged depression,GB-NIR,2024,2024,80.267842,81.962674,81.493029,82.454882,-1.694833,-2.172176,-1.211104,GBR-NIR,GB,GBR,GBR_NIR,iso_week_date,GBR_NIR,.,Northern Ireland,Northern Ireland,Nordirland,NIR,1,Great Britain,n,Europe
D Prolonged depression,GB-NIR,2020-2024,NA,80.369746,81.633734,81.318264,81.97352,-1.263988,-1.584761,-0.950439,GBR-NIR,GB,GBR,GBR_NIR,iso_week_date,GBR_NIR,.,Northern Ireland,Northern Ireland,Nordirland,NIR,1,Great Britain,n,Europe
A First wave peak,GB-SCT,2010,2010,78.40472,NA,NA,NA,NA,NA,NA,GBR-SCT,GB,GBR,GBR_SCO,iso_week_date,GBR_SCO,.,Scotland,Scotland,Schottland,SCT,1,Great Britain,n,Europe
A First wave peak,GB-SCT,2011,2011,78.706012,NA,NA,NA,NA,NA,NA,GBR-SCT,GB,GBR,GBR_SCO,iso_week_date,GBR_SCO,.,Scotland,Scotland,Schottland,SCT,1,Great Britain,n,Europe
A First wave peak,GB-SCT,2012,2012,78.876272,NA,NA,NA,NA,NA,NA,GBR-SCT,GB,GBR,GBR_SCO,iso_week_date,GBR_SCO,.,Scotland,Scotland,Schottland,SCT,1,Great Britain,n,Europe
A First wave peak,GB-SCT,2013,2013,79.08776,NA,NA,NA,NA,NA,NA,GBR-SCT,GB,GBR,GBR_SCO,iso_week_date,GBR_SCO,.,Scotland,Scotland,Schottland,SCT,1,Great Britain,n,Europe
A First wave peak,GB-SCT,2014,2014,79.413294,NA,NA,NA,NA,NA,NA,GBR-SCT,GB,GBR,GBR_SCO,iso_week_date,GBR_SCO,.,Scotland,Scotland,Schottland,SCT,1,Great Britain,n,Europe
A First wave peak,GB-SCT,2015,2015,78.966398,NA,NA,NA,NA,NA,NA,GBR-SCT,GB,GBR,GBR_SCO,iso_week_date,GBR_SCO,.,Scotland,Scotland,Schottland,SCT,1,Great Britain,n,Europe
A First wave peak,GB-SCT,2016,2016,79.008233,NA,NA,NA,NA,NA,NA,GBR-SCT,GB,GBR,GBR_SCO,iso_week_date,GBR_SCO,.,Scotland,Scotland,Schottland,SCT,1,Great Britain,n,Europe
A First wave peak,GB-SCT,2017,2017,79.128958,NA,NA,NA,NA,NA,NA,GBR-SCT,GB,GBR,GBR_SCO,iso_week_date,GBR_SCO,.,Scotland,Scotland,Schottland,SCT,1,Great Britain,n,Europe
A First wave peak,GB-SCT,2018,2018,79.096614,NA,NA,NA,NA,NA,NA,GBR-SCT,GB,GBR,GBR_SCO,iso_week_date,GBR_SCO,.,Scotland,Scotland,Schottland,SCT,1,Great Britain,n,Europe
A First wave peak,GB-SCT,2019,2019,79.3513,NA,NA,NA,NA,NA,NA,GBR-SCT,GB,GBR,GBR_SCO,iso_week_date,GBR_SCO,.,Scotland,Scotland,Schottland,SCT,1,Great Britain,n,Europe
A First wave peak,GB-SCT,2020,2020,78.416254,79.495217,79.277089,79.690516,-1.078963,-1.289,-0.83896,GBR-SCT,GB,GBR,GBR_SCO,iso_week_date,GBR_SCO,.,Scotland,Scotland,Schottland,SCT,1,Great Britain,n,Europe
A First wave peak,GB-SCT,2021,2021,78.450957,79.560143,79.235449,79.831053,-1.109186,-1.367191,-0.798126,GBR-SCT,GB,GBR,GBR_SCO,iso_week_date,GBR_SCO,.,Scotland,Scotland,Schottland,SCT,1,Great Britain,n,Europe
A First wave peak,GB-SCT,2022,2022,79.088695,79.627246,79.270476,79.941584,-0.538551,-0.860882,-0.152997,GBR-SCT,GB,GBR,GBR_SCO,iso_week_date,GBR_SCO,.,Scotland,Scotland,Schottland,SCT,1,Great Britain,n,Europe
A First wave peak,GB-SCT,2023,2023,79.214127,79.696839,79.267932,80.039024,-0.482712,-0.838129,-0.031043,GBR-SCT,GB,GBR,GBR_SCO,iso_week_date,GBR_SCO,.,Scotland,Scotland,Schottland,SCT,1,Great Britain,n,Europe
A First wave peak,GB-SCT,2024,2024,79.855958,79.758395,79.35032,80.127573,0.097563,-0.272628,0.444063,GBR-SCT,GB,GBR,GBR_SCO,iso_week_date,GBR_SCO,.,Scotland,Scotland,Schottland,SCT,1,Great Britain,n,Europe
A First wave peak,GB-SCT,2020-2024,NA,79.006271,79.627692,79.295935,79.894096,-0.621422,-0.886246,-0.272949,GBR-SCT,GB,GBR,GBR_SCO,iso_week_date,GBR_SCO,.,Scotland,Scotland,Schottland,SCT,1,Great Britain,n,Europe
B Second wave peak,GR,2010,2010,NA,NA,NA,NA,NA,NA,NA,GRC,GR,GRC,GRC,iso_week_date,GRC,300,Greece,Greece,Griechenland,GRC,0,Greece,n,Europe
B Second wave peak,GR,2011,2011,NA,NA,NA,NA,NA,NA,NA,GRC,GR,GRC,GRC,iso_week_date,GRC,300,Greece,Greece,Griechenland,GRC,0,Greece,n,Europe
B Second wave peak,GR,2012,2012,NA,NA,NA,NA,NA,NA,NA,GRC,GR,GRC,GRC,iso_week_date,GRC,300,Greece,Greece,Griechenland,GRC,0,Greece,n,Europe
B Second wave peak,GR,2013,2013,NA,NA,NA,NA,NA,NA,NA,GRC,GR,GRC,GRC,iso_week_date,GRC,300,Greece,Greece,Griechenland,GRC,0,Greece,n,Europe
B Second wave peak,GR,2014,2014,NA,NA,NA,NA,NA,NA,NA,GRC,GR,GRC,GRC,iso_week_date,GRC,300,Greece,Greece,Griechenland,GRC,0,Greece,n,Europe
B Second wave peak,GR,2015,2015,80.952688,NA,NA,NA,NA,NA,NA,GRC,GR,GRC,GRC,iso_week_date,GRC,300,Greece,Greece,Griechenland,GRC,0,Greece,n,Europe
B Second wave peak,GR,2016,2016,81.300136,NA,NA,NA,NA,NA,NA,GRC,GR,GRC,GRC,iso_week_date,GRC,300,Greece,Greece,Griechenland,GRC,0,Greece,n,Europe
B Second wave peak,GR,2017,2017,81.230375,NA,NA,NA,NA,NA,NA,GRC,GR,GRC,GRC,iso_week_date,GRC,300,Greece,Greece,Griechenland,GRC,0,Greece,n,Europe
B Second wave peak,GR,2018,2018,81.666877,NA,NA,NA,NA,NA,NA,GRC,GR,GRC,GRC,iso_week_date,GRC,300,Greece,Greece,Griechenland,GRC,0,Greece,n,Europe
B Second wave peak,GR,2019,2019,81.523666,NA,NA,NA,NA,NA,NA,GRC,GR,GRC,GRC,iso_week_date,GRC,300,Greece,Greece,Griechenland,GRC,0,Greece,n,Europe
B Second wave peak,GR,2020,2020,81.303035,81.659997,81.282894,82.054438,-0.356962,-0.761627,0.031318,GRC,GR,GRC,GRC,iso_week_date,GRC,300,Greece,Greece,Griechenland,GRC,0,Greece,n,Europe
B Second wave peak,GR,2021,2021,80.212155,81.81311,81.265293,82.351754,-1.600954,-2.150958,-1.058681,GRC,GR,GRC,GRC,iso_week_date,GRC,300,Greece,Greece,Griechenland,GRC,0,Greece,n,Europe
B Second wave peak,GR,2022,2022,80.812841,81.941081,81.235834,82.595727,-1.12824,-1.801249,-0.409447,GRC,GR,GRC,GRC,iso_week_date,GRC,300,Greece,Greece,Griechenland,GRC,0,Greece,n,Europe
B Second wave peak,GR,2023,2023,81.544901,82.06712,81.350368,82.769809,-0.522219,-1.228329,0.208628,GRC,GR,GRC,GRC,iso_week_date,GRC,300,Greece,Greece,Griechenland,GRC,0,Greece,n,Europe
B Second wave peak,GR,2024,2024,81.563569,82.20143,81.38416,82.942513,-0.637862,-1.407742,0.179686,GRC,GR,GRC,GRC,iso_week_date,GRC,300,Greece,Greece,Griechenland,GRC,0,Greece,n,Europe
B Second wave peak,GR,2020-2024,NA,81.074837,81.930497,81.338915,82.457832,-0.855661,-1.395046,-0.272933,GRC,GR,GRC,GRC,iso_week_date,GRC,300,Greece,Greece,Griechenland,GRC,0,Greece,n,Europe
B Second wave peak,HR,2010,2010,76.574718,NA,NA,NA,NA,NA,NA,HRV,HR,HRV,HRV,iso_week_date,HRV,191,Croatia,Croatia,Kroatien,HRV,0,Croatia,n,Europe
B Second wave peak,HR,2011,2011,77.073914,NA,NA,NA,NA,NA,NA,HRV,HR,HRV,HRV,iso_week_date,HRV,191,Croatia,Croatia,Kroatien,HRV,0,Croatia,n,Europe
B Second wave peak,HR,2012,2012,77.260548,NA,NA,NA,NA,NA,NA,HRV,HR,HRV,HRV,iso_week_date,HRV,191,Croatia,Croatia,Kroatien,HRV,0,Croatia,n,Europe
B Second wave peak,HR,2013,2013,77.666512,NA,NA,NA,NA,NA,NA,HRV,HR,HRV,HRV,iso_week_date,HRV,191,Croatia,Croatia,Kroatien,HRV,0,Croatia,n,Europe
B Second wave peak,HR,2014,2014,77.806549,NA,NA,NA,NA,NA,NA,HRV,HR,HRV,HRV,iso_week_date,HRV,191,Croatia,Croatia,Kroatien,HRV,0,Croatia,n,Europe
B Second wave peak,HR,2015,2015,77.403238,NA,NA,NA,NA,NA,NA,HRV,HR,HRV,HRV,iso_week_date,HRV,191,Croatia,Croatia,Kroatien,HRV,0,Croatia,n,Europe
B Second wave peak,HR,2016,2016,78.120524,NA,NA,NA,NA,NA,NA,HRV,HR,HRV,HRV,iso_week_date,HRV,191,Croatia,Croatia,Kroatien,HRV,0,Croatia,n,Europe
B Second wave peak,HR,2017,2017,77.890576,NA,NA,NA,NA,NA,NA,HRV,HR,HRV,HRV,iso_week_date,HRV,191,Croatia,Croatia,Kroatien,HRV,0,Croatia,n,Europe
B Second wave peak,HR,2018,2018,78.094305,NA,NA,NA,NA,NA,NA,HRV,HR,HRV,HRV,iso_week_date,HRV,191,Croatia,Croatia,Kroatien,HRV,0,Croatia,n,Europe
B Second wave peak,HR,2019,2019,78.419265,NA,NA,NA,NA,NA,NA,HRV,HR,HRV,HRV,iso_week_date,HRV,191,Croatia,Croatia,Kroatien,HRV,0,Croatia,n,Europe
B Second wave peak,HR,2020,2020,77.730766,78.695934,78.274856,79.096184,-0.965168,-1.372061,-0.551283,HRV,HR,HRV,HRV,iso_week_date,HRV,191,Croatia,Croatia,Kroatien,HRV,0,Croatia,n,Europe
B Second wave peak,HR,2021,2021,76.835469,78.884265,78.346786,79.444394,-2.048796,-2.586239,-1.444378,HRV,HR,HRV,HRV,iso_week_date,HRV,191,Croatia,Croatia,Kroatien,HRV,0,Croatia,n,Europe
B Second wave peak,HR,2022,2022,78.059001,79.094016,78.471876,79.724333,-1.035015,-1.692071,-0.372504,HRV,HR,HRV,HRV,iso_week_date,HRV,191,Croatia,Croatia,Kroatien,HRV,0,Croatia,n,Europe
B Second wave peak,HR,2023,2023,79.052845,79.329563,78.563738,80.083684,-0.276717,-1.047908,0.47918,HRV,HR,HRV,HRV,iso_week_date,HRV,191,Croatia,Croatia,Kroatien,HRV,0,Croatia,n,Europe
B Second wave peak,HR,2024,2024,79.324227,79.523174,78.639051,80.346621,-0.198948,-1.051522,0.673449,HRV,HR,HRV,HRV,iso_week_date,HRV,191,Croatia,Croatia,Kroatien,HRV,0,Croatia,n,Europe
B Second wave peak,HR,2020-2024,NA,78.158937,79.10034,78.553737,79.672238,-0.941403,-1.518775,-0.371982,HRV,HR,HRV,HRV,iso_week_date,HRV,191,Croatia,Croatia,Kroatien,HRV,0,Croatia,n,Europe
B Second wave peak,HU,2010,2010,74.548564,NA,NA,NA,NA,NA,NA,HUN,HU,HUN,HUN,iso_week_date,HUN,348,Hungary,Hungary,Ungarn,HUN,0,Hungary,n,Europe
B Second wave peak,HU,2011,2011,74.969414,NA,NA,NA,NA,NA,NA,HUN,HU,HUN,HUN,iso_week_date,HUN,348,Hungary,Hungary,Ungarn,HUN,0,Hungary,n,Europe
B Second wave peak,HU,2012,2012,75.180754,NA,NA,NA,NA,NA,NA,HUN,HU,HUN,HUN,iso_week_date,HUN,348,Hungary,Hungary,Ungarn,HUN,0,Hungary,n,Europe
B Second wave peak,HU,2013,2013,75.650003,NA,NA,NA,NA,NA,NA,HUN,HU,HUN,HUN,iso_week_date,HUN,348,Hungary,Hungary,Ungarn,HUN,0,Hungary,n,Europe
B Second wave peak,HU,2014,2014,75.851064,NA,NA,NA,NA,NA,NA,HUN,HU,HUN,HUN,iso_week_date,HUN,348,Hungary,Hungary,Ungarn,HUN,0,Hungary,n,Europe
B Second wave peak,HU,2015,2015,75.630493,NA,NA,NA,NA,NA,NA,HUN,HU,HUN,HUN,iso_week_date,HUN,348,Hungary,Hungary,Ungarn,HUN,0,Hungary,n,Europe
B Second wave peak,HU,2016,2016,76.180684,NA,NA,NA,NA,NA,NA,HUN,HU,HUN,HUN,iso_week_date,HUN,348,Hungary,Hungary,Ungarn,HUN,0,Hungary,n,Europe
B Second wave peak,HU,2017,2017,75.980967,NA,NA,NA,NA,NA,NA,HUN,HU,HUN,HUN,iso_week_date,HUN,348,Hungary,Hungary,Ungarn,HUN,0,Hungary,n,Europe
B Second wave peak,HU,2018,2018,76.178204,NA,NA,NA,NA,NA,NA,HUN,HU,HUN,HUN,iso_week_date,HUN,348,Hungary,Hungary,Ungarn,HUN,0,Hungary,n,Europe
B Second wave peak,HU,2019,2019,76.512148,NA,NA,NA,NA,NA,NA,HUN,HU,HUN,HUN,iso_week_date,HUN,348,Hungary,Hungary,Ungarn,HUN,0,Hungary,n,Europe
B Second wave peak,HU,2020,2020,75.757223,76.673693,76.360687,76.944304,-0.91647,-1.198715,-0.604557,HUN,HU,HUN,HUN,iso_week_date,HUN,348,Hungary,Hungary,Ungarn,HUN,0,Hungary,n,Europe
B Second wave peak,HU,2021,2021,74.166493,76.891175,76.486696,77.264236,-2.724682,-3.100365,-2.300257,HUN,HU,HUN,HUN,iso_week_date,HUN,348,Hungary,Hungary,Ungarn,HUN,0,Hungary,n,Europe
B Second wave peak,HU,2022,2022,75.937433,77.067082,76.589794,77.486402,-1.129649,-1.549108,-0.675071,HUN,HU,HUN,HUN,iso_week_date,HUN,348,Hungary,Hungary,Ungarn,HUN,0,Hungary,n,Europe
B Second wave peak,HU,2023,2023,76.820857,77.237078,76.672537,77.767277000000007,-0.416221,-0.955886,0.122007,HUN,HU,HUN,HUN,iso_week_date,HUN,348,Hungary,Hungary,Ungarn,HUN,0,Hungary,n,Europe
B Second wave peak,HU,2024,2024,76.982492,77.403473,76.800487,78.018762,-0.420981,-1.019589,0.191673,HUN,HU,HUN,HUN,iso_week_date,HUN,348,Hungary,Hungary,Ungarn,HUN,0,Hungary,n,Europe
B Second wave peak,HU,2020-2024,NA,75.901795,77.052489,76.65854,77.444826,-1.150694,-1.546333,-0.744842,HUN,HU,HUN,HUN,iso_week_date,HUN,348,Hungary,Hungary,Ungarn,HUN,0,Hungary,n,Europe
D Prolonged depression,IL,2010,2010,81.864881,NA,NA,NA,NA,NA,NA,ISR,IL,ISR,ISR,iso_week_date,ISR,376,Israel,Israel,Israel,ISR,0,Israel,n,Asia
D Prolonged depression,IL,2011,2011,81.929581,NA,NA,NA,NA,NA,NA,ISR,IL,ISR,ISR,iso_week_date,ISR,376,Israel,Israel,Israel,ISR,0,Israel,n,Asia
D Prolonged depression,IL,2012,2012,81.945262,NA,NA,NA,NA,NA,NA,ISR,IL,ISR,ISR,iso_week_date,ISR,376,Israel,Israel,Israel,ISR,0,Israel,n,Asia
D Prolonged depression,IL,2013,2013,82.258125,NA,NA,NA,NA,NA,NA,ISR,IL,ISR,ISR,iso_week_date,ISR,376,Israel,Israel,Israel,ISR,0,Israel,n,Asia
D Prolonged depression,IL,2014,2014,82.343643,NA,NA,NA,NA,NA,NA,ISR,IL,ISR,ISR,iso_week_date,ISR,376,Israel,Israel,Israel,ISR,0,Israel,n,Asia
D Prolonged depression,IL,2015,2015,82.121984,NA,NA,NA,NA,NA,NA,ISR,IL,ISR,ISR,iso_week_date,ISR,376,Israel,Israel,Israel,ISR,0,Israel,n,Asia
D Prolonged depression,IL,2016,2016,82.471879,NA,NA,NA,NA,NA,NA,ISR,IL,ISR,ISR,iso_week_date,ISR,376,Israel,Israel,Israel,ISR,0,Israel,n,Asia
D Prolonged depression,IL,2017,2017,82.431936,NA,NA,NA,NA,NA,NA,ISR,IL,ISR,ISR,iso_week_date,ISR,376,Israel,Israel,Israel,ISR,0,Israel,n,Asia
D Prolonged depression,IL,2018,2018,82.731039,NA,NA,NA,NA,NA,NA,ISR,IL,ISR,ISR,iso_week_date,ISR,376,Israel,Israel,Israel,ISR,0,Israel,n,Asia
D Prolonged depression,IL,2019,2019,82.657438,NA,NA,NA,NA,NA,NA,ISR,IL,ISR,ISR,iso_week_date,ISR,376,Israel,Israel,Israel,ISR,0,Israel,n,Asia
D Prolonged depression,IL,2020,2020,82.412345,82.840045,82.588507,83.097805,-0.427701,-0.696245,-0.142593,ISR,IL,ISR,ISR,iso_week_date,ISR,376,Israel,Israel,Israel,ISR,0,Israel,n,Asia
D Prolonged depression,IL,2021,2021,82.118591,83.02603,82.646364,83.389635,-0.907439,-1.283823,-0.510273,ISR,IL,ISR,ISR,iso_week_date,ISR,376,Israel,Israel,Israel,ISR,0,Israel,n,Asia
D Prolonged depression,IL,2022,2022,82.203193,83.23022,82.799896,83.674584,-1.027027,-1.484211,-0.573732,ISR,IL,ISR,ISR,iso_week_date,ISR,376,Israel,Israel,Israel,ISR,0,Israel,n,Asia
D Prolonged depression,IL,2023,2023,82.587939,83.412987,82.890803,83.885467,-0.825047,-1.308517,-0.30554,ISR,IL,ISR,ISR,iso_week_date,ISR,376,Israel,Israel,Israel,ISR,0,Israel,n,Asia
D Prolonged depression,IL,2024,2024,82.387163,83.611997,83.057695,84.138405,-1.224834,-1.803049,-0.665945,ISR,IL,ISR,ISR,iso_week_date,ISR,376,Israel,Israel,Israel,ISR,0,Israel,n,Asia
D Prolonged depression,IL,2020-2024,NA,82.339001,83.229051,82.84815,83.609727,-0.89005,-1.271666,-0.508663,ISR,IL,ISR,ISR,iso_week_date,ISR,376,Israel,Israel,Israel,ISR,0,Israel,n,Asia
C Late peak,IS,2010,2010,81.666932,NA,NA,NA,NA,NA,NA,ISL,IS,ISL,ISL,iso_week_date,ISL,352,Iceland,Iceland,Island,ISL,0,Iceland,n,Europe
C Late peak,IS,2011,2011,82.150595,NA,NA,NA,NA,NA,NA,ISL,IS,ISL,ISL,iso_week_date,ISL,352,Iceland,Iceland,Island,ISL,0,Iceland,n,Europe
C Late peak,IS,2012,2012,82.717976,NA,NA,NA,NA,NA,NA,ISL,IS,ISL,ISL,iso_week_date,ISL,352,Iceland,Iceland,Island,ISL,0,Iceland,n,Europe
C Late peak,IS,2013,2013,82.368159,NA,NA,NA,NA,NA,NA,ISL,IS,ISL,ISL,iso_week_date,ISL,352,Iceland,Iceland,Island,ISL,0,Iceland,n,Europe
C Late peak,IS,2014,2014,82.493209,NA,NA,NA,NA,NA,NA,ISL,IS,ISL,ISL,iso_week_date,ISL,352,Iceland,Iceland,Island,ISL,0,Iceland,n,Europe
C Late peak,IS,2015,2015,82.308349,NA,NA,NA,NA,NA,NA,ISL,IS,ISL,ISL,iso_week_date,ISL,352,Iceland,Iceland,Island,ISL,0,Iceland,n,Europe
C Late peak,IS,2016,2016,82.157105,NA,NA,NA,NA,NA,NA,ISL,IS,ISL,ISL,iso_week_date,ISL,352,Iceland,Iceland,Island,ISL,0,Iceland,n,Europe
C Late peak,IS,2017,2017,82.441858,NA,NA,NA,NA,NA,NA,ISL,IS,ISL,ISL,iso_week_date,ISL,352,Iceland,Iceland,Island,ISL,0,Iceland,n,Europe
C Late peak,IS,2018,2018,82.945992,NA,NA,NA,NA,NA,NA,ISL,IS,ISL,ISL,iso_week_date,ISL,352,Iceland,Iceland,Island,ISL,0,Iceland,n,Europe
C Late peak,IS,2019,2019,83.053817,NA,NA,NA,NA,NA,NA,ISL,IS,ISL,ISL,iso_week_date,ISL,352,Iceland,Iceland,Island,ISL,0,Iceland,n,Europe
C Late peak,IS,2020,2020,82.889331,83.105648,82.547778,83.648617,-0.216317,-0.846018,0.444269,ISL,IS,ISL,ISL,iso_week_date,ISL,352,Iceland,Iceland,Island,ISL,0,Iceland,n,Europe
C Late peak,IS,2021,2021,83.16045,83.255746,82.460154,84.009802,-0.095296,-0.891454,0.755837,ISL,IS,ISL,ISL,iso_week_date,ISL,352,Iceland,Iceland,Island,ISL,0,Iceland,n,Europe
C Late peak,IS,2022,2022,82.21913,83.421543,82.52692,84.339823,-1.202413,-2.122182,-0.218252,ISL,IS,ISL,ISL,iso_week_date,ISL,352,Iceland,Iceland,Island,ISL,0,Iceland,n,Europe
C Late peak,IS,2023,2023,82.834729,83.513211,82.317989,84.624021,-0.678483,-1.732844,0.587653,ISL,IS,ISL,ISL,iso_week_date,ISL,352,Iceland,Iceland,Island,ISL,0,Iceland,n,Europe
C Late peak,IS,2024,2024,83.041443,83.65298,82.494367,84.813961,-0.611537,-1.772492,0.613899,ISL,IS,ISL,ISL,iso_week_date,ISL,352,Iceland,Iceland,Island,ISL,0,Iceland,n,Europe
C Late peak,IS,2020-2024,NA,82.811006,83.392625,82.551509,84.207169,-0.581619,-1.383428,0.281626,ISL,IS,ISL,ISL,iso_week_date,ISL,352,Iceland,Iceland,Island,ISL,0,Iceland,n,Europe
A First wave peak,IT,2010,2010,NA,NA,NA,NA,NA,NA,NA,ITA,IT,ITA,ITA,iso_week_date,ITA,380,Italy,Italy,Italien,ITA,0,Italy,n,Europe
A First wave peak,IT,2011,2011,82.255803,NA,NA,NA,NA,NA,NA,ITA,IT,ITA,ITA,iso_week_date,ITA,380,Italy,Italy,Italien,ITA,0,Italy,n,Europe
A First wave peak,IT,2012,2012,82.25827,NA,NA,NA,NA,NA,NA,ITA,IT,ITA,ITA,iso_week_date,ITA,380,Italy,Italy,Italien,ITA,0,Italy,n,Europe
A First wave peak,IT,2013,2013,82.63282,NA,NA,NA,NA,NA,NA,ITA,IT,ITA,ITA,iso_week_date,ITA,380,Italy,Italy,Italien,ITA,0,Italy,n,Europe
A First wave peak,IT,2014,2014,82.945761,NA,NA,NA,NA,NA,NA,ITA,IT,ITA,ITA,iso_week_date,ITA,380,Italy,Italy,Italien,ITA,0,Italy,n,Europe
A First wave peak,IT,2015,2015,82.497767,NA,NA,NA,NA,NA,NA,ITA,IT,ITA,ITA,iso_week_date,ITA,380,Italy,Italy,Italien,ITA,0,Italy,n,Europe
A First wave peak,IT,2016,2016,83.060699,NA,NA,NA,NA,NA,NA,ITA,IT,ITA,ITA,iso_week_date,ITA,380,Italy,Italy,Italien,ITA,0,Italy,n,Europe
A First wave peak,IT,2017,2017,82.79686,NA,NA,NA,NA,NA,NA,ITA,IT,ITA,ITA,iso_week_date,ITA,380,Italy,Italy,Italien,ITA,0,Italy,n,Europe
A First wave peak,IT,2018,2018,83.148375,NA,NA,NA,NA,NA,NA,ITA,IT,ITA,ITA,iso_week_date,ITA,380,Italy,Italy,Italien,ITA,0,Italy,n,Europe
A First wave peak,IT,2019,2019,83.352826,NA,NA,NA,NA,NA,NA,ITA,IT,ITA,ITA,iso_week_date,ITA,380,Italy,Italy,Italien,ITA,0,Italy,n,Europe
A First wave peak,IT,2020,2020,82.196307,83.44979,82.965886,83.872675,-1.253483,-1.683558,-0.773594,ITA,IT,ITA,ITA,iso_week_date,ITA,380,Italy,Italy,Italien,ITA,0,Italy,n,Europe
A First wave peak,IT,2021,2021,82.562105,83.6091,82.971567,84.194752,-1.046994,-1.625938,-0.413509,ITA,IT,ITA,ITA,iso_week_date,ITA,380,Italy,Italy,Italien,ITA,0,Italy,n,Europe
A First wave peak,IT,2022,2022,82.717232,83.709873,82.955209,84.384831,-0.992641,-1.673755,-0.232059,ITA,IT,ITA,ITA,iso_week_date,ITA,380,Italy,Italy,Italien,ITA,0,Italy,n,Europe
A First wave peak,IT,2023,2023,83.237013,83.809078,82.905544,84.662437,-0.572065,-1.437804,0.320362,ITA,IT,ITA,ITA,iso_week_date,ITA,380,Italy,Italy,Italien,ITA,0,Italy,n,Europe
A First wave peak,IT,2024,2024,83.371819,83.90684,82.962689,84.893334,-0.535021,-1.523655,0.416916,ITA,IT,ITA,ITA,iso_week_date,ITA,380,Italy,Italy,Italien,ITA,0,Italy,n,Europe
A First wave peak,IT,2020-2024,NA,82.810579,83.693897,83.068801,84.314116,-0.883318,-1.50337,-0.249114,ITA,IT,ITA,ITA,iso_week_date,ITA,380,Italy,Italy,Italien,ITA,0,Italy,n,Europe
C Late peak,JP,2010,2010,82.965204,NA,NA,NA,NA,NA,NA,JPN,JP,JPN,empty,gregorian,JPN,392,Japan,Japan,Japan,JPN,0,Japan,n,Asia
C Late peak,JP,2011,2011,82.992852,NA,NA,NA,NA,NA,NA,JPN,JP,JPN,empty,gregorian,JPN,392,Japan,Japan,Japan,JPN,0,Japan,n,Asia
C Late peak,JP,2012,2012,83.122322,NA,NA,NA,NA,NA,NA,JPN,JP,JPN,empty,gregorian,JPN,392,Japan,Japan,Japan,JPN,0,Japan,n,Asia
C Late peak,JP,2013,2013,83.248173,NA,NA,NA,NA,NA,NA,JPN,JP,JPN,empty,gregorian,JPN,392,Japan,Japan,Japan,JPN,0,Japan,n,Asia
C Late peak,JP,2014,2014,83.853223,NA,NA,NA,NA,NA,NA,JPN,JP,JPN,empty,gregorian,JPN,392,Japan,Japan,Japan,JPN,0,Japan,n,Asia
C Late peak,JP,2015,2015,84.052325,NA,NA,NA,NA,NA,NA,JPN,JP,JPN,empty,gregorian,JPN,392,Japan,Japan,Japan,JPN,0,Japan,n,Asia
C Late peak,JP,2016,2016,84.060637,NA,NA,NA,NA,NA,NA,JPN,JP,JPN,empty,gregorian,JPN,392,Japan,Japan,Japan,JPN,0,Japan,n,Asia
C Late peak,JP,2017,2017,84.142011,NA,NA,NA,NA,NA,NA,JPN,JP,JPN,empty,gregorian,JPN,392,Japan,Japan,Japan,JPN,0,Japan,n,Asia
C Late peak,JP,2018,2018,84.473007,NA,NA,NA,NA,NA,NA,JPN,JP,JPN,empty,gregorian,JPN,392,Japan,Japan,Japan,JPN,0,Japan,n,Asia
C Late peak,JP,2019,2019,84.394842,NA,NA,NA,NA,NA,NA,JPN,JP,JPN,empty,gregorian,JPN,392,Japan,Japan,Japan,JPN,0,Japan,n,Asia
C Late peak,JP,2020,2020,84.856402,84.511006,84.277157,84.750162,0.345396,0.106997,0.579222,JPN,JP,JPN,empty,gregorian,JPN,392,Japan,Japan,Japan,JPN,0,Japan,n,Asia
C Late peak,JP,2021,2021,84.628387,84.659895,84.352065,84.976492,-0.031508,-0.351445,0.270292,JPN,JP,JPN,empty,gregorian,JPN,392,Japan,Japan,Japan,JPN,0,Japan,n,Asia
C Late peak,JP,2022,2022,84.042053,84.820463,84.452416,85.198766,-0.77841,-1.153024,-0.401688,JPN,JP,JPN,empty,gregorian,JPN,392,Japan,Japan,Japan,JPN,0,Japan,n,Asia
C Late peak,JP,2023,2023,84.222787,84.996182,84.562946,85.429324,-0.773395,-1.203366,-0.335428,JPN,JP,JPN,empty,gregorian,JPN,392,Japan,Japan,Japan,JPN,0,Japan,n,Asia
C Late peak,JP,2024,2024,NA,NA,NA,NA,NA,NA,NA,JPN,JP,JPN,empty,gregorian,JPN,392,Japan,Japan,Japan,JPN,0,Japan,n,Asia
C Late peak,JP,2020-2024,NA,NA,NA,NA,NA,NA,NA,NA,JPN,JP,JPN,empty,gregorian,JPN,392,Japan,Japan,Japan,JPN,0,Japan,n,Asia
B Second wave peak,LT,2010,2010,73.1142,NA,NA,NA,NA,NA,NA,LTU,LT,LTU,LTU,iso_week_date,LTU,440,Lithuania,Lithuania,Litauen,LTU,0,Lithuania,n,Europe
B Second wave peak,LT,2011,2011,73.63777,NA,NA,NA,NA,NA,NA,LTU,LT,LTU,LTU,iso_week_date,LTU,440,Lithuania,Lithuania,Litauen,LTU,0,Lithuania,n,Europe
B Second wave peak,LT,2012,2012,74.105136,NA,NA,NA,NA,NA,NA,LTU,LT,LTU,LTU,iso_week_date,LTU,440,Lithuania,Lithuania,Litauen,LTU,0,Lithuania,n,Europe
B Second wave peak,LT,2013,2013,74.122074,NA,NA,NA,NA,NA,NA,LTU,LT,LTU,LTU,iso_week_date,LTU,440,Lithuania,Lithuania,Litauen,LTU,0,Lithuania,n,Europe
B Second wave peak,LT,2014,2014,74.651366,NA,NA,NA,NA,NA,NA,LTU,LT,LTU,LTU,iso_week_date,LTU,440,Lithuania,Lithuania,Litauen,LTU,0,Lithuania,n,Europe
B Second wave peak,LT,2015,2015,74.397789,NA,NA,NA,NA,NA,NA,LTU,LT,LTU,LTU,iso_week_date,LTU,440,Lithuania,Lithuania,Litauen,LTU,0,Lithuania,n,Europe
B Second wave peak,LT,2016,2016,74.872688,NA,NA,NA,NA,NA,NA,LTU,LT,LTU,LTU,iso_week_date,LTU,440,Lithuania,Lithuania,Litauen,LTU,0,Lithuania,n,Europe
B Second wave peak,LT,2017,2017,75.845838,NA,NA,NA,NA,NA,NA,LTU,LT,LTU,LTU,iso_week_date,LTU,440,Lithuania,Lithuania,Litauen,LTU,0,Lithuania,n,Europe
B Second wave peak,LT,2018,2018,75.993557,NA,NA,NA,NA,NA,NA,LTU,LT,LTU,LTU,iso_week_date,LTU,440,Lithuania,Lithuania,Litauen,LTU,0,Lithuania,n,Europe
B Second wave peak,LT,2019,2019,76.497492,NA,NA,NA,NA,NA,NA,LTU,LT,LTU,LTU,iso_week_date,LTU,440,Lithuania,Lithuania,Litauen,LTU,0,Lithuania,n,Europe
B Second wave peak,LT,2020,2020,75.321971,76.618444,76.019455,77.155103,-1.296473,-1.859699,-0.689076,LTU,LT,LTU,LTU,iso_week_date,LTU,440,Lithuania,Lithuania,Litauen,LTU,0,Lithuania,n,Europe
B Second wave peak,LT,2021,2021,74.362064,76.793816,76.074369,77.506112,-2.431752,-3.154662,-1.682912,LTU,LT,LTU,LTU,iso_week_date,LTU,440,Lithuania,Lithuania,Litauen,LTU,0,Lithuania,n,Europe
B Second wave peak,LT,2022,2022,76.072453,76.978536,76.075098,77.873125,-0.906084,-1.849427,0.028531,LTU,LT,LTU,LTU,iso_week_date,LTU,440,Lithuania,Lithuania,Litauen,LTU,0,Lithuania,n,Europe
B Second wave peak,LT,2023,2023,77.370718,77.134695,76.076033,78.091847,0.236022,-0.758941,1.342397,LTU,LT,LTU,LTU,iso_week_date,LTU,440,Lithuania,Lithuania,Litauen,LTU,0,Lithuania,n,Europe
B Second wave peak,LT,2024,2024,77.534757,77.308932,76.117692,78.436755,0.225825,-0.897376,1.403768,LTU,LT,LTU,LTU,iso_week_date,LTU,440,Lithuania,Lithuania,Litauen,LTU,0,Lithuania,n,Europe
B Second wave peak,LT,2020-2024,NA,76.076446,76.962375,76.256709,77.736323,-0.88593,-1.641056,-0.152243,LTU,LT,LTU,LTU,iso_week_date,LTU,440,Lithuania,Lithuania,Litauen,LTU,0,Lithuania,n,Europe
A First wave peak,LU,2010,2010,80.203464,NA,NA,NA,NA,NA,NA,LUX,LU,LUX,LUX,iso_week_date,LUX,442,Luxembourg,Luxembourg,Luxemburg,LUX,0,Luxembourg,n,Europe
A First wave peak,LU,2011,2011,80.691947,NA,NA,NA,NA,NA,NA,LUX,LU,LUX,LUX,iso_week_date,LUX,442,Luxembourg,Luxembourg,Luxemburg,LUX,0,Luxembourg,n,Europe
A First wave peak,LU,2012,2012,81.206473,NA,NA,NA,NA,NA,NA,LUX,LU,LUX,LUX,iso_week_date,LUX,442,Luxembourg,Luxembourg,Luxemburg,LUX,0,Luxembourg,n,Europe
A First wave peak,LU,2013,2013,81.603265,NA,NA,NA,NA,NA,NA,LUX,LU,LUX,LUX,iso_week_date,LUX,442,Luxembourg,Luxembourg,Luxemburg,LUX,0,Luxembourg,n,Europe
A First wave peak,LU,2014,2014,81.950109,NA,NA,NA,NA,NA,NA,LUX,LU,LUX,LUX,iso_week_date,LUX,442,Luxembourg,Luxembourg,Luxemburg,LUX,0,Luxembourg,n,Europe
A First wave peak,LU,2015,2015,82.030656,NA,NA,NA,NA,NA,NA,LUX,LU,LUX,LUX,iso_week_date,LUX,442,Luxembourg,Luxembourg,Luxemburg,LUX,0,Luxembourg,n,Europe
A First wave peak,LU,2016,2016,82.206312,NA,NA,NA,NA,NA,NA,LUX,LU,LUX,LUX,iso_week_date,LUX,442,Luxembourg,Luxembourg,Luxemburg,LUX,0,Luxembourg,n,Europe
A First wave peak,LU,2017,2017,81.729676,NA,NA,NA,NA,NA,NA,LUX,LU,LUX,LUX,iso_week_date,LUX,442,Luxembourg,Luxembourg,Luxemburg,LUX,0,Luxembourg,n,Europe
A First wave peak,LU,2018,2018,81.994082,NA,NA,NA,NA,NA,NA,LUX,LU,LUX,LUX,iso_week_date,LUX,442,Luxembourg,Luxembourg,Luxemburg,LUX,0,Luxembourg,n,Europe
A First wave peak,LU,2019,2019,81.917843,NA,NA,NA,NA,NA,NA,LUX,LU,LUX,LUX,iso_week_date,LUX,442,Luxembourg,Luxembourg,Luxemburg,LUX,0,Luxembourg,n,Europe
A First wave peak,LU,2020,2020,82.189714,82.49612,81.920302,83.152052,-0.306406,-0.904163,0.346601,LUX,LU,LUX,LUX,iso_week_date,LUX,442,Luxembourg,Luxembourg,Luxemburg,LUX,0,Luxembourg,n,Europe
A First wave peak,LU,2021,2021,82.665106,82.725154,81.747844,83.604269,-0.060048,-0.989254,0.93222,LUX,LU,LUX,LUX,iso_week_date,LUX,442,Luxembourg,Luxembourg,Luxemburg,LUX,0,Luxembourg,n,Europe
A First wave peak,LU,2022,2022,82.92044,82.930013,81.826235,84.00048,-0.009573,-1.167597,1.209538,LUX,LU,LUX,LUX,iso_week_date,LUX,442,Luxembourg,Luxembourg,Luxemburg,LUX,0,Luxembourg,n,Europe
A First wave peak,LU,2023,2023,83.332101,83.09487,81.7125,84.148236,0.237231,-0.89765,1.669972,LUX,LU,LUX,LUX,iso_week_date,LUX,442,Luxembourg,Luxembourg,Luxemburg,LUX,0,Luxembourg,n,Europe
A First wave peak,LU,2024,2024,83.323249,83.308891,81.903333,84.535014,0.014357,-1.25086,1.445776,LUX,LU,LUX,LUX,iso_week_date,LUX,442,Luxembourg,Luxembourg,Luxemburg,LUX,0,Luxembourg,n,Europe
A First wave peak,LU,2020-2024,NA,82.883936,82.912463,81.914258,83.840325000000007,-0.028527,-0.912345,0.895507,LUX,LU,LUX,LUX,iso_week_date,LUX,442,Luxembourg,Luxembourg,Luxemburg,LUX,0,Luxembourg,n,Europe
B Second wave peak,LV,2010,2010,73.032872,NA,NA,NA,NA,NA,NA,LVA,LV,LVA,LVA,iso_week_date,LVA,428,Latvia,Latvia,Lettland,LVA,0,Latvia,n,Europe
B Second wave peak,LV,2011,2011,73.709489,NA,NA,NA,NA,NA,NA,LVA,LV,LVA,LVA,iso_week_date,LVA,428,Latvia,Latvia,Lettland,LVA,0,Latvia,n,Europe
B Second wave peak,LV,2012,2012,73.942157,NA,NA,NA,NA,NA,NA,LVA,LV,LVA,LVA,iso_week_date,LVA,428,Latvia,Latvia,Lettland,LVA,0,Latvia,n,Europe
B Second wave peak,LV,2013,2013,73.994668,NA,NA,NA,NA,NA,NA,LVA,LV,LVA,LVA,iso_week_date,LVA,428,Latvia,Latvia,Lettland,LVA,0,Latvia,n,Europe
B Second wave peak,LV,2014,2014,74.108875,NA,NA,NA,NA,NA,NA,LVA,LV,LVA,LVA,iso_week_date,LVA,428,Latvia,Latvia,Lettland,LVA,0,Latvia,n,Europe
B Second wave peak,LV,2015,2015,74.386191,NA,NA,NA,NA,NA,NA,LVA,LV,LVA,LVA,iso_week_date,LVA,428,Latvia,Latvia,Lettland,LVA,0,Latvia,n,Europe
B Second wave peak,LV,2016,2016,74.708716,NA,NA,NA,NA,NA,NA,LVA,LV,LVA,LVA,iso_week_date,LVA,428,Latvia,Latvia,Lettland,LVA,0,Latvia,n,Europe
B Second wave peak,LV,2017,2017,74.812032,NA,NA,NA,NA,NA,NA,LVA,LV,LVA,LVA,iso_week_date,LVA,428,Latvia,Latvia,Lettland,LVA,0,Latvia,n,Europe
B Second wave peak,LV,2018,2018,75.041636,NA,NA,NA,NA,NA,NA,LVA,LV,LVA,LVA,iso_week_date,LVA,428,Latvia,Latvia,Lettland,LVA,0,Latvia,n,Europe
B Second wave peak,LV,2019,2019,75.740125,NA,NA,NA,NA,NA,NA,LVA,LV,LVA,LVA,iso_week_date,LVA,428,Latvia,Latvia,Lettland,LVA,0,Latvia,n,Europe
B Second wave peak,LV,2020,2020,75.749892,76.124894,75.60961,76.632916,-0.375002,-0.918749,0.121125,LVA,LV,LVA,LVA,iso_week_date,LVA,428,Latvia,Latvia,Lettland,LVA,0,Latvia,n,Europe
B Second wave peak,LV,2021,2021,73.280171,76.397421,75.686417,77.102636,-3.11725,-3.882533,-2.440472,LVA,LV,LVA,LVA,iso_week_date,LVA,428,Latvia,Latvia,Lettland,LVA,0,Latvia,n,Europe
B Second wave peak,LV,2022,2022,74.604867,76.65121,75.802672,77.47881,-2.046344,-2.877356,-1.206258,LVA,LV,LVA,LVA,iso_week_date,LVA,428,Latvia,Latvia,Lettland,LVA,0,Latvia,n,Europe
B Second wave peak,LV,2023,2023,75.79033,76.891215,75.909082,77.70629,-1.100885,-1.98593,-0.12876,LVA,LV,LVA,LVA,iso_week_date,LVA,428,Latvia,Latvia,Lettland,LVA,0,Latvia,n,Europe
B Second wave peak,LV,2024,2024,76.860362,77.148571,76.059559,78.067331,-0.288209,-1.25145,0.803957,LVA,LV,LVA,LVA,iso_week_date,LVA,428,Latvia,Latvia,Lettland,LVA,0,Latvia,n,Europe
B Second wave peak,LV,2020-2024,NA,75.198551,76.633661,75.949668,77.304251,-1.435111,-2.14442,-0.747187,LVA,LV,LVA,LVA,iso_week_date,LVA,428,Latvia,Latvia,Lettland,LVA,0,Latvia,n,Europe
D Prolonged depression,NL,2010,2010,80.82052,NA,NA,NA,NA,NA,NA,NLD,NL,NLD,NLD,iso_week_date,NLD,528,Netherlands,Netherlands,Niederlande,NLD,0,Netherlands,n,Europe
D Prolonged depression,NL,2011,2011,81.129169,NA,NA,NA,NA,NA,NA,NLD,NL,NLD,NLD,iso_week_date,NLD,528,Netherlands,Netherlands,Niederlande,NLD,0,Netherlands,n,Europe
D Prolonged depression,NL,2012,2012,81.08502,NA,NA,NA,NA,NA,NA,NLD,NL,NLD,NLD,iso_week_date,NLD,528,Netherlands,Netherlands,Niederlande,NLD,0,Netherlands,n,Europe
D Prolonged depression,NL,2013,2013,81.310207,NA,NA,NA,NA,NA,NA,NLD,NL,NLD,NLD,iso_week_date,NLD,528,Netherlands,Netherlands,Niederlande,NLD,0,Netherlands,n,Europe
D Prolonged depression,NL,2014,2014,81.684013,NA,NA,NA,NA,NA,NA,NLD,NL,NLD,NLD,iso_week_date,NLD,528,Netherlands,Netherlands,Niederlande,NLD,0,Netherlands,n,Europe
D Prolonged depression,NL,2015,2015,81.491909,NA,NA,NA,NA,NA,NA,NLD,NL,NLD,NLD,iso_week_date,NLD,528,Netherlands,Netherlands,Niederlande,NLD,0,Netherlands,n,Europe
D Prolonged depression,NL,2016,2016,81.551619,NA,NA,NA,NA,NA,NA,NLD,NL,NLD,NLD,iso_week_date,NLD,528,Netherlands,Netherlands,Niederlande,NLD,0,Netherlands,n,Europe
D Prolonged depression,NL,2017,2017,81.738618,NA,NA,NA,NA,NA,NA,NLD,NL,NLD,NLD,iso_week_date,NLD,528,Netherlands,Netherlands,Niederlande,NLD,0,Netherlands,n,Europe
D Prolonged depression,NL,2018,2018,81.813119,NA,NA,NA,NA,NA,NA,NLD,NL,NLD,NLD,iso_week_date,NLD,528,Netherlands,Netherlands,Niederlande,NLD,0,Netherlands,n,Europe
D Prolonged depression,NL,2019,2019,82.050095,NA,NA,NA,NA,NA,NA,NLD,NL,NLD,NLD,iso_week_date,NLD,528,Netherlands,Netherlands,Niederlande,NLD,0,Netherlands,n,Europe
D Prolonged depression,NL,2020,2020,81.371425,82.267824,82.049114,82.475104,-0.896398,-1.099135,-0.674484,NLD,NL,NLD,NLD,iso_week_date,NLD,528,Netherlands,Netherlands,Niederlande,NLD,0,Netherlands,n,Europe
D Prolonged depression,NL,2021,2021,81.351871,82.456291,82.175612,82.748611,-1.10442,-1.386359,-0.819172,NLD,NL,NLD,NLD,iso_week_date,NLD,528,Netherlands,Netherlands,Niederlande,NLD,0,Netherlands,n,Europe
D Prolonged depression,NL,2022,2022,81.623026,82.65527,82.334511,82.984481,-1.032244,-1.386364,-0.709096,NLD,NL,NLD,NLD,iso_week_date,NLD,528,Netherlands,Netherlands,Niederlande,NLD,0,Netherlands,n,Europe
D Prolonged depression,NL,2023,2023,81.868877,82.866767,82.470508,83.263899,-0.99789,-1.417641,-0.589721,NLD,NL,NLD,NLD,iso_week_date,NLD,528,Netherlands,Netherlands,Niederlande,NLD,0,Netherlands,n,Europe
D Prolonged depression,NL,2024,2024,81.984767,83.055301,82.592104,83.484616,-1.070534,-1.524873,-0.600225,NLD,NL,NLD,NLD,iso_week_date,NLD,528,Netherlands,Netherlands,Niederlande,NLD,0,Netherlands,n,Europe
D Prolonged depression,NL,2020-2024,NA,81.644343,82.66311,82.373665,82.964904,-1.018768,-1.324268,-0.730093,NLD,NL,NLD,NLD,iso_week_date,NLD,528,Netherlands,Netherlands,Niederlande,NLD,0,Netherlands,n,Europe
C Late peak,NO,2010,2010,81.069818,NA,NA,NA,NA,NA,NA,NOR,NO,NOR,NOR,iso_week_date,NOR,578,Norway,Norway,Norwegen,NOR,0,Norway,n,Europe
C Late peak,NO,2011,2011,81.313279,NA,NA,NA,NA,NA,NA,NOR,NO,NOR,NOR,iso_week_date,NOR,578,Norway,Norway,Norwegen,NOR,0,Norway,n,Europe
C Late peak,NO,2012,2012,81.644849,NA,NA,NA,NA,NA,NA,NOR,NO,NOR,NOR,iso_week_date,NOR,578,Norway,Norway,Norwegen,NOR,0,Norway,n,Europe
C Late peak,NO,2013,2013,81.667441,NA,NA,NA,NA,NA,NA,NOR,NO,NOR,NOR,iso_week_date,NOR,578,Norway,Norway,Norwegen,NOR,0,Norway,n,Europe
C Late peak,NO,2014,2014,81.974479,NA,NA,NA,NA,NA,NA,NOR,NO,NOR,NOR,iso_week_date,NOR,578,Norway,Norway,Norwegen,NOR,0,Norway,n,Europe
C Late peak,NO,2015,2015,82.216983,NA,NA,NA,NA,NA,NA,NOR,NO,NOR,NOR,iso_week_date,NOR,578,Norway,Norway,Norwegen,NOR,0,Norway,n,Europe
C Late peak,NO,2016,2016,82.356284,NA,NA,NA,NA,NA,NA,NOR,NO,NOR,NOR,iso_week_date,NOR,578,Norway,Norway,Norwegen,NOR,0,Norway,n,Europe
C Late peak,NO,2017,2017,82.731379,NA,NA,NA,NA,NA,NA,NOR,NO,NOR,NOR,iso_week_date,NOR,578,Norway,Norway,Norwegen,NOR,0,Norway,n,Europe
C Late peak,NO,2018,2018,82.763775,NA,NA,NA,NA,NA,NA,NOR,NO,NOR,NOR,iso_week_date,NOR,578,Norway,Norway,Norwegen,NOR,0,Norway,n,Europe
C Late peak,NO,2019,2019,82.945746,NA,NA,NA,NA,NA,NA,NOR,NO,NOR,NOR,iso_week_date,NOR,578,Norway,Norway,Norwegen,NOR,0,Norway,n,Europe
C Late peak,NO,2020,2020,83.211102,83.165261,82.922251,83.381668,0.045841,-0.170614,0.323809,NOR,NO,NOR,NOR,iso_week_date,NOR,578,Norway,Norway,Norwegen,NOR,0,Norway,n,Europe
C Late peak,NO,2021,2021,83.164701,83.38003,83.066618,83.648774,-0.215329,-0.533972,0.134595,NOR,NO,NOR,NOR,iso_week_date,NOR,578,Norway,Norway,Norwegen,NOR,0,Norway,n,Europe
C Late peak,NO,2022,2022,82.742221,83.565852,83.198402,83.932335,-0.823631,-1.210756,-0.440207,NOR,NO,NOR,NOR,iso_week_date,NOR,578,Norway,Norway,Norwegen,NOR,0,Norway,n,Europe
C Late peak,NO,2023,2023,82.990312,83.749392,83.349515,84.180597,-0.75908,-1.214313,-0.353659,NOR,NO,NOR,NOR,iso_week_date,NOR,578,Norway,Norway,Norwegen,NOR,0,Norway,n,Europe
C Late peak,NO,2024,2024,83.168192,83.931931,83.497081,84.399427,-0.763739,-1.226807,-0.33544,NOR,NO,NOR,NOR,iso_week_date,NOR,578,Norway,Norway,Norwegen,NOR,0,Norway,n,Europe
C Late peak,NO,2020-2024,NA,83.051574,83.561849,83.236306,83.863193,-0.510275,-0.828015,-0.178914,NOR,NO,NOR,NOR,iso_week_date,NOR,578,Norway,Norway,Norwegen,NOR,0,Norway,n,Europe
B Second wave peak,PL,2010,2010,76.220486,NA,NA,NA,NA,NA,NA,POL,PL,POL,POL,iso_week_date,POL,616,Poland,Poland,Polen,POL,0,Poland,n,Europe
B Second wave peak,PL,2011,2011,76.739997,NA,NA,NA,NA,NA,NA,POL,PL,POL,POL,iso_week_date,POL,616,Poland,Poland,Polen,POL,0,Poland,n,Europe
B Second wave peak,PL,2012,2012,76.80882,NA,NA,NA,NA,NA,NA,POL,PL,POL,POL,iso_week_date,POL,616,Poland,Poland,Polen,POL,0,Poland,n,Europe
B Second wave peak,PL,2013,2013,76.971204,NA,NA,NA,NA,NA,NA,POL,PL,POL,POL,iso_week_date,POL,616,Poland,Poland,Polen,POL,0,Poland,n,Europe
B Second wave peak,PL,2014,2014,77.579882,NA,NA,NA,NA,NA,NA,POL,PL,POL,POL,iso_week_date,POL,616,Poland,Poland,Polen,POL,0,Poland,n,Europe
B Second wave peak,PL,2015,2015,77.387324,NA,NA,NA,NA,NA,NA,POL,PL,POL,POL,iso_week_date,POL,616,Poland,Poland,Polen,POL,0,Poland,n,Europe
B Second wave peak,PL,2016,2016,77.780636,NA,NA,NA,NA,NA,NA,POL,PL,POL,POL,iso_week_date,POL,616,Poland,Poland,Polen,POL,0,Poland,n,Europe
B Second wave peak,PL,2017,2017,77.581858,NA,NA,NA,NA,NA,NA,POL,PL,POL,POL,iso_week_date,POL,616,Poland,Poland,Polen,POL,0,Poland,n,Europe
B Second wave peak,PL,2018,2018,77.516175,NA,NA,NA,NA,NA,NA,POL,PL,POL,POL,iso_week_date,POL,616,Poland,Poland,Polen,POL,0,Poland,n,Europe
B Second wave peak,PL,2019,2019,77.875205,NA,NA,NA,NA,NA,NA,POL,PL,POL,POL,iso_week_date,POL,616,Poland,Poland,Polen,POL,0,Poland,n,Europe
B Second wave peak,PL,2020,2020,76.577774,78.105231,77.798026,78.399382,-1.527457,-1.826961,-1.217296,POL,PL,POL,POL,iso_week_date,POL,616,Poland,Poland,Polen,POL,0,Poland,n,Europe
B Second wave peak,PL,2021,2021,75.530314,78.326098,77.8953,78.738213,-2.795784,-3.234271,-2.362497,POL,PL,POL,POL,iso_week_date,POL,616,Poland,Poland,Polen,POL,0,Poland,n,Europe
B Second wave peak,PL,2022,2022,77.276286,78.552544,78.054991,79.075656,-1.276257,-1.792116,-0.769682,POL,PL,POL,POL,iso_week_date,POL,616,Poland,Poland,Polen,POL,0,Poland,n,Europe
B Second wave peak,PL,2023,2023,78.352945,78.73352,78.115708,79.371269,-0.380575,-1.012162,0.231423,POL,PL,POL,POL,iso_week_date,POL,616,Poland,Poland,Polen,POL,0,Poland,n,Europe
B Second wave peak,PL,2024,2024,78.467904,78.934793,78.294749,79.605154,-0.466889,-1.133372,0.162418,POL,PL,POL,POL,iso_week_date,POL,616,Poland,Poland,Polen,POL,0,Poland,n,Europe
B Second wave peak,PL,2020-2024,NA,77.213036,78.531591,78.076882,78.993039,-1.318555,-1.780541,-0.864791,POL,PL,POL,POL,iso_week_date,POL,616,Poland,Poland,Polen,POL,0,Poland,n,Europe
D Prolonged depression,PT,2010,2010,80.071981,NA,NA,NA,NA,NA,NA,PRT,PT,PRT,PRT,iso_week_date,PRT,620,Portugal,Portugal,Portugal,PRT,0,Portugal,n,Europe
D Prolonged depression,PT,2011,2011,80.672425,NA,NA,NA,NA,NA,NA,PRT,PT,PRT,PRT,iso_week_date,PRT,620,Portugal,Portugal,Portugal,PRT,0,Portugal,n,Europe
D Prolonged depression,PT,2012,2012,80.62636,NA,NA,NA,NA,NA,NA,PRT,PT,PRT,PRT,iso_week_date,PRT,620,Portugal,Portugal,Portugal,PRT,0,Portugal,n,Europe
D Prolonged depression,PT,2013,2013,80.956024,NA,NA,NA,NA,NA,NA,PRT,PT,PRT,PRT,iso_week_date,PRT,620,Portugal,Portugal,Portugal,PRT,0,Portugal,n,Europe
D Prolonged depression,PT,2014,2014,81.412659,NA,NA,NA,NA,NA,NA,PRT,PT,PRT,PRT,iso_week_date,PRT,620,Portugal,Portugal,Portugal,PRT,0,Portugal,n,Europe
D Prolonged depression,PT,2015,2015,81.301812,NA,NA,NA,NA,NA,NA,PRT,PT,PRT,PRT,iso_week_date,PRT,620,Portugal,Portugal,Portugal,PRT,0,Portugal,n,Europe
D Prolonged depression,PT,2016,2016,81.395846,NA,NA,NA,NA,NA,NA,PRT,PT,PRT,PRT,iso_week_date,PRT,620,Portugal,Portugal,Portugal,PRT,0,Portugal,n,Europe
D Prolonged depression,PT,2017,2017,81.671925,NA,NA,NA,NA,NA,NA,PRT,PT,PRT,PRT,iso_week_date,PRT,620,Portugal,Portugal,Portugal,PRT,0,Portugal,n,Europe
D Prolonged depression,PT,2018,2018,81.614771,NA,NA,NA,NA,NA,NA,PRT,PT,PRT,PRT,iso_week_date,PRT,620,Portugal,Portugal,Portugal,PRT,0,Portugal,n,Europe
D Prolonged depression,PT,2019,2019,81.978703,NA,NA,NA,NA,NA,NA,PRT,PT,PRT,PRT,iso_week_date,PRT,620,Portugal,Portugal,Portugal,PRT,0,Portugal,n,Europe
D Prolonged depression,PT,2020,2020,81.323582,82.336658,82.052985,82.638405,-1.013076,-1.317042,-0.714867,PRT,PT,PRT,PRT,iso_week_date,PRT,620,Portugal,Portugal,Portugal,PRT,0,Portugal,n,Europe
D Prolonged depression,PT,2021,2021,81.439789,82.562361,82.126234,83.002486,-1.122572,-1.546569,-0.673307,PRT,PT,PRT,PRT,iso_week_date,PRT,620,Portugal,Portugal,Portugal,PRT,0,Portugal,n,Europe
D Prolonged depression,PT,2022,2022,81.667012,82.802969,82.319874,83.315042,-1.135957,-1.640597,-0.642676,PRT,PT,PRT,PRT,iso_week_date,PRT,620,Portugal,Portugal,Portugal,PRT,0,Portugal,n,Europe
D Prolonged depression,PT,2023,2023,82.262182,83.065901,82.475874,83.712675,-0.803719,-1.465739,-0.208911,PRT,PT,PRT,PRT,iso_week_date,PRT,620,Portugal,Portugal,Portugal,PRT,0,Portugal,n,Europe
D Prolonged depression,PT,2024,2024,82.586151,83.287847,82.592583,83.965816,-0.701696,-1.375685,-0.023217,PRT,PT,PRT,PRT,iso_week_date,PRT,620,Portugal,Portugal,Portugal,PRT,0,Portugal,n,Europe
D Prolonged depression,PT,2020-2024,NA,81.851522,82.810358,82.358356,83.262768,-0.958835,-1.417725,-0.527031,PRT,PT,PRT,PRT,iso_week_date,PRT,620,Portugal,Portugal,Portugal,PRT,0,Portugal,n,Europe
A First wave peak,SE,2010,2010,81.521118,NA,NA,NA,NA,NA,NA,SWE,SE,SWE,SWE,iso_week_date,SWE,752,Sweden,Sweden,Schweden,SWE,0,Sweden,n,Europe
A First wave peak,SE,2011,2011,81.768002,NA,NA,NA,NA,NA,NA,SWE,SE,SWE,SWE,iso_week_date,SWE,752,Sweden,Sweden,Schweden,SWE,0,Sweden,n,Europe
A First wave peak,SE,2012,2012,81.769038,NA,NA,NA,NA,NA,NA,SWE,SE,SWE,SWE,iso_week_date,SWE,752,Sweden,Sweden,Schweden,SWE,0,Sweden,n,Europe
A First wave peak,SE,2013,2013,81.925086,NA,NA,NA,NA,NA,NA,SWE,SE,SWE,SWE,iso_week_date,SWE,752,Sweden,Sweden,Schweden,SWE,0,Sweden,n,Europe
A First wave peak,SE,2014,2014,82.252433,NA,NA,NA,NA,NA,NA,SWE,SE,SWE,SWE,iso_week_date,SWE,752,Sweden,Sweden,Schweden,SWE,0,Sweden,n,Europe
A First wave peak,SE,2015,2015,82.198081,NA,NA,NA,NA,NA,NA,SWE,SE,SWE,SWE,iso_week_date,SWE,752,Sweden,Sweden,Schweden,SWE,0,Sweden,n,Europe
A First wave peak,SE,2016,2016,82.321082,NA,NA,NA,NA,NA,NA,SWE,SE,SWE,SWE,iso_week_date,SWE,752,Sweden,Sweden,Schweden,SWE,0,Sweden,n,Europe
A First wave peak,SE,2017,2017,82.430633,NA,NA,NA,NA,NA,NA,SWE,SE,SWE,SWE,iso_week_date,SWE,752,Sweden,Sweden,Schweden,SWE,0,Sweden,n,Europe
A First wave peak,SE,2018,2018,82.541372,NA,NA,NA,NA,NA,NA,SWE,SE,SWE,SWE,iso_week_date,SWE,752,Sweden,Sweden,Schweden,SWE,0,Sweden,n,Europe
A First wave peak,SE,2019,2019,83.074457,NA,NA,NA,NA,NA,NA,SWE,SE,SWE,SWE,iso_week_date,SWE,752,Sweden,Sweden,Schweden,SWE,0,Sweden,n,Europe
A First wave peak,SE,2020,2020,82.440061,83.217643,83.036313,83.384565,-0.777582,-0.949829,-0.592176,SWE,SE,SWE,SWE,iso_week_date,SWE,752,Sweden,Sweden,Schweden,SWE,0,Sweden,n,Europe
A First wave peak,SE,2021,2021,83.053768,83.382272,83.117702,83.636462,-0.328503,-0.584518,-0.055136,SWE,SE,SWE,SWE,iso_week_date,SWE,752,Sweden,Sweden,Schweden,SWE,0,Sweden,n,Europe
A First wave peak,SE,2022,2022,83.021359,83.544464,83.252956,83.834362,-0.523105,-0.837874,-0.234748,SWE,SE,SWE,SWE,iso_week_date,SWE,752,Sweden,Sweden,Schweden,SWE,0,Sweden,n,Europe
A First wave peak,SE,2023,2023,83.274705,83.695162,83.331546,84.031622,-0.420458,-0.756141,-0.043468,SWE,SE,SWE,SWE,iso_week_date,SWE,752,Sweden,Sweden,Schweden,SWE,0,Sweden,n,Europe
A First wave peak,SE,2024,2024,83.84185,83.84807,83.473287,84.230307,-0.006219,-0.403145,0.386843,SWE,SE,SWE,SWE,iso_week_date,SWE,752,Sweden,Sweden,Schweden,SWE,0,Sweden,n,Europe
A First wave peak,SE,2020-2024,NA,83.123354,83.539465,83.270068,83.805219,-0.416111,-0.673435,-0.148412,SWE,SE,SWE,SWE,iso_week_date,SWE,752,Sweden,Sweden,Schweden,SWE,0,Sweden,n,Europe
A First wave peak,SI,2010,2010,79.431636,NA,NA,NA,NA,NA,NA,SVN,SI,SVN,SVN,iso_week_date,SVN,705,Slovenia,Slovenia,Slowenien,SVN,0,Slovenia,n,Europe
A First wave peak,SI,2011,2011,79.85878,NA,NA,NA,NA,NA,NA,SVN,SI,SVN,SVN,iso_week_date,SVN,705,Slovenia,Slovenia,Slowenien,SVN,0,Slovenia,n,Europe
A First wave peak,SI,2012,2012,80.156042,NA,NA,NA,NA,NA,NA,SVN,SI,SVN,SVN,iso_week_date,SVN,705,Slovenia,Slovenia,Slowenien,SVN,0,Slovenia,n,Europe
A First wave peak,SI,2013,2013,80.157168,NA,NA,NA,NA,NA,NA,SVN,SI,SVN,SVN,iso_week_date,SVN,705,Slovenia,Slovenia,Slowenien,SVN,0,Slovenia,n,Europe
A First wave peak,SI,2014,2014,81.011398,NA,NA,NA,NA,NA,NA,SVN,SI,SVN,SVN,iso_week_date,SVN,705,Slovenia,Slovenia,Slowenien,SVN,0,Slovenia,n,Europe
A First wave peak,SI,2015,2015,80.494685,NA,NA,NA,NA,NA,NA,SVN,SI,SVN,SVN,iso_week_date,SVN,705,Slovenia,Slovenia,Slowenien,SVN,0,Slovenia,n,Europe
A First wave peak,SI,2016,2016,80.869847,NA,NA,NA,NA,NA,NA,SVN,SI,SVN,SVN,iso_week_date,SVN,705,Slovenia,Slovenia,Slowenien,SVN,0,Slovenia,n,Europe
A First wave peak,SI,2017,2017,80.89414,NA,NA,NA,NA,NA,NA,SVN,SI,SVN,SVN,iso_week_date,SVN,705,Slovenia,Slovenia,Slowenien,SVN,0,Slovenia,n,Europe
A First wave peak,SI,2018,2018,81.214902,NA,NA,NA,NA,NA,NA,SVN,SI,SVN,SVN,iso_week_date,SVN,705,Slovenia,Slovenia,Slowenien,SVN,0,Slovenia,n,Europe
A First wave peak,SI,2019,2019,81.478735,NA,NA,NA,NA,NA,NA,SVN,SI,SVN,SVN,iso_week_date,SVN,705,Slovenia,Slovenia,Slowenien,SVN,0,Slovenia,n,Europe
A First wave peak,SI,2020,2020,80.548882,81.70591,81.305465,82.064885,-1.157028,-1.518043,-0.758484,SVN,SI,SVN,SVN,iso_week_date,SVN,705,Slovenia,Slovenia,Slowenien,SVN,0,Slovenia,n,Europe
A First wave peak,SI,2021,2021,80.831374,81.966265,81.44385,82.469458,-1.134891,-1.641792,-0.578911,SVN,SI,SVN,SVN,iso_week_date,SVN,705,Slovenia,Slovenia,Slowenien,SVN,0,Slovenia,n,Europe
A First wave peak,SI,2022,2022,81.555987,82.232786,81.604147,82.829062,-0.676798,-1.369733,-0.045048,SVN,SI,SVN,SVN,iso_week_date,SVN,705,Slovenia,Slovenia,Slowenien,SVN,0,Slovenia,n,Europe
A First wave peak,SI,2023,2023,82.189838,82.447769,81.691345,83.199272,-0.257931,-1.038583,0.484814,SVN,SI,SVN,SVN,iso_week_date,SVN,705,Slovenia,Slovenia,Slowenien,SVN,0,Slovenia,n,Europe
A First wave peak,SI,2024,2024,82.625226,82.686974,81.935296,83.471352,-0.061748,-0.849746,0.682089,SVN,SI,SVN,SVN,iso_week_date,SVN,705,Slovenia,Slovenia,Slowenien,SVN,0,Slovenia,n,Europe
A First wave peak,SI,2020-2024,NA,81.521603,82.207298,81.642398,82.761712,-0.685695,-1.272571,-0.12473,SVN,SI,SVN,SVN,iso_week_date,SVN,705,Slovenia,Slovenia,Slowenien,SVN,0,Slovenia,n,Europe
B Second wave peak,SK,2010,2010,75.551213,NA,NA,NA,NA,NA,NA,SVK,SK,SVK,SVK,iso_week_date,SVK,703,Slovakia,Slovakia,Slowakei,SVK,0,Slovakia,n,Europe
B Second wave peak,SK,2011,2011,76.016961,NA,NA,NA,NA,NA,NA,SVK,SK,SVK,SVK,iso_week_date,SVK,703,Slovakia,Slovakia,Slowakei,SVK,0,Slovakia,n,Europe
B Second wave peak,SK,2012,2012,76.288195,NA,NA,NA,NA,NA,NA,SVK,SK,SVK,SVK,iso_week_date,SVK,703,Slovakia,Slovakia,Slowakei,SVK,0,Slovakia,n,Europe
B Second wave peak,SK,2013,2013,76.596699,NA,NA,NA,NA,NA,NA,SVK,SK,SVK,SVK,iso_week_date,SVK,703,Slovakia,Slovakia,Slowakei,SVK,0,Slovakia,n,Europe
B Second wave peak,SK,2014,2014,76.924018,NA,NA,NA,NA,NA,NA,SVK,SK,SVK,SVK,iso_week_date,SVK,703,Slovakia,Slovakia,Slowakei,SVK,0,Slovakia,n,Europe
B Second wave peak,SK,2015,2015,76.646916,NA,NA,NA,NA,NA,NA,SVK,SK,SVK,SVK,iso_week_date,SVK,703,Slovakia,Slovakia,Slowakei,SVK,0,Slovakia,n,Europe
B Second wave peak,SK,2016,2016,77.220203,NA,NA,NA,NA,NA,NA,SVK,SK,SVK,SVK,iso_week_date,SVK,703,Slovakia,Slovakia,Slowakei,SVK,0,Slovakia,n,Europe
B Second wave peak,SK,2017,2017,77.1642,NA,NA,NA,NA,NA,NA,SVK,SK,SVK,SVK,iso_week_date,SVK,703,Slovakia,Slovakia,Slowakei,SVK,0,Slovakia,n,Europe
B Second wave peak,SK,2018,2018,77.249562,NA,NA,NA,NA,NA,NA,SVK,SK,SVK,SVK,iso_week_date,SVK,703,Slovakia,Slovakia,Slowakei,SVK,0,Slovakia,n,Europe
B Second wave peak,SK,2019,2019,77.741344,NA,NA,NA,NA,NA,NA,SVK,SK,SVK,SVK,iso_week_date,SVK,703,Slovakia,Slovakia,Slowakei,SVK,0,Slovakia,n,Europe
B Second wave peak,SK,2020,2020,76.948165,78.042685,77.794643,78.296788,-1.09452,-1.358587,-0.833185,SVK,SK,SVK,SVK,iso_week_date,SVK,703,Slovakia,Slovakia,Slowakei,SVK,0,Slovakia,n,Europe
B Second wave peak,SK,2021,2021,74.563847,78.251153,77.864795,78.631449,-3.687306,-4.079753,-3.261014,SVK,SK,SVK,SVK,iso_week_date,SVK,703,Slovakia,Slovakia,Slowakei,SVK,0,Slovakia,n,Europe
B Second wave peak,SK,2022,2022,76.903251,78.468068,77.97914,78.925219,-1.564817,-2.053233,-1.066317,SVK,SK,SVK,SVK,iso_week_date,SVK,703,Slovakia,Slovakia,Slowakei,SVK,0,Slovakia,n,Europe
B Second wave peak,SK,2023,2023,78.147547,78.692258,78.086517,79.288875,-0.544711,-1.153521,0.041407,SVK,SK,SVK,SVK,iso_week_date,SVK,703,Slovakia,Slovakia,Slowakei,SVK,0,Slovakia,n,Europe
B Second wave peak,SK,2024,2024,78.423274,78.905511,78.242098,79.514026,-0.482237,-1.127235,0.242754,SVK,SK,SVK,SVK,iso_week_date,SVK,703,Slovakia,Slovakia,Slowakei,SVK,0,Slovakia,n,Europe
B Second wave peak,SK,2020-2024,NA,76.932509,78.473456,78.064629,78.874639,-1.540947,-1.93784,-1.116873,SVK,SK,SVK,SVK,iso_week_date,SVK,703,Slovakia,Slovakia,Slowakei,SVK,0,Slovakia,n,Europe
C Late peak,TW,2010,2010,79.002889,NA,NA,NA,NA,NA,NA,TWN,TW,TWN,TWN,iso_week_date,TWN,158,Taiwan,Taiwan,Taiwan,TWN,0,Taiwan,n,Asia
C Late peak,TW,2011,2011,78.676531,NA,NA,NA,NA,NA,NA,TWN,TW,TWN,TWN,iso_week_date,TWN,158,Taiwan,Taiwan,Taiwan,TWN,0,Taiwan,n,Asia
C Late peak,TW,2012,2012,79.403573,NA,NA,NA,NA,NA,NA,TWN,TW,TWN,TWN,iso_week_date,TWN,158,Taiwan,Taiwan,Taiwan,TWN,0,Taiwan,n,Asia
C Late peak,TW,2013,2013,79.775255,NA,NA,NA,NA,NA,NA,TWN,TW,TWN,TWN,iso_week_date,TWN,158,Taiwan,Taiwan,Taiwan,TWN,0,Taiwan,n,Asia
C Late peak,TW,2014,2014,79.274094,NA,NA,NA,NA,NA,NA,TWN,TW,TWN,TWN,iso_week_date,TWN,158,Taiwan,Taiwan,Taiwan,TWN,0,Taiwan,n,Asia
C Late peak,TW,2015,2015,79.936347,NA,NA,NA,NA,NA,NA,TWN,TW,TWN,TWN,iso_week_date,TWN,158,Taiwan,Taiwan,Taiwan,TWN,0,Taiwan,n,Asia
C Late peak,TW,2016,2016,79.709519,NA,NA,NA,NA,NA,NA,TWN,TW,TWN,TWN,iso_week_date,TWN,158,Taiwan,Taiwan,Taiwan,TWN,0,Taiwan,n,Asia
C Late peak,TW,2017,2017,80.14455,NA,NA,NA,NA,NA,NA,TWN,TW,TWN,TWN,iso_week_date,TWN,158,Taiwan,Taiwan,Taiwan,TWN,0,Taiwan,n,Asia
C Late peak,TW,2018,2018,80.342718,NA,NA,NA,NA,NA,NA,TWN,TW,TWN,TWN,iso_week_date,TWN,158,Taiwan,Taiwan,Taiwan,TWN,0,Taiwan,n,Asia
C Late peak,TW,2019,2019,80.601818,NA,NA,NA,NA,NA,NA,TWN,TW,TWN,TWN,iso_week_date,TWN,158,Taiwan,Taiwan,Taiwan,TWN,0,Taiwan,n,Asia
C Late peak,TW,2020,2020,81.12364,80.772462,80.39105,81.146564,0.351179,-0.016333,0.725042,TWN,TW,TWN,TWN,iso_week_date,TWN,158,Taiwan,Taiwan,Taiwan,TWN,0,Taiwan,n,Asia
C Late peak,TW,2021,2021,80.752661,80.991431,80.493348,81.503541,-0.23877,-0.759669,0.259842,TWN,TW,TWN,TWN,iso_week_date,TWN,158,Taiwan,Taiwan,Taiwan,TWN,0,Taiwan,n,Asia
C Late peak,TW,2022,2022,79.74591,81.186321,80.461429999999993,81.811002,-1.440411,-2.049279,-0.707027,TWN,TW,TWN,TWN,iso_week_date,TWN,158,Taiwan,Taiwan,Taiwan,TWN,0,Taiwan,n,Asia
C Late peak,TW,2023,2023,80.16285,81.414141,80.602593,82.199987,-1.25129,-2.027641,-0.446368,TWN,TW,TWN,TWN,iso_week_date,TWN,158,Taiwan,Taiwan,Taiwan,TWN,0,Taiwan,n,Asia
C Late peak,TW,2024,2024,80.762205,81.599798,80.563414,82.484172,-0.837593,-1.756721,0.18529,TWN,TW,TWN,TWN,iso_week_date,TWN,158,Taiwan,Taiwan,Taiwan,TWN,0,Taiwan,n,Asia
C Late peak,TW,2020-2024,NA,80.489227,81.195183,80.570047,81.738486,-0.705956,-1.259173,-0.076192,TWN,TW,TWN,TWN,iso_week_date,TWN,158,Taiwan,Taiwan,Taiwan,TWN,0,Taiwan,n,Asia
B Second wave peak,US,2010,2010,78.729912,NA,NA,NA,NA,NA,NA,USA,US,USA,USA,iso_week_date,USA,840,USA,USA,USA,USA,0,USA,n,North America
B Second wave peak,US,2011,2011,78.740373,NA,NA,NA,NA,NA,NA,USA,US,USA,USA,iso_week_date,USA,840,USA,USA,USA,USA,0,USA,n,North America
B Second wave peak,US,2012,2012,78.86547,NA,NA,NA,NA,NA,NA,USA,US,USA,USA,iso_week_date,USA,840,USA,USA,USA,USA,0,USA,n,North America
B Second wave peak,US,2013,2013,78.865755,NA,NA,NA,NA,NA,NA,USA,US,USA,USA,iso_week_date,USA,840,USA,USA,USA,USA,0,USA,n,North America
B Second wave peak,US,2014,2014,78.930755,NA,NA,NA,NA,NA,NA,USA,US,USA,USA,iso_week_date,USA,840,USA,USA,USA,USA,0,USA,n,North America
B Second wave peak,US,2015,2015,78.751837,NA,NA,NA,NA,NA,NA,USA,US,USA,USA,iso_week_date,USA,840,USA,USA,USA,USA,0,USA,n,North America
B Second wave peak,US,2016,2016,78.712072,NA,NA,NA,NA,NA,NA,USA,US,USA,USA,iso_week_date,USA,840,USA,USA,USA,USA,0,USA,n,North America
B Second wave peak,US,2017,2017,78.655547,NA,NA,NA,NA,NA,NA,USA,US,USA,USA,iso_week_date,USA,840,USA,USA,USA,USA,0,USA,n,North America
B Second wave peak,US,2018,2018,78.799686,NA,NA,NA,NA,NA,NA,USA,US,USA,USA,iso_week_date,USA,840,USA,USA,USA,USA,0,USA,n,North America
B Second wave peak,US,2019,2019,78.914057,NA,NA,NA,NA,NA,NA,USA,US,USA,USA,iso_week_date,USA,840,USA,USA,USA,USA,0,USA,n,North America
B Second wave peak,US,2020,2020,77.04519,79.141726,79.001711,79.276234,-2.096537,-2.233314,-1.952625,USA,US,USA,USA,iso_week_date,USA,840,USA,USA,USA,USA,0,USA,n,North America
B Second wave peak,US,2021,2021,76.459189,79.25274,79.080618,79.452234,-2.793551,-2.996893,-2.617792,USA,US,USA,USA,iso_week_date,USA,840,USA,USA,USA,USA,0,USA,n,North America
B Second wave peak,US,2022,2022,77.566148,79.365984,79.149363,79.591585,-1.799836,-2.026932,-1.581314,USA,US,USA,USA,iso_week_date,USA,840,USA,USA,USA,USA,0,USA,n,North America
B Second wave peak,US,2023,2023,78.609278,79.476383,79.245369,79.77058,-0.867105,-1.171189,-0.633262,USA,US,USA,USA,iso_week_date,USA,840,USA,USA,USA,USA,0,USA,n,North America
B Second wave peak,US,2024,2024,79.198864,79.586872,79.284133,79.93162,-0.388008,-0.738653,-0.083145,USA,US,USA,USA,iso_week_date,USA,840,USA,USA,USA,USA,0,USA,n,North America
B Second wave peak,US,2020-2024,NA,77.760101,79.367712,79.197113,79.575811,-1.607611,-1.816127,-1.434433,USA,US,USA,USA,iso_week_date,USA,840,USA,USA,USA,USA,0,USA,n,North America
