region,sex,year,e0deficit_Q025,e0deficit_Q50,e0deficit_Q975,e0expected_Q50,e0observed,e0_deficit_pval,sig
AT,Male,2020,-1.197242,-0.797272,-0.448279,79.745379,78.944924,0,sig
AT,Male,2021,-1.716844,-1.107119,-0.60236,79.90951,78.804632,0,sig
AT,Male,2022,-1.816439,-1.075952,-0.371203,80.123805,79.064506,0.004,sig
AT,Male,2023,-1.621486,-0.851119,-0.11669,80.318202,79.446961,0.016,sig
AT,Male,2024,-1.420756,-0.628265,0.251577,80.526715,79.888,0.076,ns
AT,Male,2020-2024,-1.464069,-0.896006,-0.357782,80.126535,79.233265,0.004,sig
BE,Male,2020,-1.747716,-1.330871,-0.887238,79.82561,78.495635,0,sig
BE,Male,2021,-1.388203,-0.828267,-0.259096,80.033939,79.206892,0,sig
BE,Male,2022,-1.443204,-0.693767,-0.016463,80.2354,79.525947,0.024,sig
BE,Male,2023,-1.255734,-0.473503,0.417129,80.469842,79.99019,0.132,ns
BE,Male,2024,-1.467204,-0.545704,0.480172,80.710801,80.160377,0.124,ns
BE,Male,2020-2024,-1.416773,-0.795564,-0.201667,80.257129,79.461755,0.012,sig
BG,Male,2020,-2.073629,-1.726178,-1.318284,71.689077,69.979525,0,sig
BG,Male,2021,-4.3465,-3.772659,-3.231863,71.811644,68.040094,0,sig
BG,Male,2022,-1.681961,-1.143814,-0.465156,71.921981,70.781675,0,sig
BG,Male,2023,-0.317455,0.347445,1.100627,72.065279,72.405025,1,ns
BG,Male,2024,-0.225996,0.47037,1.270217,72.196387,72.661654,1,ns
BG,Male,2020-2024,-1.828096,-1.300639,-0.754948,71.921921,70.621759,0,sig
CH,Male,2020,-1.651354,-1.095714,-0.61868,82.096168,81.0034,0,sig
CH,Male,2021,-1.473621,-0.675082,-0.012848,82.266075,81.620554,0.02,sig
CH,Male,2022,-1.725785,-0.90753,0.022861,82.524484,81.622084,0.02,sig
CH,Male,2023,-1.511659,-0.484545,0.551973,82.700877,82.227995,0.172,ns
CH,Male,2024,-1.503598,-0.484513,0.71863,82.954447,82.442233,0.212,ns
CH,Male,2020-2024,-1.546631,-0.735755,0.042497,82.518649,81.777929,0.036,sig
CL,Male,2020,-1.738923,-1.538279,-1.282248,77.573967,76.0373,0,sig
CL,Male,2021,-2.656262,-2.374952,-2.087989,77.781582,75.407157,0,sig
CL,Male,2022,-2.43051,-2.006181,-1.684771,77.968773,75.967149,0,sig
CL,Male,2023,-0.974043,-0.545359,-0.155232,78.159224,77.615686,0.004,sig
CL,Male,2024,-0.950206,-0.525492,-0.057634,78.370284,77.846925,0.008,sig
CL,Male,2020-2024,-1.747111,-1.407369,-1.117077,77.975753,76.563011,0,sig
CZ,Male,2020,-1.54194,-1.246089,-0.852024,76.466071,75.22277,0,sig
CZ,Male,2021,-2.957459,-2.567454,-2.059404,76.666125,74.105303,0,sig
CZ,Male,2022,-1.249428,-0.741331,-0.146901,76.877953,76.135021,0.004,sig
CZ,Male,2023,-0.702686,-0.050388,0.571446,77.012408,76.964151,0.42,ns
CZ,Male,2024,-0.613223,-0.02583,0.673867,77.203588,77.182785,0.464,ns
CZ,Male,2020-2024,-1.365505,-0.982177,-0.501699,76.851286,75.866082,0,sig
DE,Male,2020,-0.691966,-0.377137,-0.038867,78.985147,78.605617,0.02,sig
DE,Male,2021,-1.383255,-0.829786,-0.313056,79.136432,78.304684,0,sig
DE,Male,2022,-1.449259,-0.944109,-0.310138,79.276659,78.327713,0,sig
DE,Male,2023,-1.090113,-0.447798,0.224633,79.44913,78.996978,0.116,ns
DE,Male,2024,-0.879289,-0.20022,0.595141,79.610585,79.401649,0.3,ns
DE,Male,2020-2024,-1.068921,-0.549622,-0.042511,79.278345,78.726415,0.02,sig
DK,Male,2020,-0.371768,-0.064775,0.297477,79.64304,79.581885,0.352,ns
DK,Male,2021,-0.763128,-0.305945,0.137416,79.877027,79.576273,0.08,ns
DK,Male,2022,-1.194575,-0.643842,-0.156518,80.080766,79.436046,0,sig
DK,Male,2023,-1.276939,-0.557244,0.021082,80.290384,79.728018,0.032,sig
DK,Male,2024,-1.049354,-0.369204,0.312238,80.531924,80.175158,0.168,ns
DK,Male,2020-2024,-0.893679,-0.377005,0.070771,80.08572,79.701572,0.036,sig
EE,Male,2020,-1.219342,-0.394801,0.485305,74.818589,74.411189,0.172,ns
EE,Male,2021,-3.635092,-2.536036,-1.074494,75.20276,72.668471,0,sig
EE,Male,2022,-3.203215,-1.834288,-0.287437,75.495955,73.626266,0.004,sig
EE,Male,2023,-2.752584,-1.294684,0.325437,75.810074,74.520699,0.068,ns
EE,Male,2024,-2.545817,-1.027324,0.728733,76.159366,75.125827,0.136,ns
EE,Male,2020-2024,-2.524028,-1.480553,-0.147603,75.497687,74.03596,0.012,sig
ES,Male,2020,-1.889254,-1.488413,-1.030865,80.954377,79.466972,0,sig
ES,Male,2021,-1.645404,-0.967644,-0.387783,81.109111,80.150398,0,sig
ES,Male,2022,-1.712016,-0.990021,-0.219142,81.321953,80.324736,0,sig
ES,Male,2023,-1.343785,-0.447227,0.361842,81.530594,81.081351,0.156,ns
ES,Male,2024,-1.507779,-0.33977,0.557169,81.667891,81.315606,0.212,ns
ES,Male,2020-2024,-1.516506,-0.852849,-0.249953,81.309181,80.454283,0.004,sig
FI,Male,2020,-0.79548,-0.522355,-0.196379,79.525746,79.018801,0,sig
FI,Male,2021,-1.063835,-0.662345,-0.271771,79.786351,79.128503,0,sig
FI,Male,2022,-1.9447,-1.399416,-0.966607,80.021393,78.625455,0,sig
FI,Male,2023,-1.914197,-1.320045,-0.838856,80.260324,78.964729,0,sig
FI,Male,2024,-1.39191,-0.836977,-0.258829,80.52448,79.678872,0,sig
FI,Male,2020-2024,-1.347751,-0.954584,-0.582193,80.023481,79.070206,0,sig
FR,Male,2020,-1.137493,-0.796895,-0.407207,79.964864,79.170747,0,sig
FR,Male,2021,-1.453267,-0.86143,-0.337145,80.122645,79.258995,0,sig
FR,Male,2022,-1.592807,-0.964558,-0.283716,80.330946,79.360988,0,sig
FR,Male,2023,-1.32409,-0.516974,0.194383,80.53533,80.012118,0.084,ns
FR,Male,2024,-1.466934,-0.497736,0.299381,80.677145,80.187579,0.12,ns
FR,Male,2020-2024,-1.313052,-0.728904,-0.192125,80.320188,79.595557,0.004,sig
GB-EAW,Male,2020,-1.633266,-1.345805,-1.100189,79.863579,78.526194,0,sig
GB-EAW,Male,2021,-1.696391,-1.293542,-0.922473,79.987879,78.687395,0,sig
GB-EAW,Male,2022,-1.341969,-0.850196,-0.381484,80.09118,79.233903,0,sig
GB-EAW,Male,2023,-1.488123,-0.91192,-0.372742,80.200777,79.279522,0,sig
GB-EAW,Male,2024,-1.191627,-0.462122,0.089798,80.272897,79.811064,0.056,ns
GB-EAW,Male,2020-2024,-1.404414,-0.981369,-0.618301,80.090901,79.106119,0,sig
GB-NIR,Male,2020,-1.787374,-1.158201,-0.4851,79.373136,78.225456,0,sig
GB-NIR,Male,2021,-2.141973,-1.400683,-0.518634,79.564074,78.156418,0,sig
GB-NIR,Male,2022,-1.829934,-0.848379,0.149969,79.694922,78.867954,0.032,sig
GB-NIR,Male,2023,-1.672103,-0.565785,0.513568,79.886404,79.287175,0.112,ns
GB-NIR,Male,2024,-2.732586,-1.682423,-0.571308,80.038707,78.372251,0.004,sig
GB-NIR,Male,2020-2024,-1.943131,-1.130249,-0.337832,79.719519,78.576251,0.012,sig
GB-SCT,Male,2020,-1.451251,-1.228392,-0.984247,77.394813,76.170443,0,sig
GB-SCT,Male,2021,-1.359133,-1.074187,-0.733156,77.471852,76.395061,0,sig
GB-SCT,Male,2022,-0.779623,-0.449843,-0.117104,77.539782,77.076103,0,sig
GB-SCT,Male,2023,-0.671864,-0.366919,0.074552,77.613719,77.23099,0.04,sig
GB-SCT,Male,2024,-0.082558,0.260768,0.68155,77.671785,77.934146,1,ns
GB-SCT,Male,2020-2024,-0.8245,-0.583357,-0.279771,77.536994000000007,76.956928,0,sig
GR,Male,2020,-0.776059,-0.25042,0.240954,78.991884,78.737513,0.164,ns
GR,Male,2021,-2.403646,-1.71418,-1.003073,79.111446,77.416364,0,sig
GR,Male,2022,-1.93051,-1.098066,-0.287571,79.266403,78.182898,0.012,sig
GR,Male,2023,-1.275104,-0.375584,0.541135,79.331365,78.971857,0.224,ns
GR,Male,2024,-1.44547,-0.525938,0.474642,79.503701,78.975714,0.148,ns
GR,Male,2020-2024,-1.4891,-0.778509,-0.095378,79.229193,78.444328,0.012,sig
HR,Male,2020,-1.470815,-0.933825,-0.389961,75.555772,74.632205,0,sig
HR,Male,2021,-2.635743,-1.902223,-1.074972,75.734343,73.843816,0,sig
HR,Male,2022,-1.68701,-0.823003,0.100612,75.980281,75.160519,0.04,sig
HR,Male,2023,-1.119656,-0.031588,1.084851,76.197947,76.187598,0.492,ns
HR,Male,2024,-0.853712,0.17338,1.458176,76.450833,76.601449,1,ns
HR,Male,2020-2024,-1.494782,-0.744934,0.037162,75.993833,75.230862,0.036,sig
HU,Male,2020,-1.288651,-1.001737,-0.660613,73.312442,72.324999,0,sig
HU,Male,2021,-3.162564,-2.811312,-2.408702,73.55191,70.746473,0,sig
HU,Male,2022,-1.505436,-1.059095,-0.567368,73.797142,72.724902,0,sig
HU,Male,2023,-0.723002,-0.21528,0.310742,73.975767,73.781346,0.208,ns
HU,Male,2024,-0.570204,-0.069667,0.522206,74.197503,74.130038,0.408,ns
HU,Male,2020-2024,-1.402901,-1.087995,-0.688812,73.77073,72.691217,0,sig
IL,Male,2020,-0.7824,-0.575054,-0.37319,80.820625,80.256535,0,sig
IL,Male,2021,-1.273625,-0.914467,-0.625345,80.895576,79.988284,0,sig
IL,Male,2022,-1.279545,-0.887633,-0.495202,80.998408,80.129456,0,sig
IL,Male,2023,-1.128555,-0.711931,-0.327931,81.091408,80.373611,0.004,sig
IL,Male,2024,-1.395675,-0.907812,-0.374592,81.193066,80.280586,0,sig
IL,Male,2020-2024,-1.127957,-0.80071,-0.501551,81.007534,80.200987,0,sig
IS,Male,2020,-1.353874,-0.18748,1.039417,81.391824,81.188262,0.36,ns
IS,Male,2021,-1.743636,-0.084566,1.752494,81.606944,81.508975,0.468,ns
IS,Male,2022,-3.071175,-0.926211,1.162398,81.759998,80.799917,0.164,ns
IS,Male,2023,-3.619502,-1.02827,1.348617,81.820727,80.708649,0.164,ns
IS,Male,2024,-3.571744,-0.692481,1.570058,81.909845,81.182891,0.28,ns
IS,Male,2020-2024,-2.346875,-0.638002,1.041328,81.706284,81.053958,0.24,ns
IT,Male,2020,-1.990437,-1.431105,-0.748731,81.28211,79.852897,0,sig
IT,Male,2021,-1.941213,-1.178035,-0.33088,81.463706,80.287977,0.008,sig
IT,Male,2022,-2.044214,-1.102498,-0.009265,81.669933,80.560537,0.024,sig
IT,Male,2023,-1.598553,-0.423834,0.750004,81.734849,81.305099,0.216,ns
IT,Male,2024,-1.377966,-0.240834,1.041383,81.907713,81.663347,0.348,ns
IT,Male,2020-2024,-1.606063,-0.905079,-0.004381,81.619755,80.718135,0.024,sig
JP,Male,2020,-0.193903,-0.002468,0.205272,81.588823,81.589636,1,ns
JP,Male,2021,-0.579384,-0.287146,0.015741,81.774228,81.489484,0.032,sig
JP,Male,2022,-1.292827,-0.921646,-0.588052,81.985026,81.05751,0,sig
JP,Male,2023,-1.499694,-1.07359,-0.653197,82.183393,81.108945,0,sig
JP,Male,2024,-1.674229,-1.276166,-0.776783,82.394483,81.11767,0,sig
JP,Male,2020-2024,-1.016407,-0.729756,-0.407708,81.991047,81.259661,0,sig
LT,Male,2020,-2.345032,-1.688827,-0.93351,71.935806,70.282162,0,sig
LT,Male,2021,-3.654417,-2.703392,-1.805548,72.306843,69.618462,0,sig
LT,Male,2022,-2.355599,-1.268348,-0.233899,72.671903,71.392109,0.004,sig
LT,Male,2023,-1.313458,-0.077823,1.303769,72.990051,72.894542,0.44,ns
LT,Male,2024,-1.532509,-0.320276,0.994539,73.385849,73.029737,0.34,ns
LT,Male,2020-2024,-2.138488,-1.250483,-0.388801,72.661883,71.404174,0.008,sig
LU,Male,2020,-1.371051,-0.691332,0.013,80.337966,79.643587,0.008,sig
LU,Male,2021,-1.027598,-0.195022,0.656827,80.558469,80.307619,0.3,ns
LU,Male,2022,-1.226619,-0.204065,0.784937,80.715144,80.456172,0.312,ns
LU,Male,2023,-0.221174,0.557377,1.786663,80.882304,81.442496,1,ns
LU,Male,2024,-1.342589,-0.505872,0.832916,81.041091,80.501745,0.176,ns
LU,Male,2020-2024,-0.877215,-0.243098,0.602216,80.675176,80.453545,0.244,ns
LV,Male,2020,-1.073845,-0.416614,0.15117,71.005254,70.581809,0.056,ns
LV,Male,2021,-3.8827,-3.092737,-2.366747,71.29414,68.215557,0,sig
LV,Male,2022,-3.038283,-2.158472,-1.200911,71.607392,69.484967,0,sig
LV,Male,2023,-2.451706,-1.444135,-0.378985,71.923601,70.442132,0,sig
LV,Male,2024,-1.92391,-0.844589,0.397402,72.2447,71.403763,0.104,ns
LV,Male,2020-2024,-2.293641,-1.651683,-0.848544,71.624791,69.969232,0,sig
NL,Male,2020,-1.250019,-0.955391,-0.606449,80.624229,79.676557,0,sig
NL,Male,2021,-1.529746,-1.091967,-0.566468,80.781099,79.694046,0,sig
NL,Male,2022,-1.445598,-0.851748,-0.252602,80.98063,80.121865,0,sig
NL,Male,2023,-1.529799,-0.829387,-0.173241,81.161763,80.318372,0.004,sig
NL,Male,2024,-1.485156,-0.821441,0.025842,81.365071,80.546583,0.028,sig
NL,Male,2020-2024,-1.408731,-0.922993,-0.394962,80.99648,80.076427,0,sig
NO,Male,2020,-0.242934,-0.034728,0.184774,81.501896,81.476808,0.332,ns
NO,Male,2021,-0.417423,-0.17163,0.085482,81.753732,81.58508,0.088,ns
NO,Male,2022,-1.372706,-1.098258,-0.818434,82.008882,80.903932,0,sig
NO,Male,2023,-1.16476,-0.845681,-0.487756,82.22642,81.395377,0,sig
NO,Male,2024,-1.242731,-0.889114,-0.553584,82.467942,81.570138,0,sig
NO,Male,2020-2024,-0.808256,-0.628348,-0.374892,82.001638,81.379111,0,sig
PL,Male,2020,-2.10395,-1.67523,-1.150413,74.147402,72.474299,0,sig
PL,Male,2021,-3.373644,-2.726951,-1.988667,74.366425,71.634992,0,sig
PL,Male,2022,-2.008235,-1.120969,-0.277346,74.557667,73.418385,0.004,sig
PL,Male,2023,-1.094282,-0.048403,0.89131,74.708754,74.663327,0.476,ns
PL,Male,2024,-0.908974,0.172551,1.064871,74.870694,75.045157,1,ns
PL,Male,2020-2024,-1.862233,-1.142381,-0.396592,74.539201,73.400638,0,sig
PT,Male,2020,-1.229597,-0.840305,-0.381042,79.232744,78.395217,0,sig
PT,Male,2021,-1.698882,-1.021072,-0.424439,79.445459,78.420751,0,sig
PT,Male,2022,-1.575653,-0.83202,-0.09471,79.646061,78.813295,0.012,sig
PT,Male,2023,-1.462515,-0.526127,0.360998,79.897652,79.368495,0.096,ns
PT,Male,2024,-1.296359,-0.343566,0.573212,80.105586,79.734619,0.228,ns
PT,Male,2020-2024,-1.320372,-0.704218,-0.036641,79.658722,78.948778,0.016,sig
SE,Male,2020,-1.159563,-0.879288,-0.556953,81.48393,80.611124,0,sig
SE,Male,2021,-0.905504,-0.440437,-0.052942,81.652566,81.222757,0.012,sig
SE,Male,2022,-0.96222,-0.482225,0.024691,81.858924,81.369916,0.036,sig
SE,Male,2023,-1.058428,-0.45281,0.11218500000000001,82.06201,81.587007,0.044,sig
SE,Male,2024,-0.669792,0.066935,0.6942,82.217475,82.289511,1,ns
SE,Male,2020-2024,-0.892043,-0.438965,-0.033744,81.854315,81.417672,0.02,sig
SI,Male,2020,-1.58926,-1.088714,-0.375582,78.77194,77.70573,0,sig
SI,Male,2021,-2.1983,-1.391835,-0.511834,79.050032,77.668858,0,sig
SI,Male,2022,-1.680698,-0.553925,0.475711,79.294684,78.740144,0.144,ns
SI,Male,2023,-1.505764,-0.308523,0.82967900000000006,79.491926,79.180032,0.324,ns
SI,Male,2024,-1.233844,0.070301,1.134709,79.701076,79.798293,1,ns
SI,Male,2020-2024,-1.577867,-0.664898,0.156161,79.273867,78.590416,0.052,ns
SK,Male,2020,-1.428476,-0.958588,-0.509181,74.402853,73.429146,0,sig
SK,Male,2021,-4.104563,-3.451889,-2.86393,74.608045,71.169554,0,sig
SK,Male,2022,-2.270525,-1.375583,-0.643113,74.874472,73.477994,0,sig
SK,Male,2023,-1.428078,-0.465686,0.559831,75.167724,74.674835,0.152,ns
SK,Male,2024,-1.331875,-0.384904,0.87978,75.386866,75.034548,0.224,ns
SK,Male,2020-2024,-2.106768,-1.422245,-0.724221,74.898283,73.490078,0,sig
TW,Male,2020,-0.028314,0.379329,0.881091,77.673529,78.040679,1,ns
TW,Male,2021,-0.779503,-0.225152,0.459544,77.839194,77.610989,0.244,ns
TW,Male,2022,-1.996928,-1.298656,-0.505872,77.958512,76.663047,0,sig
TW,Male,2023,-2.064184,-1.215844,-0.349782,78.140953,76.931492,0,sig
TW,Male,2024,-1.856433,-0.920076,0.229206,78.284591,77.347615,0.048,sig
TW,Male,2020-2024,-1.284963,-0.689777,0.03894,77.990357,77.300289,0.032,sig
US,Male,2020,-2.013714,-1.98891,-1.96205,76.335705,74.346375,0,sig
US,Male,2021,-2.710011,-2.677691,-2.644418,76.325027,73.647297,0,sig
US,Male,2022,-1.437673,-1.396261,-1.355918,76.312971,74.915088,0,sig
US,Male,2023,-0.356008,-0.311952,-0.256281,76.298387,75.984031,0,sig
US,Male,2024,0.395265,0.454813,0.529051,76.282141,76.736365,1,ns
US,Male,2020-2024,-1.235203,-1.205346,-1.169446,76.313233,75.107727,0,sig
