year,sex,region,e0_actual,e0_expected_avg,e0_expected_q050,e0_expected_q950,e0_deficit_avg,e0_deficit_q050,e0_deficit_q950,year_int,e0_deficit_pval,region_code_iso3166_2_alpha3,country_code_iso3166_1,country_code_iso3166_1_alpha3,region_code_stmf,calendar_stmf,region_code_hmd,region_code_wpp,region_code_coverage,region_name_en,region_name_de,region_name_short,region_level,country_name,hemisphere,continent,group,label
2020,Male,BE,78.90074,80.305003,79.91446,80.684057,-1.404263,-1.789693,-0.995967,2020,0,BEL,BE,BEL,BEL,iso_week_date,BEL,56,Belgium,Belgium,Belgien,BEL,0,Belgium,n,Europe,A First wave peak,A First wave peak Belgium
2021,Male,BE,79.68673,80.547375,79.996239,81.111996,-0.860645,-1.418867,-0.314653,2021,0.004,BEL,BE,BEL,BEL,iso_week_date,BEL,56,Belgium,Belgium,Belgien,BEL,0,Belgium,n,Europe,A First wave peak,A First wave peak Belgium
2022,Male,BE,79.950535,80.803514,80.083137,81.572226,-0.852979,-1.597112,-0.128026,2022,0.024,BEL,BE,BEL,BEL,iso_week_date,BEL,56,Belgium,Belgium,Belgien,BEL,0,Belgium,n,Europe,A First wave peak,A First wave peak Belgium
2023,Male,BE,80.616247,81.04714,80.209063,81.864071,-0.430893,-1.242732,0.403206,2023,0.216,BEL,BE,BEL,BEL,iso_week_date,BEL,56,Belgium,Belgium,Belgien,BEL,0,Belgium,n,Europe,A First wave peak,A First wave peak Belgium
2024,Male,BE,80.780864,81.324187,80.354667,82.276638,-0.543323,-1.440828,0.375607,2024,0.172,BEL,BE,BEL,BEL,iso_week_date,BEL,56,Belgium,Belgium,Belgien,BEL,0,Belgium,n,Europe,A First wave peak,A First wave peak Belgium
2020-2024,Male,BE,79.969486,80.804798,80.213425,81.422439,-0.835312,-1.458661,-0.249731,NA,0.012,BEL,BE,BEL,BEL,iso_week_date,BEL,56,Belgium,Belgium,Belgien,BEL,0,Belgium,n,Europe,A First wave peak,A First wave peak Belgium
2020,Female,BE,83.43295,84.524247,84.139107,84.89056,-1.091297,-1.4835,-0.726079,2020,0,BEL,BE,BEL,BEL,iso_week_date,BEL,56,Belgium,Belgium,Belgien,BEL,0,Belgium,n,Europe,A First wave peak,A First wave peak Belgium
2021,Female,BE,84.3718,84.652005,84.135342,85.143316,-0.280206,-0.776637,0.235652,2021,0.18,BEL,BE,BEL,BEL,iso_week_date,BEL,56,Belgium,Belgium,Belgien,BEL,0,Belgium,n,Europe,A First wave peak,A First wave peak Belgium
2022,Female,BE,84.088051,84.793484,84.149556,85.436267,-0.705433,-1.336504,-0.065146,2022,0.032,BEL,BE,BEL,BEL,iso_week_date,BEL,56,Belgium,Belgium,Belgien,BEL,0,Belgium,n,Europe,A First wave peak,A First wave peak Belgium
2023,Female,BE,84.749631,84.972283,84.30816,85.734142,-0.222652,-0.992047,0.447548,2023,0.328,BEL,BE,BEL,BEL,iso_week_date,BEL,56,Belgium,Belgium,Belgien,BEL,0,Belgium,n,Europe,A First wave peak,A First wave peak Belgium
2024,Female,BE,84.878136,85.094073,84.282459,85.878702,-0.215937,-0.990013,0.629529,2024,0.332,BEL,BE,BEL,BEL,iso_week_date,BEL,56,Belgium,Belgium,Belgien,BEL,0,Belgium,n,Europe,A First wave peak,A First wave peak Belgium
2020-2024,Female,BE,84.284795,84.805525,84.292285,85.402677,-0.52073,-1.110818,-0.007542,NA,0.048,BEL,BE,BEL,BEL,iso_week_date,BEL,56,Belgium,Belgium,Belgien,BEL,0,Belgium,n,Europe,A First wave peak,A First wave peak Belgium
2020,Total,BE,81.174669,82.454431,82.178571,82.724948,-1.279762,-1.556193,-0.99835,2020,0,BEL,BE,BEL,BEL,iso_week_date,BEL,56,Belgium,Belgium,Belgien,BEL,0,Belgium,n,Europe,A First wave peak,A First wave peak Belgium
2021,Total,BE,82.0525,82.639764,82.26581,83.088991,-0.587264,-1.024276,-0.207053,2021,0.008,BEL,BE,BEL,BEL,iso_week_date,BEL,56,Belgium,Belgium,Belgien,BEL,0,Belgium,n,Europe,A First wave peak,A First wave peak Belgium
2022,Total,BE,82.05143,82.838357,82.32512,83.360714,-0.786928,-1.301146,-0.243127,2022,0,BEL,BE,BEL,BEL,iso_week_date,BEL,56,Belgium,Belgium,Belgien,BEL,0,Belgium,n,Europe,A First wave peak,A First wave peak Belgium
2023,Total,BE,82.724008,83.04811,82.45666,83.603372,-0.324102,-0.894266,0.266883,2023,0.148,BEL,BE,BEL,BEL,iso_week_date,BEL,56,Belgium,Belgium,Belgien,BEL,0,Belgium,n,Europe,A First wave peak,A First wave peak Belgium
2024,Total,BE,82.861943,83.245951,82.591659,83.873556,-0.384008,-1.021256,0.286551,2024,0.16,BEL,BE,BEL,BEL,iso_week_date,BEL,56,Belgium,Belgium,Belgien,BEL,0,Belgium,n,Europe,A First wave peak,A First wave peak Belgium
2020-2024,Total,BE,82.155178,82.845106,82.404185,83.273518,-0.689928,-1.137506,-0.237069,NA,0,BEL,BE,BEL,BEL,iso_week_date,BEL,56,Belgium,Belgium,Belgien,BEL,0,Belgium,n,Europe,A First wave peak,A First wave peak Belgium
2020,Male,BG,70.421376,72.02908,71.652093,72.397353,-1.607703,-1.969606,-1.220974,2020,0,BGR,BG,BGR,BGR,iso_week_date,BGR,100,Bulgaria,Bulgaria,Bulgarien,BGR,0,Bulgaria,n,Europe,B Second wave peak,B Second wave peak Bulgaria
2021,Male,BG,68.235329,72.209875,71.672287,72.786914,-3.974547,-4.594448,-3.399424,2021,0,BGR,BG,BGR,BGR,iso_week_date,BGR,100,Bulgaria,Bulgaria,Bulgarien,BGR,0,Bulgaria,n,Europe,B Second wave peak,B Second wave peak Bulgaria
2022,Male,BG,71.011693,72.348561,71.698088,72.963159,-1.336868,-1.951356,-0.679661,2022,0,BGR,BG,BGR,BGR,iso_week_date,BGR,100,Bulgaria,Bulgaria,Bulgarien,BGR,0,Bulgaria,n,Europe,B Second wave peak,B Second wave peak Bulgaria
2023,Male,BG,72.575777,72.543544,71.838392,73.24392,0.032233,-0.690322,0.72517,2023,1,BGR,BG,BGR,BGR,iso_week_date,BGR,100,Bulgaria,Bulgaria,Bulgarien,BGR,0,Bulgaria,n,Europe,B Second wave peak,B Second wave peak Bulgaria
2024,Male,BG,72.931638,72.727904,71.850109,73.55306,0.203734,-0.588003,1.092064,2024,1,BGR,BG,BGR,BGR,iso_week_date,BGR,100,Bulgaria,Bulgaria,Bulgarien,BGR,0,Bulgaria,n,Europe,B Second wave peak,B Second wave peak Bulgaria
2020-2024,Male,BG,70.881878,72.366344,71.818503,72.943218,-1.484467,-2.089941,-0.959202,NA,0,BGR,BG,BGR,BGR,iso_week_date,BGR,100,Bulgaria,Bulgaria,Bulgarien,BGR,0,Bulgaria,n,Europe,B Second wave peak,B Second wave peak Bulgaria
2020,Female,BG,78.084914,79.309255,78.854209,79.735545,-1.224342,-1.639362,-0.803719,2020,0,BGR,BG,BGR,BGR,iso_week_date,BGR,100,Bulgaria,Bulgaria,Bulgarien,BGR,0,Bulgaria,n,Europe,B Second wave peak,B Second wave peak Bulgaria
2021,Female,BG,75.403409,79.519536,78.890388,80.075542,-4.116127,-4.709423,-3.471303,2021,0,BGR,BG,BGR,BGR,iso_week_date,BGR,100,Bulgaria,Bulgaria,Bulgarien,BGR,0,Bulgaria,n,Europe,B Second wave peak,B Second wave peak Bulgaria
2022,Female,BG,78.30738,79.715815,79.013233,80.396509,-1.408435,-2.061609,-0.737355,2022,0,BGR,BG,BGR,BGR,iso_week_date,BGR,100,Bulgaria,Bulgaria,Bulgarien,BGR,0,Bulgaria,n,Europe,B Second wave peak,B Second wave peak Bulgaria
2023,Female,BG,79.946236,79.92056,79.049936,80.72061,0.025676,-0.775721,0.869068,2023,1,BGR,BG,BGR,BGR,iso_week_date,BGR,100,Bulgaria,Bulgaria,Bulgarien,BGR,0,Bulgaria,n,Europe,B Second wave peak,B Second wave peak Bulgaria
2024,Female,BG,79.926187,80.104276,79.125007,80.925523,-0.178089,-1.026416,0.785247,2024,0.368,BGR,BG,BGR,BGR,iso_week_date,BGR,100,Bulgaria,Bulgaria,Bulgarien,BGR,0,Bulgaria,n,Europe,B Second wave peak,B Second wave peak Bulgaria
2020-2024,Female,BG,78.217887,79.707532,79.076162,80.315636,-1.489645,-2.080755,-0.863916,NA,0,BGR,BG,BGR,BGR,iso_week_date,BGR,100,Bulgaria,Bulgaria,Bulgarien,BGR,0,Bulgaria,n,Europe,B Second wave peak,B Second wave peak Bulgaria
2020,Total,BG,74.118017,75.608617,75.259599,75.923307,-1.4906,-1.814822,-1.129565,2020,0,BGR,BG,BGR,BGR,iso_week_date,BGR,100,Bulgaria,Bulgaria,Bulgarien,BGR,0,Bulgaria,n,Europe,B Second wave peak,B Second wave peak Bulgaria
2021,Total,BG,71.654227,75.810058,75.360452,76.248915,-4.155832,-4.619037,-3.740147,2021,0,BGR,BG,BGR,BGR,iso_week_date,BGR,100,Bulgaria,Bulgaria,Bulgarien,BGR,0,Bulgaria,n,Europe,B Second wave peak,B Second wave peak Bulgaria
2022,Total,BG,74.569626,75.979433,75.504388,76.497058,-1.409807,-1.955298,-0.92124,2022,0,BGR,BG,BGR,BGR,iso_week_date,BGR,100,Bulgaria,Bulgaria,Bulgarien,BGR,0,Bulgaria,n,Europe,B Second wave peak,B Second wave peak Bulgaria
2023,Total,BG,76.21318,76.179262,75.590059,76.760906,0.033918,-0.557493,0.598181,2023,1,BGR,BG,BGR,BGR,iso_week_date,BGR,100,Bulgaria,Bulgaria,Bulgarien,BGR,0,Bulgaria,n,Europe,B Second wave peak,B Second wave peak Bulgaria
2024,Total,BG,76.40102,76.361016,75.706378,77.044296,0.040004,-0.61559,0.718182,2024,1,BGR,BG,BGR,BGR,iso_week_date,BGR,100,Bulgaria,Bulgaria,Bulgarien,BGR,0,Bulgaria,n,Europe,B Second wave peak,B Second wave peak Bulgaria
2020-2024,Total,BG,74.454653,75.982502,75.527236,76.440308,-1.527849,-1.992413,-1.083771,NA,0,BGR,BG,BGR,BGR,iso_week_date,BGR,100,Bulgaria,Bulgaria,Bulgarien,BGR,0,Bulgaria,n,Europe,B Second wave peak,B Second wave peak Bulgaria
2020,Male,CH,81.508779,82.597663,82.219312,82.982966,-1.088885,-1.493712,-0.696871,2020,0,CHE,CH,CHE,CHE,iso_week_date,CHE,756,Switzerland,Switzerland,Schweiz,CHE,0,Switzerland,n,Europe,A First wave peak,A First wave peak Switzerland
2021,Male,CH,82.194646,82.830242,82.354592,83.358287,-0.635596,-1.200106,-0.109553,2021,0.008,CHE,CH,CHE,CHE,iso_week_date,CHE,756,Switzerland,Switzerland,Schweiz,CHE,0,Switzerland,n,Europe,A First wave peak,A First wave peak Switzerland
2022,Male,CH,82.179411,83.040508,82.393444,83.688825,-0.861096,-1.478995,-0.186043,2022,0.004,CHE,CH,CHE,CHE,iso_week_date,CHE,756,Switzerland,Switzerland,Schweiz,CHE,0,Switzerland,n,Europe,A First wave peak,A First wave peak Switzerland
2023,Male,CH,82.7721,83.270418,82.526354,83.937403,-0.498318,-1.153275,0.24491,2023,0.132,CHE,CH,CHE,CHE,iso_week_date,CHE,756,Switzerland,Switzerland,Schweiz,CHE,0,Switzerland,n,Europe,A First wave peak,A First wave peak Switzerland
2024,Male,CH,83.438801,83.482761,82.649497,84.240421,-0.04396,-0.814464,0.768614,2024,0.456,CHE,CH,CHE,CHE,iso_week_date,CHE,756,Switzerland,Switzerland,Schweiz,CHE,0,Switzerland,n,Europe,A First wave peak,A First wave peak Switzerland
2020-2024,Male,CH,82.412593,83.048265,82.474707,83.60432,-0.635673,-1.205634,-0.097785,NA,0.032,CHE,CH,CHE,CHE,iso_week_date,CHE,756,Switzerland,Switzerland,Schweiz,CHE,0,Switzerland,n,Europe,A First wave peak,A First wave peak Switzerland
2020,Female,CH,85.545539,86.073574,85.716558,86.401963,-0.528034,-0.856379,-0.155986,2020,0.012,CHE,CH,CHE,CHE,iso_week_date,CHE,756,Switzerland,Switzerland,Schweiz,CHE,0,Switzerland,n,Europe,A First wave peak,A First wave peak Switzerland
2021,Female,CH,86.044275,86.198546,85.702463,86.664293,-0.154272,-0.633195,0.349354,2021,0.292,CHE,CH,CHE,CHE,iso_week_date,CHE,756,Switzerland,Switzerland,Schweiz,CHE,0,Switzerland,n,Europe,A First wave peak,A First wave peak Switzerland
2022,Female,CH,85.841902,86.335732,85.750566,86.857554,-0.49383,-1.025686,0.138927,2022,0.092,CHE,CH,CHE,CHE,iso_week_date,CHE,756,Switzerland,Switzerland,Schweiz,CHE,0,Switzerland,n,Europe,A First wave peak,A First wave peak Switzerland
2023,Female,CH,86.45201,86.490068,85.821917,87.121105,-0.038058,-0.663128,0.642333,2023,0.448,CHE,CH,CHE,CHE,iso_week_date,CHE,756,Switzerland,Switzerland,Schweiz,CHE,0,Switzerland,n,Europe,A First wave peak,A First wave peak Switzerland
2024,Female,CH,86.720194,86.604872,85.91465,87.29394,0.115323,-0.578303,0.78403,2024,1,CHE,CH,CHE,CHE,iso_week_date,CHE,756,Switzerland,Switzerland,Schweiz,CHE,0,Switzerland,n,Europe,A First wave peak,A First wave peak Switzerland
2020-2024,Female,CH,86.117543,86.342129,85.859344,86.780897,-0.224586,-0.686759,0.268365,NA,0.224,CHE,CH,CHE,CHE,iso_week_date,CHE,756,Switzerland,Switzerland,Schweiz,CHE,0,Switzerland,n,Europe,A First wave peak,A First wave peak Switzerland
2020,Total,CH,83.56318,84.396529,84.121199,84.643995,-0.833348,-1.095458,-0.551841,2020,0,CHE,CH,CHE,CHE,iso_week_date,CHE,756,Switzerland,Switzerland,Schweiz,CHE,0,Switzerland,n,Europe,A First wave peak,A First wave peak Switzerland
2021,Total,CH,84.162278,84.573863,84.192863,84.933236,-0.411585,-0.766585,-0.038891,2021,0.032,CHE,CH,CHE,CHE,iso_week_date,CHE,756,Switzerland,Switzerland,Schweiz,CHE,0,Switzerland,n,Europe,A First wave peak,A First wave peak Switzerland
2022,Total,CH,84.053276,84.745145,84.351192,85.175703,-0.691868,-1.114557,-0.267298,2022,0.008,CHE,CH,CHE,CHE,iso_week_date,CHE,756,Switzerland,Switzerland,Schweiz,CHE,0,Switzerland,n,Europe,A First wave peak,A First wave peak Switzerland
2023,Total,CH,84.658132,84.935347,84.504923,85.364766,-0.277215,-0.708035,0.155452,2023,0.18,CHE,CH,CHE,CHE,iso_week_date,CHE,756,Switzerland,Switzerland,Schweiz,CHE,0,Switzerland,n,Europe,A First wave peak,A First wave peak Switzerland
2024,Total,CH,85.131361,85.096044,84.593673,85.6188,0.035317,-0.475943,0.544684,2024,1,CHE,CH,CHE,CHE,iso_week_date,CHE,756,Switzerland,Switzerland,Schweiz,CHE,0,Switzerland,n,Europe,A First wave peak,A First wave peak Switzerland
2020-2024,Total,CH,84.309908,84.75252,84.397743,85.097476,-0.442612,-0.78713,-0.087508,NA,0.016,CHE,CH,CHE,CHE,iso_week_date,CHE,756,Switzerland,Switzerland,Schweiz,CHE,0,Switzerland,n,Europe,A First wave peak,A First wave peak Switzerland
2020,Male,CZ,75.56448,76.897466,76.425496,77.281895,-1.332986,-1.739679,-0.895452,2020,0,CZE,CZ,CZE,CZE,iso_week_date,CZE,203,Czechia,Czech Republic,Tschechien,CZE,0,Czech Republic,n,Europe,B Second wave peak,B Second wave peak Czech Republic
2021,Male,CZ,74.486557,77.146118,76.555787,77.657863,-2.659561,-3.190509,-2.061842,2021,0,CZE,CZ,CZE,CZE,iso_week_date,CZE,203,Czechia,Czech Republic,Tschechien,CZE,0,Czech Republic,n,Europe,B Second wave peak,B Second wave peak Czech Republic
2022,Male,CZ,76.529813,77.364061,76.690998,77.979559,-0.834248,-1.484781,-0.124407,2022,0.024,CZE,CZ,CZE,CZE,iso_week_date,CZE,203,Czechia,Czech Republic,Tschechien,CZE,0,Czech Republic,n,Europe,B Second wave peak,B Second wave peak Czech Republic
2023,Male,CZ,77.371603,77.566649,76.770008,78.29056,-0.195046,-0.910849,0.609544,2023,0.312,CZE,CZ,CZE,CZE,iso_week_date,CZE,203,Czechia,Czech Republic,Tschechien,CZE,0,Czech Republic,n,Europe,B Second wave peak,B Second wave peak Czech Republic
2024,Male,CZ,77.700663,77.785093,76.937357,78.564166,-0.08443,-0.855703,0.765798,2024,0.42,CZE,CZ,CZE,CZE,iso_week_date,CZE,203,Czechia,Czech Republic,Tschechien,CZE,0,Czech Republic,n,Europe,B Second wave peak,B Second wave peak Czech Republic
2020-2024,Male,CZ,76.274821,77.35224,76.765065,77.848001,-1.077419,-1.583233,-0.486999,NA,0.004,CZE,CZ,CZE,CZE,iso_week_date,CZE,203,Czechia,Czech Republic,Tschechien,CZE,0,Czech Republic,n,Europe,B Second wave peak,B Second wave peak Czech Republic
2020,Female,CZ,81.539105,82.66289,82.142432,83.205742,-1.123786,-1.662707,-0.593132,2020,0,CZE,CZ,CZE,CZE,iso_week_date,CZE,203,Czechia,Czech Republic,Tschechien,CZE,0,Czech Republic,n,Europe,B Second wave peak,B Second wave peak Czech Republic
2021,Female,CZ,80.747995,82.891024,82.109987,83.686368,-2.143029,-2.934132,-1.36195,2021,0,CZE,CZ,CZE,CZE,iso_week_date,CZE,203,Czechia,Czech Republic,Tschechien,CZE,0,Czech Republic,n,Europe,B Second wave peak,B Second wave peak Czech Republic
2022,Female,CZ,82.177964,83.057684,82.092278,83.930323,-0.87972,-1.73164,0.093683,2022,0.056,CZE,CZ,CZE,CZE,iso_week_date,CZE,203,Czechia,Czech Republic,Tschechien,CZE,0,Czech Republic,n,Europe,B Second wave peak,B Second wave peak Czech Republic
2023,Female,CZ,83.010652,83.237003,82.203913,84.239295,-0.226352,-1.217033,0.787073,2023,0.392,CZE,CZ,CZE,CZE,iso_week_date,CZE,203,Czechia,Czech Republic,Tschechien,CZE,0,Czech Republic,n,Europe,B Second wave peak,B Second wave peak Czech Republic
2024,Female,CZ,83.31629,83.399333,82.220309,84.608467,-0.083044,-1.276459,1.10064,2024,0.46,CZE,CZ,CZE,CZE,iso_week_date,CZE,203,Czechia,Czech Republic,Tschechien,CZE,0,Czech Republic,n,Europe,B Second wave peak,B Second wave peak Czech Republic
2020-2024,Female,CZ,82.126923,83.047875,82.344541,83.797648,-0.920952,-1.654988,-0.207858,NA,0.032,CZE,CZ,CZE,CZE,iso_week_date,CZE,203,Czechia,Czech Republic,Tschechien,CZE,0,Czech Republic,n,Europe,B Second wave peak,B Second wave peak Czech Republic
2020,Total,CZ,78.535007,79.802817,79.435888,80.121389,-1.26781,-1.596545,-0.933882,2020,0,CZE,CZ,CZE,CZE,iso_week_date,CZE,203,Czechia,Czech Republic,Tschechien,CZE,0,Czech Republic,n,Europe,B Second wave peak,B Second wave peak Czech Republic
2021,Total,CZ,77.560603,80.044779,79.565759,80.484526,-2.484176,-2.91808,-1.999104,2021,0,CZE,CZ,CZE,CZE,iso_week_date,CZE,203,Czechia,Czech Republic,Tschechien,CZE,0,Czech Republic,n,Europe,B Second wave peak,B Second wave peak Czech Republic
2022,Total,CZ,79.364251,80.237799,79.663431,80.749266,-0.873548,-1.373883,-0.270049,2022,0.004,CZE,CZ,CZE,CZE,iso_week_date,CZE,203,Czechia,Czech Republic,Tschechien,CZE,0,Czech Republic,n,Europe,B Second wave peak,B Second wave peak Czech Republic
2023,Total,CZ,80.213378,80.424644,79.763557,81.065908,-0.211267,-0.897392,0.472888,2023,0.296,CZE,CZ,CZE,CZE,iso_week_date,CZE,203,Czechia,Czech Republic,Tschechien,CZE,0,Czech Republic,n,Europe,B Second wave peak,B Second wave peak Czech Republic
2024,Total,CZ,80.527046,80.61157,79.905276,81.349545,-0.084524,-0.842555,0.607782,2024,0.416,CZE,CZ,CZE,CZE,iso_week_date,CZE,203,Czechia,Czech Republic,Tschechien,CZE,0,Czech Republic,n,Europe,B Second wave peak,B Second wave peak Czech Republic
2020-2024,Total,CZ,79.19765,80.224703,79.747081,80.688784,-1.027053,-1.499288,-0.544208,NA,0,CZE,CZ,CZE,CZE,iso_week_date,CZE,203,Czechia,Czech Republic,Tschechien,CZE,0,Czech Republic,n,Europe,B Second wave peak,B Second wave peak Czech Republic
2020,Male,DE,78.753321,79.204549,78.691187,79.706199,-0.451228,-0.925722,0.057135,2020,0.072,DEU,DE,DEU,DEUTNP,iso_week_date,DEUTNP,276,Germany,Germany,Deutschland,DEU,0,Germany,n,Europe,C Late peak,C Late peak Germany
2021,Male,DE,78.465535,79.406934,78.673499,80.194063,-0.941399,-1.740311,-0.187824,2021,0.02,DEU,DE,DEU,DEUTNP,iso_week_date,DEUTNP,276,Germany,Germany,Deutschland,DEU,0,Germany,n,Europe,C Late peak,C Late peak Germany
2022,Male,DE,78.468329,79.552503,78.66349,80.392012,-1.084173,-1.919824,-0.196487,2022,0.028,DEU,DE,DEU,DEUTNP,iso_week_date,DEUTNP,276,Germany,Germany,Deutschland,DEU,0,Germany,n,Europe,C Late peak,C Late peak Germany
2023,Male,DE,79.14678,79.775592,78.810256999999993,80.732932,-0.628812,-1.590829,0.334562,2023,0.164,DEU,DE,DEU,DEUTNP,iso_week_date,DEUTNP,276,Germany,Germany,Deutschland,DEU,0,Germany,n,Europe,C Late peak,C Late peak Germany
2024,Male,DE,79.579291,79.984679,78.781325,81.11275,-0.405388,-1.533118,0.802451,2024,0.272,DEU,DE,DEU,DEUTNP,iso_week_date,DEUTNP,276,Germany,Germany,Deutschland,DEU,0,Germany,n,Europe,C Late peak,C Late peak Germany
2020-2024,Male,DE,78.88046,79.582219,78.825962,80.376439,-0.701759,-1.497718,0.043762,NA,0.056,DEU,DE,DEU,DEUTNP,iso_week_date,DEUTNP,276,Germany,Germany,Deutschland,DEU,0,Germany,n,Europe,C Late peak,C Late peak Germany
2020,Female,DE,83.431524,83.73126,83.175722,84.248476,-0.299736,-0.841949,0.276867,2020,0.164,DEU,DE,DEU,DEUTNP,iso_week_date,DEUTNP,276,Germany,Germany,Deutschland,DEU,0,Germany,n,Europe,C Late peak,C Late peak Germany
2021,Female,DE,83.309215,83.872977,83.102214,84.548608,-0.563762,-1.234275,0.203361,2021,0.116,DEU,DE,DEU,DEUTNP,iso_week_date,DEUTNP,276,Germany,Germany,Deutschland,DEU,0,Germany,n,Europe,C Late peak,C Late peak Germany
2022,Female,DE,83.143375,83.99925,83.136162,84.827257,-0.855875,-1.690447,-0.001252,2022,0.056,DEU,DE,DEU,DEUTNP,iso_week_date,DEUTNP,276,Germany,Germany,Deutschland,DEU,0,Germany,n,Europe,C Late peak,C Late peak Germany
2023,Female,DE,83.608272,84.136949,83.063518,85.110935,-0.528677,-1.485612,0.534407,2023,0.212,DEU,DE,DEU,DEUTNP,iso_week_date,DEUTNP,276,Germany,Germany,Deutschland,DEU,0,Germany,n,Europe,C Late peak,C Late peak Germany
2024,Female,DE,83.912549,84.250634,83.038857,85.252935,-0.338085,-1.347461,0.867231,2024,0.308,DEU,DE,DEU,DEUTNP,iso_week_date,DEUTNP,276,Germany,Germany,Deutschland,DEU,0,Germany,n,Europe,C Late peak,C Late peak Germany
2020-2024,Female,DE,83.480214,83.995482,83.21544,84.741588,-0.515268,-1.271155,0.266538,NA,0.148,DEU,DE,DEU,DEUTNP,iso_week_date,DEUTNP,276,Germany,Germany,Deutschland,DEU,0,Germany,n,Europe,C Late peak,C Late peak Germany
2020,Total,DE,81.092535,81.475315,81.029338,81.880333,-0.38278,-0.784318,0.052419,2020,0.072,DEU,DE,DEU,DEUTNP,iso_week_date,DEUTNP,276,Germany,Germany,Deutschland,DEU,0,Germany,n,Europe,C Late peak,C Late peak Germany
2021,Total,DE,80.875892,81.645898,81.06874,82.204174,-0.770006,-1.332751,-0.192479,2021,0.012,DEU,DE,DEU,DEUTNP,iso_week_date,DEUTNP,276,Germany,Germany,Deutschland,DEU,0,Germany,n,Europe,C Late peak,C Late peak Germany
2022,Total,DE,80.794891,81.779496,81.171305,82.445756,-0.984605,-1.642772,-0.367819,2022,0.004,DEU,DE,DEU,DEUTNP,iso_week_date,DEUTNP,276,Germany,Germany,Deutschland,DEU,0,Germany,n,Europe,C Late peak,C Late peak Germany
2023,Total,DE,81.378684,81.960187,81.205217,82.711289,-0.581504,-1.330323,0.175677,2023,0.116,DEU,DE,DEU,DEUTNP,iso_week_date,DEUTNP,276,Germany,Germany,Deutschland,DEU,0,Germany,n,Europe,C Late peak,C Late peak Germany
2024,Total,DE,81.752704,82.120952,81.273411,82.998132,-0.368248,-1.244658,0.481985,2024,0.232,DEU,DE,DEU,DEUTNP,iso_week_date,DEUTNP,276,Germany,Germany,Deutschland,DEU,0,Germany,n,Europe,C Late peak,C Late peak Germany
2020-2024,Total,DE,81.177581,81.794954,81.203279,82.381637,-0.617373,-1.207585,-0.029054,NA,0.04,DEU,DE,DEU,DEUTNP,iso_week_date,DEUTNP,276,Germany,Germany,Deutschland,DEU,0,Germany,n,Europe,C Late peak,C Late peak Germany
2020,Male,DK,79.53542,79.498962,79.114808,79.856691,0.036458,-0.314547,0.438574,2020,1,DNK,DK,DNK,DNK,iso_week_date,DNK,208,Denmark,Denmark,Dänemark,DNK,0,Denmark,n,Europe,C Late peak,C Late peak Denmark
2021,Male,DK,79.594667,79.721801,79.187771,80.252551,-0.127134,-0.627418,0.388929,2021,0.36,DNK,DK,DNK,DNK,iso_week_date,DNK,208,Denmark,Denmark,Dänemark,DNK,0,Denmark,n,Europe,C Late peak,C Late peak Denmark
2022,Male,DK,79.288108,79.925008,79.319764,80.614776,-0.6369,-1.325069,-0.02982,2022,0.044,DNK,DK,DNK,DNK,iso_week_date,DNK,208,Denmark,Denmark,Dänemark,DNK,0,Denmark,n,Europe,C Late peak,C Late peak Denmark
2023,Male,DK,79.924704,80.129074,79.38447,80.865675,-0.204371,-0.972414,0.551564,2023,0.328,DNK,DK,DNK,DNK,iso_week_date,DNK,208,Denmark,Denmark,Dänemark,DNK,0,Denmark,n,Europe,C Late peak,C Late peak Denmark
2024,Male,DK,80.705034,80.314197,79.481898,81.122564,0.390837,-0.427961,1.246424,2024,1,DNK,DK,DNK,DNK,iso_week_date,DNK,208,Denmark,Denmark,Dänemark,DNK,0,Denmark,n,Europe,C Late peak,C Late peak Denmark
2020-2024,Male,DK,79.806655,79.918798,79.388458,80.478023,-0.112142,-0.65984,0.429981,NA,0.396,DNK,DK,DNK,DNK,iso_week_date,DNK,208,Denmark,Denmark,Dänemark,DNK,0,Denmark,n,Europe,C Late peak,C Late peak Denmark
2020,Female,DK,83.723637,83.815101,83.468921,84.116615,-0.091464,-0.447782,0.302367,2020,0.336,DNK,DK,DNK,DNK,iso_week_date,DNK,208,Denmark,Denmark,Dänemark,DNK,0,Denmark,n,Europe,C Late peak,C Late peak Denmark
2021,Female,DK,83.62477,84.028897,83.552594,84.53725,-0.404127,-0.899082,0.112327,2021,0.1,DNK,DK,DNK,DNK,iso_week_date,DNK,208,Denmark,Denmark,Dänemark,DNK,0,Denmark,n,Europe,C Late peak,C Late peak Denmark
2022,Female,DK,83.496308,84.249689,83.658234,84.802994,-0.753381,-1.332763,-0.150878,2022,0.016,DNK,DK,DNK,DNK,iso_week_date,DNK,208,Denmark,Denmark,Dänemark,DNK,0,Denmark,n,Europe,C Late peak,C Late peak Denmark
2023,Female,DK,83.923738,84.473183,83.840548,85.116537,-0.549445,-1.190774,0.08168,2023,0.084,DNK,DK,DNK,DNK,iso_week_date,DNK,208,Denmark,Denmark,Dänemark,DNK,0,Denmark,n,Europe,C Late peak,C Late peak Denmark
2024,Female,DK,84.358035,84.685853,83.969105,85.518679,-0.327818,-1.125983,0.383798,2024,0.224,DNK,DK,DNK,DNK,iso_week_date,DNK,208,Denmark,Denmark,Dänemark,DNK,0,Denmark,n,Europe,C Late peak,C Late peak Denmark
2020-2024,Female,DK,83.826355,84.252102,83.789944,84.775183,-0.425747,-0.942886,0.022831,NA,0.064,DNK,DK,DNK,DNK,iso_week_date,DNK,208,Denmark,Denmark,Dänemark,DNK,0,Denmark,n,Europe,C Late peak,C Late peak Denmark
2020,Total,DK,81.624753,81.647091,81.384758,81.908179,-0.022338,-0.292952,0.245059,2020,0.424,DNK,DK,DNK,DNK,iso_week_date,DNK,208,Denmark,Denmark,Dänemark,DNK,0,Denmark,n,Europe,C Late peak,C Late peak Denmark
2021,Total,DK,81.601402,81.863277,81.549305,82.219569,-0.261875,-0.606023,0.090955,2021,0.116,DNK,DK,DNK,DNK,iso_week_date,DNK,208,Denmark,Denmark,Dänemark,DNK,0,Denmark,n,Europe,C Late peak,C Late peak Denmark
2022,Total,DK,81.369659,82.072864,81.672262,82.541472,-0.703205,-1.140075,-0.293484,2022,0.004,DNK,DK,DNK,DNK,iso_week_date,DNK,208,Denmark,Denmark,Dänemark,DNK,0,Denmark,n,Europe,C Late peak,C Late peak Denmark
2023,Total,DK,81.914078,82.285351,81.816101,82.762358,-0.371274,-0.830293,0.143936,2023,0.136,DNK,DK,DNK,DNK,iso_week_date,DNK,208,Denmark,Denmark,Dänemark,DNK,0,Denmark,n,Europe,C Late peak,C Late peak Denmark
2024,Total,DK,82.544831,82.481628,81.945068,83.052044,0.063203,-0.513492,0.583991,2024,1,DNK,DK,DNK,DNK,iso_week_date,DNK,208,Denmark,Denmark,Dänemark,DNK,0,Denmark,n,Europe,C Late peak,C Late peak Denmark
2020-2024,Total,DK,81.810805,82.071755,81.737363,82.440464,-0.260951,-0.637047,0.082872,NA,0.132,DNK,DK,DNK,DNK,iso_week_date,DNK,208,Denmark,Denmark,Dänemark,DNK,0,Denmark,n,Europe,C Late peak,C Late peak Denmark
2020,Male,EE,74.776846,74.969755,74.291078,75.598748,-0.19291,-0.925544,0.494501,2020,0.292,EST,EE,EST,EST,iso_week_date,EST,233,Estonia,Estonia,Estland,EST,0,Estonia,n,Europe,B Second wave peak,B Second wave peak Estonia
2021,Male,EE,73.119124,75.35346,74.30151,76.319877,-2.234336,-3.249484,-1.207024,2021,0,EST,EE,EST,EST,iso_week_date,EST,233,Estonia,Estonia,Estland,EST,0,Estonia,n,Europe,B Second wave peak,B Second wave peak Estonia
2022,Male,EE,74.106517,75.671013,74.464256,76.712432,-1.564496,-2.657514,-0.456184,2022,0.016,EST,EE,EST,EST,iso_week_date,EST,233,Estonia,Estonia,Estland,EST,0,Estonia,n,Europe,B Second wave peak,B Second wave peak Estonia
2023,Male,EE,75.289805,75.985665,74.680089,77.140824,-0.69586,-1.954648,0.628121,2023,0.192,EST,EE,EST,EST,iso_week_date,EST,233,Estonia,Estonia,Estland,EST,0,Estonia,n,Europe,B Second wave peak,B Second wave peak Estonia
2024,Male,EE,75.532237,76.340908,74.837012,77.605254,-0.80867,-2.096871,0.718197,2024,0.172,EST,EE,EST,EST,iso_week_date,EST,233,Estonia,Estonia,Estland,EST,0,Estonia,n,Europe,B Second wave peak,B Second wave peak Estonia
2020-2024,Male,EE,74.533935,75.662218,74.693048,76.517547,-1.128283,-2.014087,-0.159745,NA,0.032,EST,EE,EST,EST,iso_week_date,EST,233,Estonia,Estonia,Estland,EST,0,Estonia,n,Europe,B Second wave peak,B Second wave peak Estonia
2020,Female,EE,83.022214,83.472623,83.190573,83.734614,-0.450409,-0.81804,-0.112525,2020,0,EST,EE,EST,EST,iso_week_date,EST,233,Estonia,Estonia,Estland,EST,0,Estonia,n,Europe,B Second wave peak,B Second wave peak Estonia
2021,Female,EE,81.878654,83.758249,83.38576,84.163986,-1.879595,-2.353761,-1.442314,2021,0,EST,EE,EST,EST,iso_week_date,EST,233,Estonia,Estonia,Estland,EST,0,Estonia,n,Europe,B Second wave peak,B Second wave peak Estonia
2022,Female,EE,82.693776,84.022762,83.57121,84.537974,-1.328986,-1.877212,-0.818727,2022,0,EST,EE,EST,EST,iso_week_date,EST,233,Estonia,Estonia,Estland,EST,0,Estonia,n,Europe,B Second wave peak,B Second wave peak Estonia
2023,Female,EE,83.388977,84.284183,83.717245,84.798513,-0.895206,-1.398331,-0.327618,2023,0.004,EST,EE,EST,EST,iso_week_date,EST,233,Estonia,Estonia,Estland,EST,0,Estonia,n,Europe,B Second wave peak,B Second wave peak Estonia
2024,Female,EE,83.58088,84.570544,84.0131,85.169837,-0.989664,-1.618993,-0.37143,2024,0,EST,EE,EST,EST,iso_week_date,EST,233,Estonia,Estonia,Estland,EST,0,Estonia,n,Europe,B Second wave peak,B Second wave peak Estonia
2020-2024,Female,EE,82.899593,84.020327,83.629865,84.418741,-1.120733,-1.532423,-0.743758,NA,0,EST,EE,EST,EST,iso_week_date,EST,233,Estonia,Estonia,Estland,EST,0,Estonia,n,Europe,B Second wave peak,B Second wave peak Estonia
2020,Total,EE,79.109299,79.449946,79.068458,79.815812,-0.340647,-0.764648,0.098425,2020,0.068,EST,EE,EST,EST,iso_week_date,EST,233,Estonia,Estonia,Estland,EST,0,Estonia,n,Europe,B Second wave peak,B Second wave peak Estonia
2021,Total,EE,77.626172,79.786083,79.192451,80.347669,-2.159911,-2.779658,-1.512078,2021,0,EST,EE,EST,EST,iso_week_date,EST,233,Estonia,Estonia,Estland,EST,0,Estonia,n,Europe,B Second wave peak,B Second wave peak Estonia
2022,Total,EE,78.554535,80.078743,79.42091,80.735541,-1.524208,-2.212454,-0.851035,2022,0.004,EST,EE,EST,EST,iso_week_date,EST,233,Estonia,Estonia,Estland,EST,0,Estonia,n,Europe,B Second wave peak,B Second wave peak Estonia
2023,Total,EE,79.545336,80.364777,79.605875,81.078991,-0.819441,-1.535597,-0.061823,2023,0.028,EST,EE,EST,EST,iso_week_date,EST,233,Estonia,Estonia,Estland,EST,0,Estonia,n,Europe,B Second wave peak,B Second wave peak Estonia
2024,Total,EE,79.724066,80.682469,79.820334,81.431051,-0.958403,-1.798282,-0.036642,2024,0.036,EST,EE,EST,EST,iso_week_date,EST,233,Estonia,Estonia,Estland,EST,0,Estonia,n,Europe,B Second wave peak,B Second wave peak Estonia
2020-2024,Total,EE,78.894432,80.071472,79.522746,80.605989,-1.177039,-1.725283,-0.607922,NA,0.004,EST,EE,EST,EST,iso_week_date,EST,233,Estonia,Estonia,Estland,EST,0,Estonia,n,Europe,B Second wave peak,B Second wave peak Estonia
2020,Male,ES,79.872315,81.325654,80.949552,81.672626,-1.45334,-1.806052,-1.064345,2020,0,ESP,ES,ESP,ESP,iso_week_date,ESP,724,Spain,Spain,Spanien,ESP,0,Spain,n,Europe,A First wave peak,A First wave peak Spain
2021,Male,ES,80.482877,81.553617,81.024672,82.089026,-1.07074,-1.591314,-0.559376,2021,0,ESP,ES,ESP,ESP,iso_week_date,ESP,724,Spain,Spain,Spanien,ESP,0,Spain,n,Europe,A First wave peak,A First wave peak Spain
2022,Male,ES,80.698563,81.765651,81.157366,82.354612,-1.067088,-1.647323,-0.45676,2022,0,ESP,ES,ESP,ESP,iso_week_date,ESP,724,Spain,Spain,Spanien,ESP,0,Spain,n,Europe,A First wave peak,A First wave peak Spain
2023,Male,ES,81.422651,81.984694,81.284185,82.778286,-0.562043,-1.345419,0.116347,2023,0.096,ESP,ES,ESP,ESP,iso_week_date,ESP,724,Spain,Spain,Spanien,ESP,0,Spain,n,Europe,A First wave peak,A First wave peak Spain
2024,Male,ES,81.629167,82.182752,81.357491,83.000563,-0.553585,-1.375921,0.269844,2024,0.12,ESP,ES,ESP,ESP,iso_week_date,ESP,724,Spain,Spain,Spanien,ESP,0,Spain,n,Europe,A First wave peak,A First wave peak Spain
2020-2024,Male,ES,80.809349,81.76237,81.21281,82.331625,-0.953021,-1.512419,-0.405837,NA,0.004,ESP,ES,ESP,ESP,iso_week_date,ESP,724,Spain,Spain,Spanien,ESP,0,Spain,n,Europe,A First wave peak,A First wave peak Spain
2020,Female,ES,85.23368,86.567119,86.133192,87.034648,-1.333439,-1.779223,-0.891651,2020,0,ESP,ES,ESP,ESP,iso_week_date,ESP,724,Spain,Spain,Spanien,ESP,0,Spain,n,Europe,A First wave peak,A First wave peak Spain
2021,Female,ES,85.981386,86.730693,86.154437,87.297795,-0.749307,-1.303302,-0.154796,2021,0.016,ESP,ES,ESP,ESP,iso_week_date,ESP,724,Spain,Spain,Spanien,ESP,0,Spain,n,Europe,A First wave peak,A First wave peak Spain
2022,Female,ES,85.904972,86.905468,86.246432,87.615919,-1.000495,-1.707689,-0.311074,2022,0.008,ESP,ES,ESP,ESP,iso_week_date,ESP,724,Spain,Spain,Spanien,ESP,0,Spain,n,Europe,A First wave peak,A First wave peak Spain
2023,Female,ES,86.516016,87.030304,86.299438,87.83859,-0.514288,-1.295654,0.230484,2023,0.144,ESP,ES,ESP,ESP,iso_week_date,ESP,724,Spain,Spain,Spanien,ESP,0,Spain,n,Europe,A First wave peak,A First wave peak Spain
2024,Female,ES,86.766801,87.185635,86.349038,88.083849,-0.418834,-1.306144,0.414614,2024,0.256,ESP,ES,ESP,ESP,iso_week_date,ESP,724,Spain,Spain,Spanien,ESP,0,Spain,n,Europe,A First wave peak,A First wave peak Spain
2020-2024,Female,ES,86.063583,86.882037,86.318641,87.474967,-0.818454,-1.408495,-0.251467,NA,0.012,ESP,ES,ESP,ESP,iso_week_date,ESP,724,Spain,Spain,Spanien,ESP,0,Spain,n,Europe,A First wave peak,A First wave peak Spain
2020,Total,ES,82.567276,83.994806,83.691997,84.272854,-1.42753,-1.707876,-1.126794,2020,0,ESP,ES,ESP,ESP,iso_week_date,ESP,724,Spain,Spain,Spanien,ESP,0,Spain,n,Europe,A First wave peak,A First wave peak Spain
2021,Total,ES,83.258876,84.193321,83.753672,84.614137,-0.934446,-1.354484,-0.492766,2021,0,ESP,ES,ESP,ESP,iso_week_date,ESP,724,Spain,Spain,Spanien,ESP,0,Spain,n,Europe,A First wave peak,A First wave peak Spain
2022,Total,ES,83.336044,84.388339,83.90528,84.866235,-1.052295,-1.542933,-0.557864,2022,0,ESP,ES,ESP,ESP,iso_week_date,ESP,724,Spain,Spain,Spanien,ESP,0,Spain,n,Europe,A First wave peak,A First wave peak Spain
2023,Total,ES,84.020453,84.562232,83.962718,85.113855,-0.541779,-1.079319,0.045948,2023,0.068,ESP,ES,ESP,ESP,iso_week_date,ESP,724,Spain,Spain,Spanien,ESP,0,Spain,n,Europe,A First wave peak,A First wave peak Spain
2024,Total,ES,84.248501,84.738173,84.116865,85.361214,-0.489673,-1.110479,0.132671,2024,0.1,ESP,ES,ESP,ESP,iso_week_date,ESP,724,Spain,Spain,Spanien,ESP,0,Spain,n,Europe,A First wave peak,A First wave peak Spain
2020-2024,Total,ES,83.47199,84.37525,83.931671,84.80651,-0.90326,-1.329873,-0.459592,NA,0,ESP,ES,ESP,ESP,iso_week_date,ESP,724,Spain,Spain,Spanien,ESP,0,Spain,n,Europe,A First wave peak,A First wave peak Spain
2020,Male,FI,79.506132,79.847621,79.591667,80.087845,-0.341489,-0.644802,-0.059325,2020,0.02,FIN,FI,FIN,FIN,iso_week_date,FIN,246,Finland,Finland,Finnland,FIN,0,Finland,n,Europe,C Late peak,C Late peak Finland
2021,Male,FI,79.52441,80.110671,79.754542,80.468783,-0.586261,-0.954737,-0.204098,2021,0.004,FIN,FI,FIN,FIN,iso_week_date,FIN,246,Finland,Finland,Finnland,FIN,0,Finland,n,Europe,C Late peak,C Late peak Finland
2022,Male,FI,79.034205,80.35967,79.955326,80.826996,-1.325466,-1.772495,-0.907952,2022,0,FIN,FI,FIN,FIN,iso_week_date,FIN,246,Finland,Finland,Finnland,FIN,0,Finland,n,Europe,C Late peak,C Late peak Finland
2023,Male,FI,79.358594,80.608336,80.110830000000007,81.108248,-1.249743,-1.801805,-0.723543,2023,0,FIN,FI,FIN,FIN,iso_week_date,FIN,246,Finland,Finland,Finnland,FIN,0,Finland,n,Europe,C Late peak,C Late peak Finland
2024,Male,FI,80.106012,80.843094,80.286869,81.392892,-0.737082,-1.291687,-0.189397,2024,0.012,FIN,FI,FIN,FIN,iso_week_date,FIN,246,Finland,Finland,Finnland,FIN,0,Finland,n,Europe,C Late peak,C Late peak Finland
2020-2024,Male,FI,79.495298,80.35607,80.002511,80.734229,-0.860772,-1.248069,-0.516334,NA,0,FIN,FI,FIN,FIN,iso_week_date,FIN,246,Finland,Finland,Finnland,FIN,0,Finland,n,Europe,C Late peak,C Late peak Finland
2020,Female,FI,85.05082,85.116329,84.817562,85.377857,-0.065508,-0.347237,0.260433,2020,0.356,FIN,FI,FIN,FIN,iso_week_date,FIN,246,Finland,Finland,Finnland,FIN,0,Finland,n,Europe,C Late peak,C Late peak Finland
2021,Female,FI,84.715098,85.287273,84.874085,85.732222,-0.572175,-1.006347,-0.167538,2021,0.004,FIN,FI,FIN,FIN,iso_week_date,FIN,246,Finland,Finland,Finnland,FIN,0,Finland,n,Europe,C Late peak,C Late peak Finland
2022,Female,FI,84.174044,85.465778,84.949809,85.953171,-1.291734,-1.813003,-0.764529,2022,0,FIN,FI,FIN,FIN,iso_week_date,FIN,246,Finland,Finland,Finnland,FIN,0,Finland,n,Europe,C Late peak,C Late peak Finland
2023,Female,FI,84.615043,85.647988,85.092372,86.219077,-1.032945,-1.650956,-0.473965,2023,0.004,FIN,FI,FIN,FIN,iso_week_date,FIN,246,Finland,Finland,Finnland,FIN,0,Finland,n,Europe,C Late peak,C Late peak Finland
2024,Female,FI,85.123622,85.822173,85.189032,86.56828,-0.698551,-1.435338,-0.075334,2024,0.036,FIN,FI,FIN,FIN,iso_week_date,FIN,246,Finland,Finland,Finnland,FIN,0,Finland,n,Europe,C Late peak,C Late peak Finland
2020-2024,Female,FI,84.727712,85.469585,85.064483,85.93242,-0.741873,-1.216369,-0.314956,NA,0,FIN,FI,FIN,FIN,iso_week_date,FIN,246,Finland,Finland,Finnland,FIN,0,Finland,n,Europe,C Late peak,C Late peak Finland
2020,Total,FI,82.291236,82.507304,82.31272,82.700498,-0.216068,-0.430099,0.001297,2020,0.036,FIN,FI,FIN,FIN,iso_week_date,FIN,246,Finland,Finland,Finnland,FIN,0,Finland,n,Europe,C Late peak,C Late peak Finland
2021,Total,FI,82.134102,82.723154,82.488985,82.989545,-0.589052,-0.879526,-0.319223,2021,0,FIN,FI,FIN,FIN,iso_week_date,FIN,246,Finland,Finland,Finnland,FIN,0,Finland,n,Europe,C Late peak,C Late peak Finland
2022,Total,FI,81.606986,82.939481,82.607342,83.271147,-1.332495,-1.659327,-1.015551,2022,0,FIN,FI,FIN,FIN,iso_week_date,FIN,246,Finland,Finland,Finnland,FIN,0,Finland,n,Europe,C Late peak,C Late peak Finland
2023,Total,FI,81.995298,83.159154,82.799586,83.520014,-1.163856,-1.527402,-0.773206,2023,0,FIN,FI,FIN,FIN,iso_week_date,FIN,246,Finland,Finland,Finnland,FIN,0,Finland,n,Europe,C Late peak,C Late peak Finland
2024,Total,FI,82.637022,83.363596,82.92794,83.808173,-0.726574,-1.182352,-0.281479,2024,0,FIN,FI,FIN,FIN,iso_week_date,FIN,246,Finland,Finland,Finnland,FIN,0,Finland,n,Europe,C Late peak,C Late peak Finland
2020-2024,Total,FI,82.1241,82.940726,82.678708,83.216979,-0.816626,-1.09702,-0.55308,NA,0,FIN,FI,FIN,FIN,iso_week_date,FIN,246,Finland,Finland,Finnland,FIN,0,Finland,n,Europe,C Late peak,C Late peak Finland
2020,Male,GB-EAW,78.952958,79.922803,79.585349,80.278653,-0.969846,-1.320836,-0.639462,2020,0,GBR-EAW,GB,GBR,GBRTENW,iso_week_date,GBRTENW,.,England and Wales,England and Wales,England und Wales,EAW,1,Great Britain,n,Europe,A First wave peak,A First wave peak England and Wales
2021,Male,GB-EAW,79.058424,80.020946,79.574744,80.52665,-0.962522,-1.471455,-0.523678,2021,0,GBR-EAW,GB,GBR,GBRTENW,iso_week_date,GBRTENW,.,England and Wales,England and Wales,England und Wales,EAW,1,Great Britain,n,Europe,A First wave peak,A First wave peak England and Wales
2022,Male,GB-EAW,79.57557,80.124704,79.499943,80.760562,-0.549134,-1.185091,0.091757,2022,0.08,GBR-EAW,GB,GBR,GBRTENW,iso_week_date,GBRTENW,.,England and Wales,England and Wales,England und Wales,EAW,1,Great Britain,n,Europe,A First wave peak,A First wave peak England and Wales
2023,Male,GB-EAW,79.624227,80.204597,79.489483,80.94394,-0.58037,-1.337063,0.14004,2023,0.108,GBR-EAW,GB,GBR,GBRTENW,iso_week_date,GBRTENW,.,England and Wales,England and Wales,England und Wales,EAW,1,Great Britain,n,Europe,A First wave peak,A First wave peak England and Wales
2024,Male,GB-EAW,80.155209,80.28765,79.507571,81.147886,-0.132441,-0.975092,0.654981,2024,0.416,GBR-EAW,GB,GBR,GBRTENW,iso_week_date,GBRTENW,.,England and Wales,England and Wales,England und Wales,EAW,1,Great Britain,n,Europe,A First wave peak,A First wave peak England and Wales
2020-2024,Male,GB-EAW,79.472459,80.111951,79.615693,80.671877,-0.639493,-1.207673,-0.153429,NA,0.02,GBR-EAW,GB,GBR,GBRTENW,iso_week_date,GBRTENW,.,England and Wales,England and Wales,England und Wales,EAW,1,Great Britain,n,Europe,A First wave peak,A First wave peak England and Wales
2020,Female,GB-EAW,82.9572,84.089122,83.498444,84.73255,-1.131922,-1.779575,-0.538177,2020,0,GBR-EAW,GB,GBR,GBRTENW,iso_week_date,GBRTENW,.,England and Wales,England and Wales,England und Wales,EAW,1,Great Britain,n,Europe,A First wave peak,A First wave peak England and Wales
2021,Female,GB-EAW,83.108623,84.193256,83.288987,85.151335,-1.084633,-2.041481,-0.168276,2021,0.028,GBR-EAW,GB,GBR,GBRTENW,iso_week_date,GBRTENW,.,England and Wales,England and Wales,England und Wales,EAW,1,Great Britain,n,Europe,A First wave peak,A First wave peak England and Wales
2022,Female,GB-EAW,83.395179,84.301455,83.176417,85.555837,-0.906277,-2.163543,0.218944,2022,0.108,GBR-EAW,GB,GBR,GBRTENW,iso_week_date,GBRTENW,.,England and Wales,England and Wales,England und Wales,EAW,1,Great Britain,n,Europe,A First wave peak,A First wave peak England and Wales
2023,Female,GB-EAW,83.530229,84.378934,83.027891,85.787848,-0.848706,-2.244823,0.510307,2023,0.156,GBR-EAW,GB,GBR,GBRTENW,iso_week_date,GBRTENW,.,England and Wales,England and Wales,England und Wales,EAW,1,Great Britain,n,Europe,A First wave peak,A First wave peak England and Wales
2024,Female,GB-EAW,83.989853,84.459222,82.994272,85.92138,-0.469369,-1.900437,0.968397,2024,0.3,GBR-EAW,GB,GBR,GBRTENW,iso_week_date,GBRTENW,.,England and Wales,England and Wales,England und Wales,EAW,1,Great Britain,n,Europe,A First wave peak,A First wave peak England and Wales
2020-2024,Female,GB-EAW,83.395455,84.278289,83.33493,85.334947,-0.882835,-1.952485,0.055446,NA,0.068,GBR-EAW,GB,GBR,GBRTENW,iso_week_date,GBRTENW,.,England and Wales,England and Wales,England und Wales,EAW,1,Great Britain,n,Europe,A First wave peak,A First wave peak England and Wales
2020,Total,GB-EAW,80.956563,82.01895,81.703549,82.391162,-1.062387,-1.429749,-0.752745,2020,0,GBR-EAW,GB,GBR,GBRTENW,iso_week_date,GBRTENW,.,England and Wales,England and Wales,England und Wales,EAW,1,Great Britain,n,Europe,A First wave peak,A First wave peak England and Wales
2021,Total,GB-EAW,81.089642,82.116733,81.62834,82.684482,-1.027091,-1.602181,-0.548715,2021,0,GBR-EAW,GB,GBR,GBRTENW,iso_week_date,GBRTENW,.,England and Wales,England and Wales,England und Wales,EAW,1,Great Britain,n,Europe,A First wave peak,A First wave peak England and Wales
2022,Total,GB-EAW,81.499237,82.218648,81.575973,82.871664,-0.719412,-1.378129,-0.082064,2022,0.032,GBR-EAW,GB,GBR,GBRTENW,iso_week_date,GBRTENW,.,England and Wales,England and Wales,England und Wales,EAW,1,Great Britain,n,Europe,A First wave peak,A First wave peak England and Wales
2023,Total,GB-EAW,81.588216,82.292164,81.508191,83.000277,-0.703948,-1.41006,0.087654,2023,0.072,GBR-EAW,GB,GBR,GBRTENW,iso_week_date,GBRTENW,.,England and Wales,England and Wales,England und Wales,EAW,1,Great Britain,n,Europe,A First wave peak,A First wave peak England and Wales
2024,Total,GB-EAW,82.087535,82.370673,81.517727,83.195508,-0.283138,-1.083731,0.55879,2024,0.284,GBR-EAW,GB,GBR,GBRTENW,iso_week_date,GBRTENW,.,England and Wales,England and Wales,England und Wales,EAW,1,Great Britain,n,Europe,A First wave peak,A First wave peak England and Wales
2020-2024,Total,GB-EAW,81.443733,82.20246,81.646439,82.750656,-0.758726,-1.300801,-0.198537,NA,0.012,GBR-EAW,GB,GBR,GBRTENW,iso_week_date,GBRTENW,.,England and Wales,England and Wales,England und Wales,EAW,1,Great Britain,n,Europe,A First wave peak,A First wave peak England and Wales
2020,Male,HU,72.880038,73.798937,73.331866,74.175635,-0.918899,-1.307057,-0.463424,2020,0,HUN,HU,HUN,HUN,iso_week_date,HUN,348,Hungary,Hungary,Ungarn,HUN,0,Hungary,n,Europe,B Second wave peak,B Second wave peak Hungary
2021,Male,HU,71.311978,74.059699,73.480736,74.555719,-2.74772,-3.26253,-2.200035,2021,0,HUN,HU,HUN,HUN,iso_week_date,HUN,348,Hungary,Hungary,Ungarn,HUN,0,Hungary,n,Europe,B Second wave peak,B Second wave peak Hungary
2022,Male,HU,73.286832,74.288187,73.633491,74.879224,-1.001355,-1.624262,-0.334431,2022,0.004,HUN,HU,HUN,HUN,iso_week_date,HUN,348,Hungary,Hungary,Ungarn,HUN,0,Hungary,n,Europe,B Second wave peak,B Second wave peak Hungary
2023,Male,HU,74.331647,74.500165,73.729965000000007,75.18896,-0.168518,-0.839624,0.61178,2023,0.324,HUN,HU,HUN,HUN,iso_week_date,HUN,348,Hungary,Hungary,Ungarn,HUN,0,Hungary,n,Europe,B Second wave peak,B Second wave peak Hungary
2024,Male,HU,74.686337,74.725463,73.912467,75.460646,-0.039125,-0.762224,0.809553,2024,0.456,HUN,HU,HUN,HUN,iso_week_date,HUN,348,Hungary,Hungary,Ungarn,HUN,0,Hungary,n,Europe,B Second wave peak,B Second wave peak Hungary
2020-2024,Male,HU,73.250624,74.27183,73.703003,74.742651,-1.021206,-1.487898,-0.449913,NA,0.004,HUN,HU,HUN,HUN,iso_week_date,HUN,348,Hungary,Hungary,Ungarn,HUN,0,Hungary,n,Europe,B Second wave peak,B Second wave peak Hungary
2020,Female,HU,79.452331,80.167835,79.69992,80.648171,-0.715504,-1.238101,-0.257742,2020,0,HUN,HU,HUN,HUN,iso_week_date,HUN,348,Hungary,Hungary,Ungarn,HUN,0,Hungary,n,Europe,B Second wave peak,B Second wave peak Hungary
2021,Female,HU,78.19093,80.356673,79.658115,81.05045,-2.165743,-2.809594,-1.464732,2021,0,HUN,HU,HUN,HUN,iso_week_date,HUN,348,Hungary,Hungary,Ungarn,HUN,0,Hungary,n,Europe,B Second wave peak,B Second wave peak Hungary
2022,Female,HU,79.752771,80.490753,79.62973,81.246234,-0.737983,-1.510447,0.102431,2022,0.056,HUN,HU,HUN,HUN,iso_week_date,HUN,348,Hungary,Hungary,Ungarn,HUN,0,Hungary,n,Europe,B Second wave peak,B Second wave peak Hungary
2023,Female,HU,80.608438,80.634134,79.720147,81.494242,-0.025695,-0.900746,0.905297,2023,0.504,HUN,HU,HUN,HUN,iso_week_date,HUN,348,Hungary,Hungary,Ungarn,HUN,0,Hungary,n,Europe,B Second wave peak,B Second wave peak Hungary
2024,Female,HU,80.742172,80.761401,79.723154,81.788648,-0.019229,-1.058292,1.04578,2024,0.496,HUN,HU,HUN,HUN,iso_week_date,HUN,348,Hungary,Hungary,Ungarn,HUN,0,Hungary,n,Europe,B Second wave peak,B Second wave peak Hungary
2020-2024,Female,HU,79.720654,80.479603,79.859376,81.127083,-0.758948,-1.414199,-0.093132,NA,0.048,HUN,HU,HUN,HUN,iso_week_date,HUN,348,Hungary,Hungary,Ungarn,HUN,0,Hungary,n,Europe,B Second wave peak,B Second wave peak Hungary
2020,Total,HU,76.240588,77.087781,76.744624,77.382295,-0.847193,-1.161574,-0.518724,2020,0,HUN,HU,HUN,HUN,iso_week_date,HUN,348,Hungary,Hungary,Ungarn,HUN,0,Hungary,n,Europe,B Second wave peak,B Second wave peak Hungary
2021,Total,HU,74.771453,77.314793,76.870794,77.705154,-2.54334,-2.941393,-2.095588,2021,0,HUN,HU,HUN,HUN,iso_week_date,HUN,348,Hungary,Hungary,Ungarn,HUN,0,Hungary,n,Europe,B Second wave peak,B Second wave peak Hungary
2022,Total,HU,76.593439,77.497028,76.961901,77.97305,-0.903589,-1.411049,-0.367369,2022,0.004,HUN,HU,HUN,HUN,iso_week_date,HUN,348,Hungary,Hungary,Ungarn,HUN,0,Hungary,n,Europe,B Second wave peak,B Second wave peak Hungary
2023,Total,HU,77.567883,77.672054,77.070589,78.255717,-0.104171,-0.694091,0.503394,2023,0.376,HUN,HU,HUN,HUN,iso_week_date,HUN,348,Hungary,Hungary,Ungarn,HUN,0,Hungary,n,Europe,B Second wave peak,B Second wave peak Hungary
2024,Total,HU,77.814314,77.844906,77.212854,78.495716,-0.030592,-0.696972,0.603013,2024,0.464,HUN,HU,HUN,HUN,iso_week_date,HUN,348,Hungary,Hungary,Ungarn,HUN,0,Hungary,n,Europe,B Second wave peak,B Second wave peak Hungary
2020-2024,Total,HU,76.559821,77.481285,77.039881,77.896498,-0.921464,-1.326259,-0.478999,NA,0,HUN,HU,HUN,HUN,iso_week_date,HUN,348,Hungary,Hungary,Ungarn,HUN,0,Hungary,n,Europe,B Second wave peak,B Second wave peak Hungary
2020,Male,IS,81.13356,81.704779,80.887585,82.380804,-0.571219,-1.555883,0.412924,2020,0.096,ISL,IS,ISL,ISL,iso_week_date,ISL,352,Iceland,Iceland,Island,ISL,0,Iceland,n,Europe,C Late peak,C Late peak Iceland
2021,Male,IS,81.711593,81.889213,80.739465,82.937655,-0.17762,-1.329408,1.054343,2021,0.352,ISL,IS,ISL,ISL,iso_week_date,ISL,352,Iceland,Iceland,Island,ISL,0,Iceland,n,Europe,C Late peak,C Late peak Iceland
2022,Male,IS,81.077696,82.067097,80.796786,83.498682,-0.989401,-2.318831,0.425044,2022,0.112,ISL,IS,ISL,ISL,iso_week_date,ISL,352,Iceland,Iceland,Island,ISL,0,Iceland,n,Europe,C Late peak,C Late peak Iceland
2023,Male,IS,81.07615,82.175414,80.730821,83.596099,-1.099264,-2.728157,0.393202,2023,0.116,ISL,IS,ISL,ISL,iso_week_date,ISL,352,Iceland,Iceland,Island,ISL,0,Iceland,n,Europe,C Late peak,C Late peak Iceland
2024,Male,IS,81.516893,82.327119,80.752719,83.855995,-0.810227,-2.46971,0.790619,2024,0.22,ISL,IS,ISL,ISL,iso_week_date,ISL,352,Iceland,Iceland,Island,ISL,0,Iceland,n,Europe,C Late peak,C Late peak Iceland
2020-2024,Male,IS,81.271537,82.033695,80.939062,83.137361,-0.762158,-1.867709,0.349035,NA,0.124,ISL,IS,ISL,ISL,iso_week_date,ISL,352,Iceland,Iceland,Island,ISL,0,Iceland,n,Europe,C Late peak,C Late peak Iceland
2020,Female,IS,84.765938,84.539222,83.828929,85.247994,0.226716,-0.708097,1.112565,2020,1,ISL,IS,ISL,ISL,iso_week_date,ISL,352,Iceland,Iceland,Island,ISL,0,Iceland,n,Europe,C Late peak,C Late peak Iceland
2021,Female,IS,84.701355,84.664934,83.643661,85.544521,0.036421,-1.124076,1.277495,2021,1,ISL,IS,ISL,ISL,iso_week_date,ISL,352,Iceland,Iceland,Island,ISL,0,Iceland,n,Europe,C Late peak,C Late peak Iceland
2022,Female,IS,83.516544,84.836553,83.517007,86.004128,-1.320008,-2.512715,0.116704,2022,0.052,ISL,IS,ISL,ISL,iso_week_date,ISL,352,Iceland,Iceland,Island,ISL,0,Iceland,n,Europe,C Late peak,C Late peak Iceland
2023,Female,IS,84.791813,84.926353,83.387516,86.23287,-0.134541,-1.625265,1.597084,2023,0.408,ISL,IS,ISL,ISL,iso_week_date,ISL,352,Iceland,Iceland,Island,ISL,0,Iceland,n,Europe,C Late peak,C Late peak Iceland
2024,Female,IS,84.668678,85.056855,83.659639,86.548629,-0.388177,-2.092934,1.099,2024,0.32,ISL,IS,ISL,ISL,iso_week_date,ISL,352,Iceland,Iceland,Island,ISL,0,Iceland,n,Europe,C Late peak,C Late peak Iceland
2020-2024,Female,IS,84.452841,84.804497,83.725527,85.885853,-0.351657,-1.450631,0.751278,NA,0.284,ISL,IS,ISL,ISL,iso_week_date,ISL,352,Iceland,Iceland,Island,ISL,0,Iceland,n,Europe,C Late peak,C Late peak Iceland
2020,Total,IS,82.89479,83.105648,82.547777,83.648617,-0.210858,-0.898788,0.55767,2020,0.248,ISL,IS,ISL,ISL,iso_week_date,ISL,352,Iceland,Iceland,Island,ISL,0,Iceland,n,Europe,C Late peak,C Late peak Iceland
2021,Total,IS,83.154086,83.255745,82.460153,84.009802,-0.10166,-0.957756,0.773427,2021,0.408,ISL,IS,ISL,ISL,iso_week_date,ISL,352,Iceland,Iceland,Island,ISL,0,Iceland,n,Europe,C Late peak,C Late peak Iceland
2022,Total,IS,82.245139,83.421543,82.52692,84.339823,-1.176404,-2.058849,-0.224793,2022,0.024,ISL,IS,ISL,ISL,iso_week_date,ISL,352,Iceland,Iceland,Island,ISL,0,Iceland,n,Europe,C Late peak,C Late peak Iceland
2023,Total,IS,82.861887,83.513211,82.317988,84.624021,-0.651324,-1.792394,0.507731,2023,0.16,ISL,IS,ISL,ISL,iso_week_date,ISL,352,Iceland,Iceland,Island,ISL,0,Iceland,n,Europe,C Late peak,C Late peak Iceland
2024,Total,IS,83.037064,83.652979,82.494367,84.813961,-0.615916,-1.822047,0.548717,2024,0.192,ISL,IS,ISL,ISL,iso_week_date,ISL,352,Iceland,Iceland,Island,ISL,0,Iceland,n,Europe,C Late peak,C Late peak Iceland
2020-2024,Total,IS,82.820145,83.392624,82.551509,84.207169,-0.57248,-1.396115,0.300412,NA,0.124,ISL,IS,ISL,ISL,iso_week_date,ISL,352,Iceland,Iceland,Island,ISL,0,Iceland,n,Europe,C Late peak,C Late peak Iceland
2020,Male,IT,79.972614,81.010084,80.394851,81.507861,-1.03747,-1.540896,-0.438944,2020,0,ITA,IT,ITA,ITA,iso_week_date,ITA,380,Italy,Italy,Italien,ITA,0,Italy,n,Europe,A First wave peak,A First wave peak Italy
2021,Male,IT,80.733043,81.159056,80.387865,81.8219,-0.426013,-1.091651,0.353924,2021,0.16,ITA,IT,ITA,ITA,iso_week_date,ITA,380,Italy,Italy,Italien,ITA,0,Italy,n,Europe,A First wave peak,A First wave peak Italy
2022,Male,IT,81.257113,81.269539,80.388107,82.067601,-0.012426,-0.803984,0.868419,2022,0.444,ITA,IT,ITA,ITA,iso_week_date,ITA,380,Italy,Italy,Italien,ITA,0,Italy,n,Europe,A First wave peak,A First wave peak Italy
2023,Male,IT,82.018616,81.361558,80.314339,82.300899,0.657058,-0.275149,1.6927,2023,1,ITA,IT,ITA,ITA,iso_week_date,ITA,380,Italy,Italy,Italien,ITA,0,Italy,n,Europe,A First wave peak,A First wave peak Italy
2024,Male,IT,82.457002,81.475541,80.358766,82.487635,0.981461,-0.027317,2.11061,2024,1,ITA,IT,ITA,ITA,iso_week_date,ITA,380,Italy,Italy,Italien,ITA,0,Italy,n,Europe,A First wave peak,A First wave peak Italy
2020-2024,Male,IT,81.232767,81.248554,80.477917,81.881005,-0.015787,-0.647907,0.755211,NA,0.448,ITA,IT,ITA,ITA,iso_week_date,ITA,380,Italy,Italy,Italien,ITA,0,Italy,n,Europe,A First wave peak,A First wave peak Italy
2020,Female,IT,84.941362,85.948754,85.258378,86.667214,-1.007393,-1.741525,-0.312697,2020,0,ITA,IT,ITA,ITA,iso_week_date,ITA,380,Italy,Italy,Italien,ITA,0,Italy,n,Europe,A First wave peak,A First wave peak Italy
2021,Female,IT,85.257685,86.112698,85.074451,87.165982,-0.855012,-1.901174,0.197759,2021,0.088,ITA,IT,ITA,ITA,iso_week_date,ITA,380,Italy,Italy,Italien,ITA,0,Italy,n,Europe,A First wave peak,A First wave peak Italy
2022,Female,IT,85.374703,86.196067,84.909549,87.353608,-0.821364,-1.964582,0.440909,2022,0.1,ITA,IT,ITA,ITA,iso_week_date,ITA,380,Italy,Italy,Italien,ITA,0,Italy,n,Europe,A First wave peak,A First wave peak Italy
2023,Female,IT,86.040108,86.296696,84.917641,87.627974,-0.256588,-1.589246,1.131828,2023,0.408,ITA,IT,ITA,ITA,iso_week_date,ITA,380,Italy,Italy,Italien,ITA,0,Italy,n,Europe,A First wave peak,A First wave peak Italy
2024,Female,IT,86.430852,86.375234,84.798026,87.982706,0.055618,-1.542503,1.617394,2024,1,ITA,IT,ITA,ITA,iso_week_date,ITA,380,Italy,Italy,Italien,ITA,0,Italy,n,Europe,A First wave peak,A First wave peak Italy
2020-2024,Female,IT,85.57678,86.174825,85.244825,87.158557,-0.598046,-1.57706,0.346273,NA,0.144,ITA,IT,ITA,ITA,iso_week_date,ITA,380,Italy,Italy,Italien,ITA,0,Italy,n,Europe,A First wave peak,A First wave peak Italy
2020,Total,IT,82.479942,83.532045,83.051479,83.95007,-1.052103,-1.475582,-0.581047,2020,0,ITA,IT,ITA,ITA,iso_week_date,ITA,380,Italy,Italy,Italien,ITA,0,Italy,n,Europe,A First wave peak,A First wave peak Italy
2021,Total,IT,83.044884,83.682123,83.052121,84.256249,-0.63724,-1.216004,-0.013039,2021,0.048,ITA,IT,ITA,ITA,iso_week_date,ITA,380,Italy,Italy,Italien,ITA,0,Italy,n,Europe,A First wave peak,A First wave peak Italy
2022,Total,IT,83.372866,83.774499,83.022725,84.438381,-0.401633,-1.076345,0.337471,2022,0.196,ITA,IT,ITA,ITA,iso_week_date,ITA,380,Italy,Italy,Italien,ITA,0,Italy,n,Europe,A First wave peak,A First wave peak Italy
2023,Total,IT,84.09947,83.865084,82.983899,84.708508,0.234386,-0.618842,1.13793,2023,1,ITA,IT,ITA,ITA,iso_week_date,ITA,380,Italy,Italy,Italien,ITA,0,Italy,n,Europe,A First wave peak,A First wave peak Italy
2024,Total,IT,84.516035,83.954163,83.027337,84.915187,0.561872,-0.407295,1.500035,2024,1,ITA,IT,ITA,ITA,iso_week_date,ITA,380,Italy,Italy,Italien,ITA,0,Italy,n,Europe,A First wave peak,A First wave peak Italy
2020-2024,Total,IT,83.460275,83.755125,83.130945,84.357185,-0.29485,-0.900229,0.331604,NA,0.212,ITA,IT,ITA,ITA,iso_week_date,ITA,380,Italy,Italy,Italien,ITA,0,Italy,n,Europe,A First wave peak,A First wave peak Italy
2020,Male,LT,70.497196,71.778702,70.767922,72.609876,-1.281506,-2.151802,-0.274876,2020,0.004,LTU,LT,LTU,LTU,iso_week_date,LTU,440,Lithuania,Lithuania,Litauen,LTU,0,Lithuania,n,Europe,B Second wave peak,B Second wave peak Lithuania
2021,Male,LT,69.901297,71.953381,70.784782,73.121576,-2.052084,-3.25336,-0.863393,2021,0.004,LTU,LT,LTU,LTU,iso_week_date,LTU,440,Lithuania,Lithuania,Litauen,LTU,0,Lithuania,n,Europe,B Second wave peak,B Second wave peak Lithuania
2022,Male,LT,71.631711,72.129256,70.735137,73.522788,-0.497545,-1.907533,0.944691,2022,0.308,LTU,LT,LTU,LTU,iso_week_date,LTU,440,Lithuania,Lithuania,Litauen,LTU,0,Lithuania,n,Europe,B Second wave peak,B Second wave peak Lithuania
2023,Male,LT,72.679303,72.242951,70.49962,73.70331,0.436352,-1.045611,2.157474,2023,1,LTU,LT,LTU,LTU,iso_week_date,LTU,440,Lithuania,Lithuania,Litauen,LTU,0,Lithuania,n,Europe,B Second wave peak,B Second wave peak Lithuania
2024,Male,LT,72.782424,72.410443,70.498192,74.09846,0.371981,-1.329418,2.202665,2024,1,LTU,LT,LTU,LTU,iso_week_date,LTU,440,Lithuania,Lithuania,Litauen,LTU,0,Lithuania,n,Europe,B Second wave peak,B Second wave peak Lithuania
2020-2024,Male,LT,71.453621,72.098277,70.788462,73.27748,-0.644656,-1.800172,0.656178,NA,0.188,LTU,LT,LTU,LTU,iso_week_date,LTU,440,Lithuania,Lithuania,Litauen,LTU,0,Lithuania,n,Europe,B Second wave peak,B Second wave peak Lithuania
2020,Female,LT,80.501878,81.582447,81.163456,82.043517,-1.08057,-1.556967,-0.614189,2020,0,LTU,LT,LTU,LTU,iso_week_date,LTU,440,Lithuania,Lithuania,Litauen,LTU,0,Lithuania,n,Europe,B Second wave peak,B Second wave peak Lithuania
2021,Female,LT,79.10079,81.752758,81.12374,82.336349,-2.651967,-3.265192,-2.02843,2021,0,LTU,LT,LTU,LTU,iso_week_date,LTU,440,Lithuania,Lithuania,Litauen,LTU,0,Lithuania,n,Europe,B Second wave peak,B Second wave peak Lithuania
2022,Female,LT,80.632894,81.926739,81.285822,82.67507,-1.293845,-1.992651,-0.62771,2022,0,LTU,LT,LTU,LTU,iso_week_date,LTU,440,Lithuania,Lithuania,Litauen,LTU,0,Lithuania,n,Europe,B Second wave peak,B Second wave peak Lithuania
2023,Female,LT,81.875932,82.123887,81.210803,83.002815,-0.247955,-1.119602,0.627577,2023,0.316,LTU,LT,LTU,LTU,iso_week_date,LTU,440,Lithuania,Lithuania,Litauen,LTU,0,Lithuania,n,Europe,B Second wave peak,B Second wave peak Lithuania
2024,Female,LT,81.817633,82.298917,81.364808,83.168135,-0.481285,-1.360531,0.465526,2024,0.2,LTU,LT,LTU,LTU,iso_week_date,LTU,440,Lithuania,Lithuania,Litauen,LTU,0,Lithuania,n,Europe,B Second wave peak,B Second wave peak Lithuania
2020-2024,Female,LT,80.734616,81.930588,81.29042,82.553701,-1.195972,-1.807607,-0.578108,NA,0,LTU,LT,LTU,LTU,iso_week_date,LTU,440,Lithuania,Lithuania,Litauen,LTU,0,Lithuania,n,Europe,B Second wave peak,B Second wave peak Lithuania
2020,Total,LT,75.568436,76.819582,76.219774,77.357168,-1.251146,-1.829737,-0.628465,2020,0,LTU,LT,LTU,LTU,iso_week_date,LTU,440,Lithuania,Lithuania,Litauen,LTU,0,Lithuania,n,Europe,B Second wave peak,B Second wave peak Lithuania
2021,Total,LT,74.557092,76.982571,76.261508,77.695325,-2.425479,-3.180497,-1.663655,2021,0,LTU,LT,LTU,LTU,iso_week_date,LTU,440,Lithuania,Lithuania,Litauen,LTU,0,Lithuania,n,Europe,B Second wave peak,B Second wave peak Lithuania
2022,Total,LT,76.264485,77.154714,76.244376,78.048925,-0.890229,-1.821089,0.045219,2022,0.052,LTU,LT,LTU,LTU,iso_week_date,LTU,440,Lithuania,Lithuania,Litauen,LTU,0,Lithuania,n,Europe,B Second wave peak,B Second wave peak Lithuania
2023,Total,LT,77.43901,77.299018,76.232522,78.262514,0.139991,-0.826169,1.207937,2023,1,LTU,LT,LTU,LTU,iso_week_date,LTU,440,Lithuania,Lithuania,Litauen,LTU,0,Lithuania,n,Europe,B Second wave peak,B Second wave peak Lithuania
2024,Total,LT,77.455759,77.461438,76.260035,78.594694,-0.005679,-1.10494,1.197395,2024,0.496,LTU,LT,LTU,LTU,iso_week_date,LTU,440,Lithuania,Lithuania,Litauen,LTU,0,Lithuania,n,Europe,B Second wave peak,B Second wave peak Lithuania
2020-2024,Total,LT,76.208822,77.139117,76.431377,77.917994,-0.930294,-1.717439,-0.215105,NA,0.02,LTU,LT,LTU,LTU,iso_week_date,LTU,440,Lithuania,Lithuania,Litauen,LTU,0,Lithuania,n,Europe,B Second wave peak,B Second wave peak Lithuania
2020,Male,LU,79.973892,80.273842,79.413143,81.089743,-0.29995,-1.196262,0.6395,2020,0.256,LUX,LU,LUX,LUX,iso_week_date,LUX,442,Luxembourg,Luxembourg,Luxemburg,LUX,0,Luxembourg,n,Europe,A First wave peak,A First wave peak Luxembourg
2021,Male,LU,80.645484,80.519949,79.262872,81.744427,0.125535,-1.158644,1.29694,2021,1,LUX,LU,LUX,LUX,iso_week_date,LUX,442,Luxembourg,Luxembourg,Luxemburg,LUX,0,Luxembourg,n,Europe,A First wave peak,A First wave peak Luxembourg
2022,Male,LU,80.799233,80.791628,79.180222,82.204187,0.007605,-1.439714,1.517582,2022,1,LUX,LU,LUX,LUX,iso_week_date,LUX,442,Luxembourg,Luxembourg,Luxemburg,LUX,0,Luxembourg,n,Europe,A First wave peak,A First wave peak Luxembourg
2023,Male,LU,82.048065,81.020947,79.109021,82.534567,1.027118,-0.595112,3.127659,2023,1,LUX,LU,LUX,LUX,iso_week_date,LUX,442,Luxembourg,Luxembourg,Luxemburg,LUX,0,Luxembourg,n,Europe,A First wave peak,A First wave peak Luxembourg
2024,Male,LU,80.820869,81.263222,79.200392,83.037313,-0.442354,-2.436449,1.498636,2024,0.328,LUX,LU,LUX,LUX,iso_week_date,LUX,442,Luxembourg,Luxembourg,Luxemburg,LUX,0,Luxembourg,n,Europe,A First wave peak,A First wave peak Luxembourg
2020-2024,Male,LU,80.827292,80.774442,79.433748,82.028284,0.05285,-1.23597,1.373209,NA,1,LUX,LU,LUX,LUX,iso_week_date,LUX,442,Luxembourg,Luxembourg,Luxemburg,LUX,0,Luxembourg,n,Europe,A First wave peak,A First wave peak Luxembourg
2020,Female,LU,84.804163,85.33026,84.457472,86.093743,-0.526096,-1.359214,0.376805,2020,0.136,LUX,LU,LUX,LUX,iso_week_date,LUX,442,Luxembourg,Luxembourg,Luxemburg,LUX,0,Luxembourg,n,Europe,A First wave peak,A First wave peak Luxembourg
2021,Female,LU,85.205408,85.554564,84.209558,86.658061,-0.349156,-1.495194,0.987488,2021,0.3,LUX,LU,LUX,LUX,iso_week_date,LUX,442,Luxembourg,Luxembourg,Luxemburg,LUX,0,Luxembourg,n,Europe,A First wave peak,A First wave peak Luxembourg
2022,Female,LU,85.694272,85.697487,84.282516,87.113828,-0.003215,-1.5243390000000001,1.482297,2022,0.48,LUX,LU,LUX,LUX,iso_week_date,LUX,442,Luxembourg,Luxembourg,Luxemburg,LUX,0,Luxembourg,n,Europe,A First wave peak,A First wave peak Luxembourg
2023,Female,LU,85.333436,85.803428,84.254457,87.571699,-0.469991,-2.189627,1.242356,2023,0.332,LUX,LU,LUX,LUX,iso_week_date,LUX,442,Luxembourg,Luxembourg,Luxemburg,LUX,0,Luxembourg,n,Europe,A First wave peak,A First wave peak Luxembourg
2024,Female,LU,85.782501,86.008423,83.97074,87.82516,-0.225922,-2.009391,1.812146,2024,0.408,LUX,LU,LUX,LUX,iso_week_date,LUX,442,Luxembourg,Luxembourg,Luxemburg,LUX,0,Luxembourg,n,Europe,A First wave peak,A First wave peak Luxembourg
2020-2024,Female,LU,85.352572,85.674782,84.456407,86.868841,-0.32221,-1.601071,0.913389,NA,0.324,LUX,LU,LUX,LUX,iso_week_date,LUX,442,Luxembourg,Luxembourg,Luxemburg,LUX,0,Luxembourg,n,Europe,A First wave peak,A First wave peak Luxembourg
2020,Total,LU,82.362327,82.788448,82.223147,83.435534,-0.426122,-1.064372,0.289438,2020,0.132,LUX,LU,LUX,LUX,iso_week_date,LUX,442,Luxembourg,Luxembourg,Luxemburg,LUX,0,Luxembourg,n,Europe,A First wave peak,A First wave peak Luxembourg
2021,Total,LU,82.908567,83.018313,82.061136,83.882226,-0.109746,-1.01489,0.870239,2021,0.424,LUX,LU,LUX,LUX,iso_week_date,LUX,442,Luxembourg,Luxembourg,Luxemburg,LUX,0,Luxembourg,n,Europe,A First wave peak,A First wave peak Luxembourg
2022,Total,LU,83.22925,83.223335,82.131423,84.275809,0.005915,-1.035275,1.119775,2022,1,LUX,LU,LUX,LUX,iso_week_date,LUX,442,Luxembourg,Luxembourg,Luxemburg,LUX,0,Luxembourg,n,Europe,A First wave peak,A First wave peak Luxembourg
2023,Total,LU,83.68408,83.389496,82.031143,84.427834,0.294585,-0.801074,1.656142,2023,1,LUX,LU,LUX,LUX,iso_week_date,LUX,442,Luxembourg,Luxembourg,Luxemburg,LUX,0,Luxembourg,n,Europe,A First wave peak,A First wave peak Luxembourg
2024,Total,LU,83.290741,83.604254,82.216013,84.815017,-0.313513,-1.500996,1.006562,2024,0.36,LUX,LU,LUX,LUX,iso_week_date,LUX,442,Luxembourg,Luxembourg,Luxemburg,LUX,0,Luxembourg,n,Europe,A First wave peak,A First wave peak Luxembourg
2020-2024,Total,LU,83.089684,83.20658,82.21938,84.117044,-0.116896,-0.994701,0.811973,NA,0.4,LUX,LU,LUX,LUX,iso_week_date,LUX,442,Luxembourg,Luxembourg,Luxemburg,LUX,0,Luxembourg,n,Europe,A First wave peak,A First wave peak Luxembourg
2020,Male,LV,71.101929,71.522232,70.827763,72.2768,-0.420303,-1.147753,0.287989,2020,0.144,LVA,LV,LVA,LVA,iso_week_date,LVA,428,Latvia,Latvia,Lettland,LVA,0,Latvia,n,Europe,B Second wave peak,B Second wave peak Latvia
2021,Male,LV,68.656373,71.847139,70.880727,72.823014,-3.190766,-4.207858,-2.208131,2021,0,LVA,LV,LVA,LVA,iso_week_date,LVA,428,Latvia,Latvia,Lettland,LVA,0,Latvia,n,Europe,B Second wave peak,B Second wave peak Latvia
2022,Male,LV,69.799125,72.130806,70.907719,73.272947,-2.331681,-3.575543,-1.073828,2022,0,LVA,LV,LVA,LVA,iso_week_date,LVA,428,Latvia,Latvia,Lettland,LVA,0,Latvia,n,Europe,B Second wave peak,B Second wave peak Latvia
2023,Male,LV,70.990673,72.393542,70.90495,73.669263,-1.402869,-2.634009,0.079729,2023,0.06,LVA,LV,LVA,LVA,iso_week_date,LVA,428,Latvia,Latvia,Lettland,LVA,0,Latvia,n,Europe,B Second wave peak,B Second wave peak Latvia
2024,Male,LV,72.282161,72.707244,71.147045,74.01891,-0.425083,-1.803996,1.248939,2024,0.324,LVA,LV,LVA,LVA,iso_week_date,LVA,428,Latvia,Latvia,Lettland,LVA,0,Latvia,n,Europe,B Second wave peak,B Second wave peak Latvia
2020-2024,Male,LV,70.504943,72.109599,71.051253,73.032731,-1.604656,-2.536526,-0.528956,NA,0,LVA,LV,LVA,LVA,iso_week_date,LVA,428,Latvia,Latvia,Lettland,LVA,0,Latvia,n,Europe,B Second wave peak,B Second wave peak Latvia
2020,Female,LV,80.418403,80.866101,80.350285,81.390792,-0.447698,-0.984122,0.140943,2020,0.108,LVA,LV,LVA,LVA,iso_week_date,LVA,428,Latvia,Latvia,Lettland,LVA,0,Latvia,n,Europe,B Second wave peak,B Second wave peak Latvia
2021,Female,LV,78.208431,81.080111,80.371849,81.753586,-2.87168,-3.592211,-2.131939,2021,0,LVA,LV,LVA,LVA,iso_week_date,LVA,428,Latvia,Latvia,Lettland,LVA,0,Latvia,n,Europe,B Second wave peak,B Second wave peak Latvia
2022,Female,LV,79.568964,81.301679,80.449443,82.090733,-1.732714,-2.602446,-0.82795,2022,0,LVA,LV,LVA,LVA,iso_week_date,LVA,428,Latvia,Latvia,Lettland,LVA,0,Latvia,n,Europe,B Second wave peak,B Second wave peak Latvia
2023,Female,LV,80.779601,81.526903,80.48603,82.442944,-0.747303,-1.671222,0.31444,2023,0.12,LVA,LV,LVA,LVA,iso_week_date,LVA,428,Latvia,Latvia,Lettland,LVA,0,Latvia,n,Europe,B Second wave peak,B Second wave peak Latvia
2024,Female,LV,81.514333,81.735135,80.597986,82.775614,-0.220802,-1.297399,0.929301,2024,0.328,LVA,LV,LVA,LVA,iso_week_date,LVA,428,Latvia,Latvia,Lettland,LVA,0,Latvia,n,Europe,B Second wave peak,B Second wave peak Latvia
2020-2024,Female,LV,80.041923,81.293735,80.536016,81.938211,-1.251812,-1.92393,-0.499868,NA,0.004,LVA,LV,LVA,LVA,iso_week_date,LVA,428,Latvia,Latvia,Lettland,LVA,0,Latvia,n,Europe,B Second wave peak,B Second wave peak Latvia
2020,Total,LV,75.933006,76.391161,75.872966,76.899541,-0.458155,-0.944902,0.061796,2020,0.072,LVA,LV,LVA,LVA,iso_week_date,LVA,428,Latvia,Latvia,Lettland,LVA,0,Latvia,n,Europe,B Second wave peak,B Second wave peak Latvia
2021,Total,LV,73.469302,76.666102,75.96189,77.376413,-3.1968,-3.885048,-2.476914,2021,0,LVA,LV,LVA,LVA,iso_week_date,LVA,428,Latvia,Latvia,Lettland,LVA,0,Latvia,n,Europe,B Second wave peak,B Second wave peak Latvia
2022,Total,LV,74.754758,76.921823,76.070478,77.756179,-2.167065,-3.019679,-1.308275,2022,0,LVA,LV,LVA,LVA,iso_week_date,LVA,428,Latvia,Latvia,Lettland,LVA,0,Latvia,n,Europe,B Second wave peak,B Second wave peak Latvia
2023,Total,LV,75.991577,77.163591,76.170837,77.978672,-1.172013,-1.973087,-0.121516,2023,0.024,LVA,LV,LVA,LVA,iso_week_date,LVA,428,Latvia,Latvia,Lettland,LVA,0,Latvia,n,Europe,B Second wave peak,B Second wave peak Latvia
2024,Total,LV,77.052982,77.423071,76.336251,78.340802,-0.370088,-1.319605,0.755813,2024,0.272,LVA,LV,LVA,LVA,iso_week_date,LVA,428,Latvia,Latvia,Lettland,LVA,0,Latvia,n,Europe,B Second wave peak,B Second wave peak Latvia
2020-2024,Total,LV,75.382242,76.904393,76.217726,77.576359,-1.522151,-2.213736,-0.81036,NA,0,LVA,LV,LVA,LVA,iso_week_date,LVA,428,Latvia,Latvia,Lettland,LVA,0,Latvia,n,Europe,B Second wave peak,B Second wave peak Latvia
2020,Male,NL,80.098682,81.156079,80.865549,81.434588,-1.057397,-1.35333,-0.781308,2020,0,NLD,NL,NLD,NLD,iso_week_date,NLD,528,Netherlands,Netherlands,Niederlande,NLD,0,Netherlands,n,Europe,D Prolonged depression,D Prolonged depression Netherlands
2021,Male,NL,80.159124,81.381406,80.976534,81.797229,-1.222283,-1.618232,-0.810219,2021,0,NLD,NL,NLD,NLD,iso_week_date,NLD,528,Netherlands,Netherlands,Niederlande,NLD,0,Netherlands,n,Europe,D Prolonged depression,D Prolonged depression Netherlands
2022,Male,NL,80.54568,81.624974,81.114946,82.137881,-1.079294,-1.614406,-0.565256,2022,0,NLD,NL,NLD,NLD,iso_week_date,NLD,528,Netherlands,Netherlands,Niederlande,NLD,0,Netherlands,n,Europe,D Prolonged depression,D Prolonged depression Netherlands
2023,Male,NL,80.767814,81.88035,81.276264,82.495893,-1.112537,-1.720099,-0.480116,2023,0,NLD,NL,NLD,NLD,iso_week_date,NLD,528,Netherlands,Netherlands,Niederlande,NLD,0,Netherlands,n,Europe,D Prolonged depression,D Prolonged depression Netherlands
2024,Male,NL,81.017495,82.113186,81.387194,82.717146,-1.095691,-1.71662,-0.378353,2024,0.004,NLD,NL,NLD,NLD,iso_week_date,NLD,528,Netherlands,Netherlands,Niederlande,NLD,0,Netherlands,n,Europe,D Prolonged depression,D Prolonged depression Netherlands
2020-2024,Male,NL,80.516483,81.629226,81.189014,82.065581,-1.112743,-1.551072,-0.658129,NA,0,NLD,NL,NLD,NLD,iso_week_date,NLD,528,Netherlands,Netherlands,Niederlande,NLD,0,Netherlands,n,Europe,D Prolonged depression,D Prolonged depression Netherlands
2020,Female,NL,83.571732,84.170306,83.869635,84.461396,-0.598574,-0.898314,-0.281715,2020,0,NLD,NL,NLD,NLD,iso_week_date,NLD,528,Netherlands,Netherlands,Niederlande,NLD,0,Netherlands,n,Europe,D Prolonged depression,D Prolonged depression Netherlands
2021,Female,NL,83.445536,84.322865,83.881614,84.775455,-0.877329,-1.320957,-0.434708,2021,0,NLD,NL,NLD,NLD,iso_week_date,NLD,528,Netherlands,Netherlands,Niederlande,NLD,0,Netherlands,n,Europe,D Prolonged depression,D Prolonged depression Netherlands
2022,Female,NL,83.553772,84.477644,83.982151,84.959419,-0.923872,-1.415212,-0.385068,2022,0,NLD,NL,NLD,NLD,iso_week_date,NLD,528,Netherlands,Netherlands,Niederlande,NLD,0,Netherlands,n,Europe,D Prolonged depression,D Prolonged depression Netherlands
2023,Female,NL,83.832106,84.644799,84.11252,85.211136,-0.812693,-1.413331,-0.2945,2023,0.016,NLD,NL,NLD,NLD,iso_week_date,NLD,528,Netherlands,Netherlands,Niederlande,NLD,0,Netherlands,n,Europe,D Prolonged depression,D Prolonged depression Netherlands
2024,Female,NL,83.858239,84.78943,84.234924,85.394912,-0.931191,-1.551461,-0.354238,2024,0.016,NLD,NL,NLD,NLD,iso_week_date,NLD,528,Netherlands,Netherlands,Niederlande,NLD,0,Netherlands,n,Europe,D Prolonged depression,D Prolonged depression Netherlands
2020-2024,Female,NL,83.652661,84.4786,84.047009,84.887673,-0.825939,-1.225763,-0.386647,NA,0,NLD,NL,NLD,NLD,iso_week_date,NLD,528,Netherlands,Netherlands,Niederlande,NLD,0,Netherlands,n,Europe,D Prolonged depression,D Prolonged depression Netherlands
2020,Total,NL,81.852624,82.70683,82.48785,82.914132,-0.854206,-1.063805,-0.621142,2020,0,NLD,NL,NLD,NLD,iso_week_date,NLD,528,Netherlands,Netherlands,Niederlande,NLD,0,Netherlands,n,Europe,D Prolonged depression,D Prolonged depression Netherlands
2021,Total,NL,81.822383,82.89441,82.614154,83.186326,-1.072027,-1.34335,-0.790543,2021,0,NLD,NL,NLD,NLD,iso_week_date,NLD,528,Netherlands,Netherlands,Niederlande,NLD,0,Netherlands,n,Europe,D Prolonged depression,D Prolonged depression Netherlands
2022,Total,NL,82.075235,83.092374,82.773019,83.421087,-1.017138,-1.35042,-0.686498,2022,0,NLD,NL,NLD,NLD,iso_week_date,NLD,528,Netherlands,Netherlands,Niederlande,NLD,0,Netherlands,n,Europe,D Prolonged depression,D Prolonged depression Netherlands
2023,Total,NL,82.323636,83.30275,82.907596,83.698235,-0.979114,-1.363905,-0.592701,2023,0,NLD,NL,NLD,NLD,iso_week_date,NLD,528,Netherlands,Netherlands,Niederlande,NLD,0,Netherlands,n,Europe,D Prolonged depression,D Prolonged depression Netherlands
2024,Total,NL,82.464378,83.490098,83.028742,83.918865,-1.02572,-1.47319,-0.556532,2024,0,NLD,NL,NLD,NLD,iso_week_date,NLD,528,Netherlands,Netherlands,Niederlande,NLD,0,Netherlands,n,Europe,D Prolonged depression,D Prolonged depression Netherlands
2020-2024,Total,NL,82.107808,83.095538,82.809577,83.395507,-0.98773,-1.286166,-0.689078,NA,0,NLD,NL,NLD,NLD,iso_week_date,NLD,528,Netherlands,Netherlands,Niederlande,NLD,0,Netherlands,n,Europe,D Prolonged depression,D Prolonged depression Netherlands
2020,Male,NO,81.443976,81.468894,81.086617,81.779828,-0.024918,-0.35045,0.339025,2020,0.44,NOR,NO,NOR,NOR,iso_week_date,NOR,578,Norway,Norway,Norwegen,NOR,0,Norway,n,Europe,C Late peak,C Late peak Norway
2021,Male,NO,81.451697,81.72739,81.251059,82.139517,-0.275692,-0.712238,0.226257,2021,0.152,NOR,NO,NOR,NOR,iso_week_date,NOR,578,Norway,Norway,Norwegen,NOR,0,Norway,n,Europe,C Late peak,C Late peak Norway
2022,Male,NO,81.010361,81.959698,81.418691,82.453261,-0.949337,-1.45217,-0.403344,2022,0,NOR,NO,NOR,NOR,iso_week_date,NOR,578,Norway,Norway,Norwegen,NOR,0,Norway,n,Europe,C Late peak,C Late peak Norway
2023,Male,NO,81.181861,82.178408,81.540372,82.756309,-0.996547,-1.617285,-0.404739,2023,0.004,NOR,NO,NOR,NOR,iso_week_date,NOR,578,Norway,Norway,Norwegen,NOR,0,Norway,n,Europe,C Late peak,C Late peak Norway
2024,Male,NO,81.480264,82.408464,81.732272,83.027607,-0.928201,-1.565418,-0.220568,2024,0.008,NOR,NO,NOR,NOR,iso_week_date,NOR,578,Norway,Norway,Norwegen,NOR,0,Norway,n,Europe,C Late peak,C Late peak Norway
2020-2024,Male,NO,81.31003,81.953269,81.480765,82.351365,-0.643238,-1.053258,-0.159439,NA,0.012,NOR,NO,NOR,NOR,iso_week_date,NOR,578,Norway,Norway,Norwegen,NOR,0,Norway,n,Europe,C Late peak,C Late peak Norway
2020,Female,NO,84.999105,84.935347,84.644291,85.238425,0.063758,-0.260917,0.396509,2020,1,NOR,NO,NOR,NOR,iso_week_date,NOR,578,Norway,Norway,Norwegen,NOR,0,Norway,n,Europe,C Late peak,C Late peak Norway
2021,Female,NO,84.978722,85.124642,84.689493,85.566587,-0.145919,-0.573143,0.276879,2021,0.3,NOR,NO,NOR,NOR,iso_week_date,NOR,578,Norway,Norway,Norwegen,NOR,0,Norway,n,Europe,C Late peak,C Late peak Norway
2022,Female,NO,84.528491,85.278811,84.742814,85.761753,-0.75032,-1.208877,-0.217765,2022,0.012,NOR,NO,NOR,NOR,iso_week_date,NOR,578,Norway,Norway,Norwegen,NOR,0,Norway,n,Europe,C Late peak,C Late peak Norway
2023,Female,NO,84.882239,85.439065,84.867804,85.991423,-0.556826,-1.136782,0.014194,2023,0.056,NOR,NO,NOR,NOR,iso_week_date,NOR,578,Norway,Norway,Norwegen,NOR,0,Norway,n,Europe,C Late peak,C Late peak Norway
2024,Female,NO,84.98829,85.589055,84.939511,86.252444,-0.600765,-1.292293,0.046727,2024,0.08,NOR,NO,NOR,NOR,iso_week_date,NOR,578,Norway,Norway,Norwegen,NOR,0,Norway,n,Europe,C Late peak,C Late peak Norway
2020-2024,Female,NO,84.871118,85.274635,84.88445,85.68969,-0.403518,-0.824646,7.93e-4,NA,0.048,NOR,NO,NOR,NOR,iso_week_date,NOR,578,Norway,Norway,Norwegen,NOR,0,Norway,n,Europe,C Late peak,C Late peak Norway
2020,Total,NO,83.234602,83.218988,82.979822,83.434433,0.015614,-0.20633,0.276,2020,1,NOR,NO,NOR,NOR,iso_week_date,NOR,578,Norway,Norway,Norwegen,NOR,0,Norway,n,Europe,C Late peak,C Late peak Norway
2021,Total,NO,83.2189,83.440089,83.133589,83.707235,-0.221189,-0.506357,0.108241,2021,0.128,NOR,NO,NOR,NOR,iso_week_date,NOR,578,Norway,Norway,Norwegen,NOR,0,Norway,n,Europe,C Late peak,C Late peak Norway
2022,Total,NO,82.762555,83.632753,83.266464,83.996465,-0.870197,-1.210529,-0.493871,2022,0,NOR,NO,NOR,NOR,iso_week_date,NOR,578,Norway,Norway,Norwegen,NOR,0,Norway,n,Europe,C Late peak,C Late peak Norway
2023,Total,NO,83.024625,83.823234,83.429324,84.249583,-0.798608,-1.221758,-0.384221,2023,0.004,NOR,NO,NOR,NOR,iso_week_date,NOR,578,Norway,Norway,Norwegen,NOR,0,Norway,n,Europe,C Late peak,C Late peak Norway
2024,Total,NO,83.230099,84.012537,83.578795,84.473187,-0.782438,-1.23535,-0.345937,2024,0,NOR,NO,NOR,NOR,iso_week_date,NOR,578,Norway,Norway,Norwegen,NOR,0,Norway,n,Europe,C Late peak,C Late peak Norway
2020-2024,Total,NO,83.090496,83.62886,83.304317,83.929956,-0.538363,-0.846179,-0.201375,NA,0.004,NOR,NO,NOR,NOR,iso_week_date,NOR,578,Norway,Norway,Norwegen,NOR,0,Norway,n,Europe,C Late peak,C Late peak Norway
2020,Male,PL,72.906764,74.67424,74.260208,75.025852,-1.767476,-2.127158,-1.352102,2020,0,POL,PL,POL,POL,iso_week_date,POL,616,Poland,Poland,Polen,POL,0,Poland,n,Europe,B Second wave peak,B Second wave peak Poland
2021,Male,PL,72.017786,74.914724,74.331441,75.46829,-2.896938,-3.440906,-2.313881,2021,0,POL,PL,POL,POL,iso_week_date,POL,616,Poland,Poland,Polen,POL,0,Poland,n,Europe,B Second wave peak,B Second wave peak Poland
2022,Male,PL,73.981057,75.15129,74.502417,75.920738,-1.170233,-1.925301,-0.505963,2022,0,POL,PL,POL,POL,iso_week_date,POL,616,Poland,Poland,Polen,POL,0,Poland,n,Europe,B Second wave peak,B Second wave peak Poland
2023,Male,PL,75.46234,75.351301,74.613132,76.113548,0.11104,-0.646562,0.833422,2023,1,POL,PL,POL,POL,iso_week_date,POL,616,Poland,Poland,Polen,POL,0,Poland,n,Europe,B Second wave peak,B Second wave peak Poland
2024,Male,PL,75.873932,75.572271,74.765804,76.399142,0.30166,-0.540629,1.114887,2024,1,POL,PL,POL,POL,iso_week_date,POL,616,Poland,Poland,Polen,POL,0,Poland,n,Europe,B Second wave peak,B Second wave peak Poland
2020-2024,Male,PL,73.978695,75.133722,74.575578,75.719446,-1.155027,-1.739432,-0.587421,NA,0,POL,PL,POL,POL,iso_week_date,POL,616,Poland,Poland,Polen,POL,0,Poland,n,Europe,B Second wave peak,B Second wave peak Poland
2020,Female,PL,81.011854,82.194705,81.826652,82.579706,-1.18285,-1.56654,-0.808434,2020,0,POL,PL,POL,POL,iso_week_date,POL,616,Poland,Poland,Polen,POL,0,Poland,n,Europe,B Second wave peak,B Second wave peak Poland
2021,Female,PL,79.879102,82.381621,81.852046,82.866148,-2.502519,-3.020298,-1.982261,2021,0,POL,PL,POL,POL,iso_week_date,POL,616,Poland,Poland,Polen,POL,0,Poland,n,Europe,B Second wave peak,B Second wave peak Poland
2022,Female,PL,81.537408,82.593719,81.906941,83.258899,-1.05631,-1.726731,-0.37807,2022,0.008,POL,PL,POL,POL,iso_week_date,POL,616,Poland,Poland,Polen,POL,0,Poland,n,Europe,B Second wave peak,B Second wave peak Poland
2023,Female,PL,82.591496,82.763745,81.961355,83.516205,-0.172249,-0.920954,0.613654,2023,0.364,POL,PL,POL,POL,iso_week_date,POL,616,Poland,Poland,Polen,POL,0,Poland,n,Europe,B Second wave peak,B Second wave peak Poland
2024,Female,PL,83.021396,82.951726,82.204629,83.834942,0.069669,-0.8589,0.834545,2024,1,POL,PL,POL,POL,iso_week_date,POL,616,Poland,Poland,Polen,POL,0,Poland,n,Europe,B Second wave peak,B Second wave peak Poland
2020-2024,Female,PL,81.574779,82.577242,82.010592,83.191574,-1.002463,-1.620595,-0.433895,NA,0.004,POL,PL,POL,POL,iso_week_date,POL,616,Poland,Poland,Polen,POL,0,Poland,n,Europe,B Second wave peak,B Second wave peak Poland
2020,Total,PL,76.906921,78.461658,78.167403,78.754407,-1.554737,-1.84977,-1.279769,2020,0,POL,PL,POL,POL,iso_week_date,POL,616,Poland,Poland,Polen,POL,0,Poland,n,Europe,B Second wave peak,B Second wave peak Poland
2021,Total,PL,75.879897,78.682354,78.258081,79.101825,-2.802457,-3.197941,-2.376491,2021,0,POL,PL,POL,POL,iso_week_date,POL,616,Poland,Poland,Polen,POL,0,Poland,n,Europe,B Second wave peak,B Second wave peak Poland
2022,Total,PL,77.759563,78.909936,78.427453,79.422325,-1.150373,-1.648944,-0.682944,2022,0,POL,PL,POL,POL,iso_week_date,POL,616,Poland,Poland,Polen,POL,0,Poland,n,Europe,B Second wave peak,B Second wave peak Poland
2023,Total,PL,79.071159,79.092264,78.455686,79.718498,-0.021105,-0.661472,0.599677,2023,0.464,POL,PL,POL,POL,iso_week_date,POL,616,Poland,Poland,Polen,POL,0,Poland,n,Europe,B Second wave peak,B Second wave peak Poland
2024,Total,PL,79.491571,79.294798,78.662486,79.949635,0.196773,-0.474831,0.848987,2024,1,POL,PL,POL,POL,iso_week_date,POL,616,Poland,Poland,Polen,POL,0,Poland,n,Europe,B Second wave peak,B Second wave peak Poland
2020-2024,Total,PL,77.773233,78.889293,78.449986,79.343002,-1.11606,-1.567274,-0.681257,NA,0,POL,PL,POL,POL,iso_week_date,POL,616,Poland,Poland,Polen,POL,0,Poland,n,Europe,B Second wave peak,B Second wave peak Poland
2020,Male,PT,78.572635,79.53213,79.148273,79.865542,-0.959495,-1.315701,-0.582976,2020,0,PRT,PT,PRT,PRT,iso_week_date,PRT,620,Portugal,Portugal,Portugal,PRT,0,Portugal,n,Europe,D Prolonged depression,D Prolonged depression Portugal
2021,Male,PT,78.639431,79.783273,79.250802,80.35837,-1.143842,-1.706213,-0.615419,2021,0,PRT,PT,PRT,PRT,iso_week_date,PRT,620,Portugal,Portugal,Portugal,PRT,0,Portugal,n,Europe,D Prolonged depression,D Prolonged depression Portugal
2022,Male,PT,78.901915,80.029867,79.378647,80.657171,-1.127952,-1.740871,-0.498453,2022,0,PRT,PT,PRT,PRT,iso_week_date,PRT,620,Portugal,Portugal,Portugal,PRT,0,Portugal,n,Europe,D Prolonged depression,D Prolonged depression Portugal
2023,Male,PT,79.441219,80.300019,79.589919,81.056999,-0.8588,-1.62748,-0.132735,2023,0.024,PRT,PT,PRT,PRT,iso_week_date,PRT,620,Portugal,Portugal,Portugal,PRT,0,Portugal,n,Europe,D Prolonged depression,D Prolonged depression Portugal
2024,Male,PT,79.759725,80.546554,79.734337,81.342333,-0.786829,-1.572964,0.025674,2024,0.06,PRT,PT,PRT,PRT,iso_week_date,PRT,620,Portugal,Portugal,Portugal,PRT,0,Portugal,n,Europe,D Prolonged depression,D Prolonged depression Portugal
2020-2024,Male,PT,79.059864,80.037437,79.503775,80.589207,-0.977573,-1.518633,-0.455253,NA,0,PRT,PT,PRT,PRT,iso_week_date,PRT,620,Portugal,Portugal,Portugal,PRT,0,Portugal,n,Europe,D Prolonged depression,D Prolonged depression Portugal
2020,Female,PT,84.299464,85.426871,84.972967,85.929678,-1.127408,-1.619925,-0.665569,2020,0,PRT,PT,PRT,PRT,iso_week_date,PRT,620,Portugal,Portugal,Portugal,PRT,0,Portugal,n,Europe,D Prolonged depression,D Prolonged depression Portugal
2021,Female,PT,84.38437,85.637608,85.007037,86.321721,-1.253238,-1.945208,-0.638074,2021,0.004,PRT,PT,PRT,PRT,iso_week_date,PRT,620,Portugal,Portugal,Portugal,PRT,0,Portugal,n,Europe,D Prolonged depression,D Prolonged depression Portugal
2022,Female,PT,84.551036,85.875107,85.069166,86.735668,-1.324071,-2.136282,-0.562272,2022,0.004,PRT,PT,PRT,PRT,iso_week_date,PRT,620,Portugal,Portugal,Portugal,PRT,0,Portugal,n,Europe,D Prolonged depression,D Prolonged depression Portugal
2023,Female,PT,85.108109,86.127674,85.198719,87.18999,-1.019565,-2.052952,-0.1069,2023,0.036,PRT,PT,PRT,PRT,iso_week_date,PRT,620,Portugal,Portugal,Portugal,PRT,0,Portugal,n,Europe,D Prolonged depression,D Prolonged depression Portugal
2024,Female,PT,85.391487,86.325833,85.264584,87.460846,-0.934345,-2.059931,0.147603,2024,0.084,PRT,PT,PRT,PRT,iso_week_date,PRT,620,Portugal,Portugal,Portugal,PRT,0,Portugal,n,Europe,D Prolonged depression,D Prolonged depression Portugal
2020-2024,Female,PT,84.743268,85.875977,85.193685,86.633298,-1.132709,-1.894155,-0.450358,NA,0.008,PRT,PT,PRT,PRT,iso_week_date,PRT,620,Portugal,Portugal,Portugal,PRT,0,Portugal,n,Europe,D Prolonged depression,D Prolonged depression Portugal
2020,Total,PT,81.512603,82.571321,82.2897,82.870522,-1.058718,-1.347636,-0.764928,2020,0,PRT,PT,PRT,PRT,iso_week_date,PRT,620,Portugal,Portugal,Portugal,PRT,0,Portugal,n,Europe,D Prolonged depression,D Prolonged depression Portugal
2021,Total,PT,81.581621,82.797704,82.363051,83.237078,-1.216083,-1.649235,-0.777371,2021,0,PRT,PT,PRT,PRT,iso_week_date,PRT,620,Portugal,Portugal,Portugal,PRT,0,Portugal,n,Europe,D Prolonged depression,D Prolonged depression Portugal
2022,Total,PT,81.79855,83.03877,82.560002,83.551978,-1.24022,-1.729758,-0.756486,2022,0,PRT,PT,PRT,PRT,iso_week_date,PRT,620,Portugal,Portugal,Portugal,PRT,0,Portugal,n,Europe,D Prolonged depression,D Prolonged depression Portugal
2023,Total,PT,82.355263,83.302301,82.712848,83.94922,-0.947038,-1.595396,-0.3666,2023,0.008,PRT,PT,PRT,PRT,iso_week_date,PRT,620,Portugal,Portugal,Portugal,PRT,0,Portugal,n,Europe,D Prolonged depression,D Prolonged depression Portugal
2024,Total,PT,82.659124,83.525183,82.830453,84.197953,-0.866059,-1.554185,-0.16179,2024,0.016,PRT,PT,PRT,PRT,iso_week_date,PRT,620,Portugal,Portugal,Portugal,PRT,0,Portugal,n,Europe,D Prolonged depression,D Prolonged depression Portugal
2020-2024,Total,PT,81.978376,83.046179,82.597695,83.492047,-1.067803,-1.526249,-0.63613,NA,0,PRT,PT,PRT,PRT,iso_week_date,PRT,620,Portugal,Portugal,Portugal,PRT,0,Portugal,n,Europe,D Prolonged depression,D Prolonged depression Portugal
2020,Male,SE,80.929059,81.827921,81.603904,82.036263,-0.898862,-1.114245,-0.64116,2020,0,SWE,SE,SWE,SWE,iso_week_date,SWE,752,Sweden,Sweden,Schweden,SWE,0,Sweden,n,Europe,A First wave peak,A First wave peak Sweden
2021,Male,SE,81.550785,82.017928,81.701603,82.342021,-0.467143,-0.806851,-0.132072,2021,0.008,SWE,SE,SWE,SWE,iso_week_date,SWE,752,Sweden,Sweden,Schweden,SWE,0,Sweden,n,Europe,A First wave peak,A First wave peak Sweden
2022,Male,SE,81.605348,82.198395,81.8331,82.556706,-0.593048,-0.966103,-0.191177,2022,0.004,SWE,SE,SWE,SWE,iso_week_date,SWE,752,Sweden,Sweden,Schweden,SWE,0,Sweden,n,Europe,A First wave peak,A First wave peak Sweden
2023,Male,SE,81.90728,82.383405,81.960949,82.870368,-0.476125,-0.979866,-0.034578,2023,0.032,SWE,SE,SWE,SWE,iso_week_date,SWE,752,Sweden,Sweden,Schweden,SWE,0,Sweden,n,Europe,A First wave peak,A First wave peak Sweden
2024,Male,SE,82.628153,82.555789,82.056868,83.05947,0.072364,-0.483234,0.560866,2024,1,SWE,SE,SWE,SWE,iso_week_date,SWE,752,Sweden,Sweden,Schweden,SWE,0,Sweden,n,Europe,A First wave peak,A First wave peak Sweden
2020-2024,Male,SE,81.720423,82.199251,81.868977,82.54683,-0.478828,-0.818549,-0.151246,NA,0.004,SWE,SE,SWE,SWE,iso_week_date,SWE,752,Sweden,Sweden,Schweden,SWE,0,Sweden,n,Europe,A First wave peak,A First wave peak Sweden
2020,Female,SE,84.571286,85.163349,84.909097,85.440315,-0.592062,-0.866357,-0.325764,2020,0,SWE,SE,SWE,SWE,iso_week_date,SWE,752,Sweden,Sweden,Schweden,SWE,0,Sweden,n,Europe,A First wave peak,A First wave peak Sweden
2021,Female,SE,85.136835,85.296798,84.958334,85.634366,-0.159963,-0.503748,0.158366,2021,0.244,SWE,SE,SWE,SWE,iso_week_date,SWE,752,Sweden,Sweden,Schweden,SWE,0,Sweden,n,Europe,A First wave peak,A First wave peak Sweden
2022,Female,SE,85.006451,85.437147,85.048387,85.862949,-0.430696,-0.908515,-0.024736,2022,0.044,SWE,SE,SWE,SWE,iso_week_date,SWE,752,Sweden,Sweden,Schweden,SWE,0,Sweden,n,Europe,A First wave peak,A First wave peak Sweden
2023,Female,SE,85.212219,85.54779,85.115705,86.034336,-0.335571,-0.824264,0.127343,2023,0.108,SWE,SE,SWE,SWE,iso_week_date,SWE,752,Sweden,Sweden,Schweden,SWE,0,Sweden,n,Europe,A First wave peak,A First wave peak Sweden
2024,Female,SE,85.571096,85.676603,85.180896,86.220413,-0.105506,-0.66773,0.410204,2024,0.376,SWE,SE,SWE,SWE,iso_week_date,SWE,752,Sweden,Sweden,Schweden,SWE,0,Sweden,n,Europe,A First wave peak,A First wave peak Sweden
2020-2024,Female,SE,85.096551,85.425606,85.091923,85.781548,-0.329055,-0.687932,0.003503,NA,0.052,SWE,SE,SWE,SWE,iso_week_date,SWE,752,Sweden,Sweden,Schweden,SWE,0,Sweden,n,Europe,A First wave peak,A First wave peak Sweden
2020,Total,SE,82.743351,83.509541,83.331275,83.673564,-0.76619,-0.944695,-0.560008,2020,0,SWE,SE,SWE,SWE,iso_week_date,SWE,752,Sweden,Sweden,Schweden,SWE,0,Sweden,n,Europe,A First wave peak,A First wave peak Sweden
2021,Total,SE,83.346745,83.670267,83.409974,83.920184,-0.323522,-0.570427,-0.084065,2021,0.024,SWE,SE,SWE,SWE,iso_week_date,SWE,752,Sweden,Sweden,Schweden,SWE,0,Sweden,n,Europe,A First wave peak,A First wave peak Sweden
2022,Total,SE,83.3083,83.828574,83.541918,84.112941,-0.520274,-0.803006,-0.226563,2022,0,SWE,SE,SWE,SWE,iso_week_date,SWE,752,Sweden,Sweden,Schweden,SWE,0,Sweden,n,Europe,A First wave peak,A First wave peak Sweden
2023,Total,SE,83.564721,83.97561,83.618289,84.305663,-0.410889,-0.738944,-0.017954,2023,0.036,SWE,SE,SWE,SWE,iso_week_date,SWE,752,Sweden,Sweden,Schweden,SWE,0,Sweden,n,Europe,A First wave peak,A First wave peak Sweden
2024,Total,SE,84.112367,84.12476,83.75749,84.500257,-0.012393,-0.368952,0.380285,2024,0.456,SWE,SE,SWE,SWE,iso_week_date,SWE,752,Sweden,Sweden,Schweden,SWE,0,Sweden,n,Europe,A First wave peak,A First wave peak Sweden
2020-2024,Total,SE,83.412649,83.823832,83.558643,84.085333,-0.411184,-0.683862,-0.145642,NA,0,SWE,SE,SWE,SWE,iso_week_date,SWE,752,Sweden,Sweden,Schweden,SWE,0,Sweden,n,Europe,A First wave peak,A First wave peak Sweden
2020,Male,SI,77.859038,78.895079,78.318656,79.380254,-1.036041,-1.532472,-0.473113,2020,0,SVN,SI,SVN,SVN,iso_week_date,SVN,705,Slovenia,Slovenia,Slowenien,SVN,0,Slovenia,n,Europe,A First wave peak,A First wave peak Slovenia
2021,Male,SI,77.907039,79.204261,78.397223,79.959728,-1.297222,-2.080168,-0.425705,2021,0.008,SVN,SI,SVN,SVN,iso_week_date,SVN,705,Slovenia,Slovenia,Slowenien,SVN,0,Slovenia,n,Europe,A First wave peak,A First wave peak Slovenia
2022,Male,SI,78.869016,79.505802,78.615256,80.543188,-0.636786,-1.691525,0.33304,2022,0.144,SVN,SI,SVN,SVN,iso_week_date,SVN,705,Slovenia,Slovenia,Slowenien,SVN,0,Slovenia,n,Europe,A First wave peak,A First wave peak Slovenia
2023,Male,SI,79.220851,79.755523,78.748414,80.77784,-0.534672,-1.612141,0.4883,2023,0.236,SVN,SI,SVN,SVN,iso_week_date,SVN,705,Slovenia,Slovenia,Slowenien,SVN,0,Slovenia,n,Europe,A First wave peak,A First wave peak Slovenia
2024,Male,SI,79.892992,80.032363,78.939383,81.131686,-0.139372,-1.232036,0.904912,2024,0.448,SVN,SI,SVN,SVN,iso_week_date,SVN,705,Slovenia,Slovenia,Slowenien,SVN,0,Slovenia,n,Europe,A First wave peak,A First wave peak Slovenia
2020-2024,Male,SI,78.728357,79.478122,78.713918,80.267732,-0.749765,-1.518235,0.040642,NA,0.064,SVN,SI,SVN,SVN,iso_week_date,SVN,705,Slovenia,Slovenia,Slowenien,SVN,0,Slovenia,n,Europe,A First wave peak,A First wave peak Slovenia
2020,Female,SI,83.382193,84.706621,84.300574,85.126749,-1.324428,-1.751614,-0.858262,2020,0,SVN,SI,SVN,SVN,iso_week_date,SVN,705,Slovenia,Slovenia,Slowenien,SVN,0,Slovenia,n,Europe,A First wave peak,A First wave peak Slovenia
2021,Female,SI,83.937931,84.910235,84.329727,85.433896,-0.972305,-1.601127,-0.283255,2021,0.008,SVN,SI,SVN,SVN,iso_week_date,SVN,705,Slovenia,Slovenia,Slowenien,SVN,0,Slovenia,n,Europe,A First wave peak,A First wave peak Slovenia
2022,Female,SI,84.204439,85.139139,84.391685,85.847533,-0.9347,-1.632606,-0.187733,2022,0.028,SVN,SI,SVN,SVN,iso_week_date,SVN,705,Slovenia,Slovenia,Slowenien,SVN,0,Slovenia,n,Europe,A First wave peak,A First wave peak Slovenia
2023,Female,SI,85.111663,85.320258,84.452935,86.114201,-0.208595,-1.028845,0.668694,2023,0.34,SVN,SI,SVN,SVN,iso_week_date,SVN,705,Slovenia,Slovenia,Slowenien,SVN,0,Slovenia,n,Europe,A First wave peak,A First wave peak Slovenia
2024,Female,SI,85.255063,85.5199,84.722138,86.439277,-0.264836,-1.156157,0.620163,2024,0.316,SVN,SI,SVN,SVN,iso_week_date,SVN,705,Slovenia,Slovenia,Slowenien,SVN,0,Slovenia,n,Europe,A First wave peak,A First wave peak Slovenia
2020-2024,Female,SI,84.347252,85.117254,84.504741,85.766646,-0.770002,-1.396603,-0.135341,NA,0.02,SVN,SI,SVN,SVN,iso_week_date,SVN,705,Slovenia,Slovenia,Slowenien,SVN,0,Slovenia,n,Europe,A First wave peak,A First wave peak Slovenia
2020,Total,SI,80.604714,81.81924,81.413511,82.183212,-1.214526,-1.588381,-0.828981,2020,0,SVN,SI,SVN,SVN,iso_week_date,SVN,705,Slovenia,Slovenia,Slowenien,SVN,0,Slovenia,n,Europe,A First wave peak,A First wave peak Slovenia
2021,Total,SI,80.887876,82.074837,81.544423,82.585305,-1.18696,-1.753626,-0.679605,2021,0,SVN,SI,SVN,SVN,iso_week_date,SVN,705,Slovenia,Slovenia,Slowenien,SVN,0,Slovenia,n,Europe,A First wave peak,A First wave peak Slovenia
2022,Total,SI,81.527284,82.337035,81.708424,82.951862,-0.80975,-1.433894,-0.14071,2022,0.024,SVN,SI,SVN,SVN,iso_week_date,SVN,705,Slovenia,Slovenia,Slowenien,SVN,0,Slovenia,n,Europe,A First wave peak,A First wave peak Slovenia
2023,Total,SI,82.153963,82.546783,81.782732,83.317488,-0.392821,-1.130367,0.333121,2023,0.184,SVN,SI,SVN,SVN,iso_week_date,SVN,705,Slovenia,Slovenia,Slowenien,SVN,0,Slovenia,n,Europe,A First wave peak,A First wave peak Slovenia
2024,Total,SI,82.585799,82.781578,82.010426,83.580638,-0.195779,-1.089984,0.558995,2024,0.324,SVN,SI,SVN,SVN,iso_week_date,SVN,705,Slovenia,Slovenia,Slowenien,SVN,0,Slovenia,n,Europe,A First wave peak,A First wave peak Slovenia
2020-2024,Total,SI,81.527704,82.311409,81.738006,82.872895,-0.783705,-1.357162,-0.220619,NA,0.008,SVN,SI,SVN,SVN,iso_week_date,SVN,705,Slovenia,Slovenia,Slowenien,SVN,0,Slovenia,n,Europe,A First wave peak,A First wave peak Slovenia
2020,Male,US,74.888481,77.040003,76.842025,77.229283,-2.151523,-2.3399200000000002,-1.949893,2020,0,USA,US,USA,USA,iso_week_date,USA,840,USA,USA,USA,USA,0,USA,n,North America,B Second wave peak,B Second wave peak USA
2021,Male,US,74.225234,77.169876,76.909335,77.421765,-2.944642,-3.193884,-2.680557,2021,0,USA,US,USA,USA,iso_week_date,USA,840,USA,USA,USA,USA,0,USA,n,North America,B Second wave peak,B Second wave peak USA
2022,Male,US,75.462371,77.303838,77.005647,77.601341,-1.841467,-2.137244,-1.544575,2022,0,USA,US,USA,USA,iso_week_date,USA,840,USA,USA,USA,USA,0,USA,n,North America,B Second wave peak,B Second wave peak USA
2023,Male,US,76.531914,77.425404,77.10556,77.78353,-0.89349,-1.245967,-0.579524,2023,0,USA,US,USA,USA,iso_week_date,USA,840,USA,USA,USA,USA,0,USA,n,North America,B Second wave peak,B Second wave peak USA
2024,Male,US,77.342682,77.541871,77.137311,77.950282,-0.199188,-0.605243,0.20538,2024,0.208,USA,US,USA,USA,iso_week_date,USA,840,USA,USA,USA,USA,0,USA,n,North America,B Second wave peak,B Second wave peak USA
2020-2024,Male,US,75.668172,77.299448,77.060681,77.57675,-1.631276,-1.910202,-1.388316,NA,0,USA,US,USA,USA,iso_week_date,USA,840,USA,USA,USA,USA,0,USA,n,North America,B Second wave peak,B Second wave peak USA
2020,Female,US,80.440688,81.646727,81.430291,81.844169,-1.206039,-1.409759,-0.991067,2020,0,USA,US,USA,USA,iso_week_date,USA,840,USA,USA,USA,USA,0,USA,n,North America,B Second wave peak,B Second wave peak USA
2021,Female,US,80.011179,81.737772,81.445086,81.998871,-1.726593,-1.999075,-1.435728,2021,0,USA,US,USA,USA,iso_week_date,USA,840,USA,USA,USA,USA,0,USA,n,North America,B Second wave peak,B Second wave peak USA
2022,Female,US,80.87038,81.821047,81.493868,82.15789,-0.950667,-1.293579,-0.612316,2022,0,USA,US,USA,USA,iso_week_date,USA,840,USA,USA,USA,USA,0,USA,n,North America,B Second wave peak,B Second wave peak USA
2023,Female,US,81.795332,81.914915,81.532699,82.291772,-0.119583,-0.505892,0.267669,2023,0.308,USA,US,USA,USA,iso_week_date,USA,840,USA,USA,USA,USA,0,USA,n,North America,B Second wave peak,B Second wave peak USA
2024,Female,US,82.255351,82.014901,81.572728,82.435098,0.24045,-0.178677,0.685246,2024,1,USA,US,USA,USA,iso_week_date,USA,840,USA,USA,USA,USA,0,USA,n,North America,B Second wave peak,B Second wave peak USA
2020-2024,Female,US,81.063421,81.829063,81.516599,82.119323,-0.765642,-1.05472,-0.453863,NA,0,USA,US,USA,USA,iso_week_date,USA,840,USA,USA,USA,USA,0,USA,n,North America,B Second wave peak,B Second wave peak USA
2020,Total,US,77.621004,79.339743,79.199631,79.474015,-1.718738,-1.855329,-1.565895,2020,0,USA,US,USA,USA,iso_week_date,USA,840,USA,USA,USA,USA,0,USA,n,North America,B Second wave peak,B Second wave peak USA
2021,Total,US,77.05974,79.447132,79.274888,79.645791,-2.387392,-2.587523,-2.21641,2021,0,USA,US,USA,USA,iso_week_date,USA,840,USA,USA,USA,USA,0,USA,n,North America,B Second wave peak,B Second wave peak USA
2022,Total,US,78.131832,79.556665,79.337291,79.78016,-1.424833,-1.654154,-1.206523,2022,0,USA,US,USA,USA,iso_week_date,USA,840,USA,USA,USA,USA,0,USA,n,North America,B Second wave peak,B Second wave peak USA
2023,Total,US,79.142312,79.663691,79.432089,79.956794,-0.521379,-0.81637,-0.291896,2023,0,USA,US,USA,USA,iso_week_date,USA,840,USA,USA,USA,USA,0,USA,n,North America,B Second wave peak,B Second wave peak USA
2024,Total,US,79.791005,79.770724,79.467126,80.118,0.020282,-0.324269,0.322804,2024,1,USA,US,USA,USA,iso_week_date,USA,840,USA,USA,USA,USA,0,USA,n,North America,B Second wave peak,B Second wave peak USA
2020-2024,Total,US,78.333095,79.558428,79.385758,79.767409,-1.225334,-1.43612,-1.051116,NA,0,USA,US,USA,USA,iso_week_date,USA,840,USA,USA,USA,USA,0,USA,n,North America,B Second wave peak,B Second wave peak USA
