region_iso,sex,year,e0_actual,e0_expected_lc,e0_expected_e0rw,e0_expected_nmxrw
AT,Male,2000,75.104007,NA,NA,NA
AT,Male,2001,75.600017,NA,NA,NA
AT,Male,2002,75.762398,NA,NA,NA
AT,Male,2003,75.916615,NA,NA,NA
AT,Male,2004,76.374574,NA,NA,NA
AT,Male,2005,76.61975,NA,NA,NA
AT,Male,2006,77.073135,NA,NA,NA
AT,Male,2007,77.286142,NA,NA,NA
AT,Male,2008,77.58532,NA,NA,NA
AT,Male,2009,77.399998,NA,NA,NA
AT,Male,2010,77.646591,NA,NA,NA
AT,Male,2011,78.069338,NA,NA,NA
AT,Male,2012,78.263695,NA,NA,NA
AT,Male,2013,78.453405,NA,NA,NA
AT,Male,2014,78.917166,NA,NA,NA
AT,Male,2015,78.652162,NA,NA,NA
AT,Male,2016,79.147362,NA,NA,NA
AT,Male,2017,79.282094,NA,NA,NA
AT,Male,2018,79.300557,NA,NA,NA
AT,Male,2019,79.572248,NA,NA,NA
AT,Male,2020,78.947229,79.760606,79.807419,79.784842
AT,Male,2021,78.805773,79.928455,80.042589,79.996257
AT,Male,2022,79.064609,80.131905,80.27776,80.205652
AT,Male,2023,79.45141,80.318307,80.512931,80.413046
AT,Male,2024,79.88533,80.511009,80.748101,80.618457
AT,Female,2000,81.112091,NA,NA,NA
AT,Female,2001,81.588303,NA,NA,NA
AT,Female,2002,81.675795,NA,NA,NA
AT,Female,2003,81.555469,NA,NA,NA
AT,Female,2004,82.121039,NA,NA,NA
AT,Female,2005,82.224465,NA,NA,NA
AT,Female,2006,82.653865,NA,NA,NA
AT,Female,2007,82.81919,NA,NA,NA
AT,Female,2008,82.947933,NA,NA,NA
AT,Female,2009,82.847577,NA,NA,NA
AT,Female,2010,83.11839,NA,NA,NA
AT,Female,2011,83.438642,NA,NA,NA
AT,Female,2012,83.309496,NA,NA,NA
AT,Female,2013,83.595817,NA,NA,NA
AT,Female,2014,83.770897,NA,NA,NA
AT,Female,2015,83.628399,NA,NA,NA
AT,Female,2016,83.933452,NA,NA,NA
AT,Female,2017,83.909157,NA,NA,NA
AT,Female,2018,84.017621,NA,NA,NA
AT,Female,2019,84.243928,NA,NA,NA
AT,Female,2020,83.764997,84.283841,84.408762,84.39571
AT,Female,2021,83.76798,84.389124,84.573595,84.546711
AT,Female,2022,83.804648,84.48535,84.738429,84.696505
AT,Female,2023,84.257725,84.555662,84.903262,84.845099
AT,Female,2024,84.301969,84.654161,85.068096,84.992499
AT,Total,2000,78.251884,NA,NA,NA
AT,Total,2001,78.739008,NA,NA,NA
AT,Total,2002,78.853595,NA,NA,NA
AT,Total,2003,78.857686,NA,NA,NA
AT,Total,2004,79.370762,NA,NA,NA
AT,Total,2005,79.536074,NA,NA,NA
AT,Total,2006,79.977326,NA,NA,NA
AT,Total,2007,80.152216,NA,NA,NA
AT,Total,2008,80.369568,NA,NA,NA
AT,Total,2009,80.207842,NA,NA,NA
AT,Total,2010,80.461777,NA,NA,NA
AT,Total,2011,80.834137,NA,NA,NA
AT,Total,2012,80.857654,NA,NA,NA
AT,Total,2013,81.090183,NA,NA,NA
AT,Total,2014,81.414997,NA,NA,NA
AT,Total,2015,81.188113,NA,NA,NA
AT,Total,2016,81.598901,NA,NA,NA
AT,Total,2017,81.641975,NA,NA,NA
AT,Total,2018,81.70107,NA,NA,NA
AT,Total,2019,81.950755,NA,NA,NA
AT,Total,2020,81.377077,82.064847,82.145433,82.127817
AT,Total,2021,81.296849,82.199613,82.34011,82.303555
AT,Total,2022,81.449812,82.350072,82.534788,82.47771
AT,Total,2023,81.874584,82.479308,82.729465,82.650299
AT,Total,2024,82.120401,82.624287,82.924143,82.821338
BE,Male,2000,74.56405,NA,NA,NA
BE,Male,2001,74.916886,NA,NA,NA
BE,Male,2002,75.08903,NA,NA,NA
BE,Male,2003,75.361576,NA,NA,NA
BE,Male,2004,75.961924,NA,NA,NA
BE,Male,2005,76.142131,NA,NA,NA
BE,Male,2006,76.519736,NA,NA,NA
BE,Male,2007,76.739695,NA,NA,NA
BE,Male,2008,76.769109,NA,NA,NA
BE,Male,2009,77.151276,NA,NA,NA
BE,Male,2010,77.356757,NA,NA,NA
BE,Male,2011,77.751637,NA,NA,NA
BE,Male,2012,77.608883,NA,NA,NA
BE,Male,2013,77.917838,NA,NA,NA
BE,Male,2014,78.542892,NA,NA,NA
BE,Male,2015,78.531336,NA,NA,NA
BE,Male,2016,78.750149,NA,NA,NA
BE,Male,2017,78.954768,NA,NA,NA
BE,Male,2018,79.164353,NA,NA,NA
BE,Male,2019,79.555875,NA,NA,NA
BE,Male,2020,78.494707,79.81253,79.818603,79.795473
BE,Male,2021,79.208984,80.029151,80.081331,80.033459
BE,Male,2022,79.528302,80.256539,80.344058,80.269285
BE,Male,2023,79.986802,80.472441,80.606786,80.502959
BE,Male,2024,80.160206,80.715806,80.869513,80.734486
BE,Female,2000,80.910427,NA,NA,NA
BE,Female,2001,81.174899,NA,NA,NA
BE,Female,2002,81.198653,NA,NA,NA
BE,Female,2003,81.206984,NA,NA,NA
BE,Female,2004,81.86353,NA,NA,NA
BE,Female,2005,81.861868,NA,NA,NA
BE,Female,2006,82.148338,NA,NA,NA
BE,Female,2007,82.21295,NA,NA,NA
BE,Female,2008,82.316903,NA,NA,NA
BE,Female,2009,82.431925,NA,NA,NA
BE,Female,2010,82.635032,NA,NA,NA
BE,Female,2011,82.854773,NA,NA,NA
BE,Female,2012,82.816478,NA,NA,NA
BE,Female,2013,82.915404,NA,NA,NA
BE,Female,2014,83.500236,NA,NA,NA
BE,Female,2015,83.138381999999993,NA,NA,NA
BE,Female,2016,83.668723,NA,NA,NA
BE,Female,2017,83.642943,NA,NA,NA
BE,Female,2018,83.678947,NA,NA,NA
BE,Female,2019,83.990025,NA,NA,NA
BE,Female,2020,83.043047,84.136494,84.152109,84.140018
BE,Female,2021,84.011086,84.257818,84.314193,84.289163
BE,Female,2022,83.773991,84.39365,84.476277,84.437158
BE,Female,2023,84.103797,84.569862,84.638361,84.584005
BE,Female,2024,84.354208,84.684297,84.800445,84.729708
BE,Total,2000,77.77535,NA,NA,NA
BE,Total,2001,78.090837,NA,NA,NA
BE,Total,2002,78.183455,NA,NA,NA
BE,Total,2003,78.327386,NA,NA,NA
BE,Total,2004,78.964406,NA,NA,NA
BE,Total,2005,79.052789,NA,NA,NA
BE,Total,2006,79.388037,NA,NA,NA
BE,Total,2007,79.534425,NA,NA,NA
BE,Total,2008,79.587109,NA,NA,NA
BE,Total,2009,79.844275,NA,NA,NA
BE,Total,2010,80.044032,NA,NA,NA
BE,Total,2011,80.354786,NA,NA,NA
BE,Total,2012,80.247365,NA,NA,NA
BE,Total,2013,80.456527,NA,NA,NA
BE,Total,2014,81.06574,NA,NA,NA
BE,Total,2015,80.874752,NA,NA,NA
BE,Total,2016,81.241042,NA,NA,NA
BE,Total,2017,81.33658,NA,NA,NA
BE,Total,2018,81.459001,NA,NA,NA
BE,Total,2019,81.81215,NA,NA,NA
BE,Total,2020,80.772108,82.013079,82.024613,82.005435
BE,Total,2021,81.626694,82.182684,82.237077,82.197115
BE,Total,2022,81.678527,82.364049,82.44954,82.387017
BE,Total,2023,82.081437,82.558353,82.662003,82.575153
BE,Total,2024,82.286528,82.738216,82.874466,82.761535
BG,Male,2000,68.289618,NA,NA,NA
BG,Male,2001,68.507484,NA,NA,NA
BG,Male,2002,68.828066,NA,NA,NA
BG,Male,2003,68.924844,NA,NA,NA
BG,Male,2004,69.058882,NA,NA,NA
BG,Male,2005,69.049129,NA,NA,NA
BG,Male,2006,69.250377,NA,NA,NA
BG,Male,2007,69.532192,NA,NA,NA
BG,Male,2008,69.8213,NA,NA,NA
BG,Male,2009,70.17583,NA,NA,NA
BG,Male,2010,70.376481,NA,NA,NA
BG,Male,2011,70.724395,NA,NA,NA
BG,Male,2012,70.916857,NA,NA,NA
BG,Male,2013,71.291859,NA,NA,NA
BG,Male,2014,71.069504,NA,NA,NA
BG,Male,2015,71.234925,NA,NA,NA
BG,Male,2016,71.309326,NA,NA,NA
BG,Male,2017,71.374165,NA,NA,NA
BG,Male,2018,71.487951,NA,NA,NA
BG,Male,2019,71.578663,NA,NA,NA
BG,Male,2020,69.983522,71.690648,71.75177,71.731538
BG,Male,2021,68.038559,71.81503,71.924878,71.883417
BG,Male,2022,70.785889,71.905108,72.097986,72.033902
BG,Male,2023,72.4046,72.040594,72.271093,72.183048
BG,Male,2024,72.665323,72.166131,72.444201,72.330905
BG,Female,2000,74.994475,NA,NA,NA
BG,Female,2001,75.39886,NA,NA,NA
BG,Female,2002,75.575259,NA,NA,NA
BG,Female,2003,75.96073,NA,NA,NA
BG,Female,2004,76.244539,NA,NA,NA
BG,Female,2005,76.240779,NA,NA,NA
BG,Female,2006,76.298714,NA,NA,NA
BG,Female,2007,76.607177,NA,NA,NA
BG,Female,2008,76.97562,NA,NA,NA
BG,Female,2009,77.334972,NA,NA,NA
BG,Female,2010,77.337075,NA,NA,NA
BG,Female,2011,77.713728,NA,NA,NA
BG,Female,2012,77.861078,NA,NA,NA
BG,Female,2013,78.48396,NA,NA,NA
BG,Female,2014,77.97029,NA,NA,NA
BG,Female,2015,78.13031,NA,NA,NA
BG,Female,2016,78.470322,NA,NA,NA
BG,Female,2017,78.341703,NA,NA,NA
BG,Female,2018,78.486275,NA,NA,NA
BG,Female,2019,78.7238,NA,NA,NA
BG,Female,2020,77.480941,78.78016,78.92008,78.903481
BG,Female,2021,75.095233,78.926769,79.11636,79.082301
BG,Female,2022,78.008547,79.060962,79.312641,79.259754
BG,Female,2023,79.526999,79.203066,79.508921,79.435861
BG,Female,2024,79.552592,79.326419,79.705201,79.610641
BG,Total,2000,71.558281,NA,NA,NA
BG,Total,2001,71.866294,NA,NA,NA
BG,Total,2002,72.126259,NA,NA,NA
BG,Total,2003,72.356733,NA,NA,NA
BG,Total,2004,72.563798,NA,NA,NA
BG,Total,2005,72.553765,NA,NA,NA
BG,Total,2006,72.692534,NA,NA,NA
BG,Total,2007,72.992467,NA,NA,NA
BG,Total,2008,73.323338,NA,NA,NA
BG,Total,2009,73.686553,NA,NA,NA
BG,Total,2010,73.797923,NA,NA,NA
BG,Total,2011,74.160918,NA,NA,NA
BG,Total,2012,74.332776,NA,NA,NA
BG,Total,2013,74.828035,NA,NA,NA
BG,Total,2014,74.46528,NA,NA,NA
BG,Total,2015,74.628864,NA,NA,NA
BG,Total,2016,74.8265,NA,NA,NA
BG,Total,2017,74.80193,NA,NA,NA
BG,Total,2018,74.930595,NA,NA,NA
BG,Total,2019,75.084742,NA,NA,NA
BG,Total,2020,73.598922,75.175179,75.270345,75.254645
BG,Total,2021,71.40488,75.314973,75.455948,75.423599
BG,Total,2022,74.306815,75.428228,75.641551,75.591391
BG,Total,2023,75.922121,75.565506,75.827154,75.758055
BG,Total,2024,76.078399,75.686148,76.012758,75.923623
CH,Male,2000,76.918817,NA,NA,NA
CH,Male,2001,77.359403,NA,NA,NA
CH,Male,2002,77.732361,NA,NA,NA
CH,Male,2003,77.882692,NA,NA,NA
CH,Male,2004,78.437019,NA,NA,NA
CH,Male,2005,78.583777,NA,NA,NA
CH,Male,2006,79.04453,NA,NA,NA
CH,Male,2007,79.247749,NA,NA,NA
CH,Male,2008,79.57561,NA,NA,NA
CH,Male,2009,79.630854,NA,NA,NA
CH,Male,2010,80.029975,NA,NA,NA
CH,Male,2011,80.301692,NA,NA,NA
CH,Male,2012,80.456986,NA,NA,NA
CH,Male,2013,80.51678,NA,NA,NA
CH,Male,2014,80.928699,NA,NA,NA
CH,Male,2015,80.697194,NA,NA,NA
CH,Male,2016,81.539132,NA,NA,NA
CH,Male,2017,81.363157,NA,NA,NA
CH,Male,2018,81.652806,NA,NA,NA
CH,Male,2019,81.888292,NA,NA,NA
CH,Male,2020,81.000055,82.099183,82.149843,82.118722
CH,Male,2021,81.617703,82.307915,82.411394,82.347021
CH,Male,2022,81.62186,82.4925,82.672946,82.572516
CH,Male,2023,82.228751,82.701721,82.934497,82.795237
CH,Male,2024,82.443765,82.89229,83.196048,83.015212
CH,Female,2000,82.57043,NA,NA,NA
CH,Female,2001,82.978696,NA,NA,NA
CH,Female,2002,82.954399,NA,NA,NA
CH,Female,2003,82.992147,NA,NA,NA
CH,Female,2004,83.495304,NA,NA,NA
CH,Female,2005,83.701861,NA,NA,NA
CH,Female,2006,83.872677,NA,NA,NA
CH,Female,2007,83.973472,NA,NA,NA
CH,Female,2008,84.20445,NA,NA,NA
CH,Female,2009,84.21019,NA,NA,NA
CH,Female,2010,84.380645,NA,NA,NA
CH,Female,2011,84.711877,NA,NA,NA
CH,Female,2012,84.625668,NA,NA,NA
CH,Female,2013,84.75729,NA,NA,NA
CH,Female,2014,85.122351,NA,NA,NA
CH,Female,2015,84.897012,NA,NA,NA
CH,Female,2016,85.245734,NA,NA,NA
CH,Female,2017,85.378765,NA,NA,NA
CH,Female,2018,85.409023,NA,NA,NA
CH,Female,2019,85.605753000000007,NA,NA,NA
CH,Female,2020,85.105202,85.71937,85.765507,85.750615
CH,Female,2021,85.640807,85.830765,85.925261,85.894574
CH,Female,2022,85.398279,85.958229,86.085014,86.037213
CH,Female,2023,85.858028,86.108158,86.244768,86.178548
CH,Female,2024,85.946069,86.208671,86.404522,86.31859
CH,Total,2000,79.841795,NA,NA,NA
CH,Total,2001,80.269444,NA,NA,NA
CH,Total,2002,80.448406,NA,NA,NA
CH,Total,2003,80.536986,NA,NA,NA
CH,Total,2004,81.069774,NA,NA,NA
CH,Total,2005,81.241936,NA,NA,NA
CH,Total,2006,81.568955,NA,NA,NA
CH,Total,2007,81.71094,NA,NA,NA
CH,Total,2008,81.98804,NA,NA,NA
CH,Total,2009,82.007385,NA,NA,NA
CH,Total,2010,82.298436,NA,NA,NA
CH,Total,2011,82.598296,NA,NA,NA
CH,Total,2012,82.62386,NA,NA,NA
CH,Total,2013,82.711342,NA,NA,NA
CH,Total,2014,83.099861,NA,NA,NA
CH,Total,2015,82.856491,NA,NA,NA
CH,Total,2016,83.469948,NA,NA,NA
CH,Total,2017,83.428042,NA,NA,NA
CH,Total,2018,83.592224,NA,NA,NA
CH,Total,2019,83.802533,NA,NA,NA
CH,Total,2020,83.082462,83.964277,84.010993,83.987255
CH,Total,2021,83.666577,84.122526,84.219453,84.170115
CH,Total,2022,83.546425,84.274429,84.427913,84.35087
CH,Total,2023,84.084352,84.451675,84.636373,84.529546
CH,Total,2024,84.238367,84.594584,84.844833,84.706169
CL,Male,2000,73.63906,NA,NA,NA
CL,Male,2001,73.468876,NA,NA,NA
CL,Male,2002,73.960839000000007,NA,NA,NA
CL,Male,2003,74.091674,NA,NA,NA
CL,Male,2004,74.188381,NA,NA,NA
CL,Male,2005,74.620041,NA,NA,NA
CL,Male,2006,75.055403,NA,NA,NA
CL,Male,2007,74.533269,NA,NA,NA
CL,Male,2008,75.076404,NA,NA,NA
CL,Male,2009,75.220712,NA,NA,NA
CL,Male,2010,75.119167,NA,NA,NA
CL,Male,2011,75.832746,NA,NA,NA
CL,Male,2012,75.988285,NA,NA,NA
CL,Male,2013,76.081358,NA,NA,NA
CL,Male,2014,76.254094,NA,NA,NA
CL,Male,2015,76.491524,NA,NA,NA
CL,Male,2016,76.865018,NA,NA,NA
CL,Male,2017,77.086918,NA,NA,NA
CL,Male,2018,77.330118,NA,NA,NA
CL,Male,2019,77.349723,NA,NA,NA
CL,Male,2020,76.038349,77.571128,77.545021,77.532293
CL,Male,2021,75.406163,77.78151,77.74032,77.714819
CL,Male,2022,75.962558,77.980952,77.935618,77.89718
CL,Male,2023,77.617974,78.179182,78.130916,78.079615
CL,Male,2024,77.849496,78.367311,78.326214,78.262389
CL,Female,2000,79.894269,NA,NA,NA
CL,Female,2001,79.798747,NA,NA,NA
CL,Female,2002,80.317918,NA,NA,NA
CL,Female,2003,80.328471,NA,NA,NA
CL,Female,2004,80.339614,NA,NA,NA
CL,Female,2005,80.670615,NA,NA,NA
CL,Female,2006,80.987456,NA,NA,NA
CL,Female,2007,80.494637,NA,NA,NA
CL,Female,2008,81.093286,NA,NA,NA
CL,Female,2009,81.274872,NA,NA,NA
CL,Female,2010,80.896493,NA,NA,NA
CL,Female,2011,81.413046,NA,NA,NA
CL,Female,2012,81.288644,NA,NA,NA
CL,Female,2013,81.636003,NA,NA,NA
CL,Female,2014,81.716564,NA,NA,NA
CL,Female,2015,81.92309,NA,NA,NA
CL,Female,2016,82.11085,NA,NA,NA
CL,Female,2017,82.232208,NA,NA,NA
CL,Female,2018,82.50377,NA,NA,NA
CL,Female,2019,82.552161,NA,NA,NA
CL,Female,2020,81.777001,82.709985,82.69205,82.675683
CL,Female,2021,81.076836,82.841354,82.831939,82.798085
CL,Female,2022,81.415621,82.971368,82.971828,82.919154
CL,Female,2023,82.685205,83.098699,83.111717,83.038932
CL,Female,2024,82.412498,83.219398,83.251606,83.157459
CL,Total,2000,76.795659,NA,NA,NA
CL,Total,2001,76.647221,NA,NA,NA
CL,Total,2002,77.159173,NA,NA,NA
CL,Total,2003,77.218066,NA,NA,NA
CL,Total,2004,77.259905,NA,NA,NA
CL,Total,2005,77.642517,NA,NA,NA
CL,Total,2006,78.025745,NA,NA,NA
CL,Total,2007,77.490859,NA,NA,NA
CL,Total,2008,78.066988,NA,NA,NA
CL,Total,2009,78.220184,NA,NA,NA
CL,Total,2010,77.973987,NA,NA,NA
CL,Total,2011,78.603451,NA,NA,NA
CL,Total,2012,78.622092,NA,NA,NA
CL,Total,2013,78.829173,NA,NA,NA
CL,Total,2014,78.954838,NA,NA,NA
CL,Total,2015,79.175823,NA,NA,NA
CL,Total,2016,79.462636,NA,NA,NA
CL,Total,2017,79.63208,NA,NA,NA
CL,Total,2018,79.887019,NA,NA,NA
CL,Total,2019,79.916724,NA,NA,NA
CL,Total,2020,78.829051,80.107478,80.080991,80.062698
CL,Total,2021,78.160238,80.282097,80.245257,80.207257
CL,Total,2022,78.623562,80.447219,80.409524,80.350315
CL,Total,2023,80.118792,80.607059,80.573791,80.49192
CL,Total,2024,80.107142,80.756994,80.738057,80.632121
CZ,Male,2000,NA,NA,NA,NA
CZ,Male,2001,NA,NA,NA,NA
CZ,Male,2002,NA,NA,NA,NA
CZ,Male,2003,NA,NA,NA,NA
CZ,Male,2004,NA,NA,NA,NA
CZ,Male,2005,72.949144,NA,NA,NA
CZ,Male,2006,73.469383,NA,NA,NA
CZ,Male,2007,73.692679,NA,NA,NA
CZ,Male,2008,73.957751,NA,NA,NA
CZ,Male,2009,74.163291,NA,NA,NA
CZ,Male,2010,74.410303,NA,NA,NA
CZ,Male,2011,74.70902,NA,NA,NA
CZ,Male,2012,74.957863,NA,NA,NA
CZ,Male,2013,75.137524,NA,NA,NA
CZ,Male,2014,75.698513,NA,NA,NA
CZ,Male,2015,75.610966,NA,NA,NA
CZ,Male,2016,76.015694,NA,NA,NA
CZ,Male,2017,75.95669,NA,NA,NA
CZ,Male,2018,76.021825,NA,NA,NA
CZ,Male,2019,76.266959,NA,NA,NA
CZ,Male,2020,75.223469,76.461743,76.503946,76.491893
CZ,Male,2021,74.102124,76.665685,76.740933,76.715969
CZ,Male,2022,76.131293,76.847186,76.977919,76.938547
CZ,Male,2023,76.964104,77.017241,77.214906,77.159629
CZ,Male,2024,77.178881,77.197829,77.451893,77.379223
CZ,Female,2000,NA,NA,NA,NA
CZ,Female,2001,NA,NA,NA,NA
CZ,Female,2002,NA,NA,NA,NA
CZ,Female,2003,NA,NA,NA,NA
CZ,Female,2004,NA,NA,NA,NA
CZ,Female,2005,79.296968,NA,NA,NA
CZ,Female,2006,79.870945,NA,NA,NA
CZ,Female,2007,80.078991,NA,NA,NA
CZ,Female,2008,80.296809,NA,NA,NA
CZ,Female,2009,80.306322,NA,NA,NA
CZ,Female,2010,80.643694,NA,NA,NA
CZ,Female,2011,80.88004,NA,NA,NA
CZ,Female,2012,80.986202,NA,NA,NA
CZ,Female,2013,81.169346,NA,NA,NA
CZ,Female,2014,81.742194,NA,NA,NA
CZ,Female,2015,81.473355,NA,NA,NA
CZ,Female,2016,81.884424,NA,NA,NA
CZ,Female,2017,81.860729,NA,NA,NA
CZ,Female,2018,81.880707,NA,NA,NA
CZ,Female,2019,82.076215,NA,NA,NA
CZ,Female,2020,81.306657,82.324832,82.274733,82.267727
CZ,Female,2021,80.515754,82.509994,82.47325,82.458795
CZ,Female,2022,81.936924,82.640172,82.671768,82.648899
CZ,Female,2023,82.769624,82.781529,82.870286,82.83803
CZ,Female,2024,83.01928,82.907574,83.068803,83.026175
CZ,Total,2000,NA,NA,NA,NA
CZ,Total,2001,NA,NA,NA,NA
CZ,Total,2002,NA,NA,NA,NA
CZ,Total,2003,NA,NA,NA,NA
CZ,Total,2004,NA,NA,NA,NA
CZ,Total,2005,76.161043,NA,NA,NA
CZ,Total,2006,76.714205,NA,NA,NA
CZ,Total,2007,76.921313,NA,NA,NA
CZ,Total,2008,77.162046,NA,NA,NA
CZ,Total,2009,77.268489,NA,NA,NA
CZ,Total,2010,77.555714,NA,NA,NA
CZ,Total,2011,77.824258,NA,NA,NA
CZ,Total,2012,78.001846,NA,NA,NA
CZ,Total,2013,78.181819,NA,NA,NA
CZ,Total,2014,78.755104,NA,NA,NA
CZ,Total,2015,78.567417,NA,NA,NA
CZ,Total,2016,78.983645,NA,NA,NA
CZ,Total,2017,78.928381,NA,NA,NA
CZ,Total,2018,78.963437,NA,NA,NA
CZ,Total,2019,79.188004,NA,NA,NA
CZ,Total,2020,78.235856,79.406411,79.404216,79.395666
CZ,Total,2021,77.234356,79.604385,79.620428,79.602484
CZ,Total,2022,79.032643,79.761049,79.836639,79.80818
CZ,Total,2023,79.878033,79.912735,80.052851,80.012751
CZ,Total,2024,80.103923,80.062732,80.269062,80.216196
DE,Male,2000,74.864506,NA,NA,NA
DE,Male,2001,75.2752,NA,NA,NA
DE,Male,2002,75.432074,NA,NA,NA
DE,Male,2003,75.495755,NA,NA,NA
DE,Male,2004,76.141585,NA,NA,NA
DE,Male,2005,76.350923,NA,NA,NA
DE,Male,2006,76.7466,NA,NA,NA
DE,Male,2007,76.898769,NA,NA,NA
DE,Male,2008,77.093861,NA,NA,NA
DE,Male,2009,77.226511,NA,NA,NA
DE,Male,2010,77.425918,NA,NA,NA
DE,Male,2011,77.760289,NA,NA,NA
DE,Male,2012,77.957114,NA,NA,NA
DE,Male,2013,77.977175,NA,NA,NA
DE,Male,2014,78.440574,NA,NA,NA
DE,Male,2015,78.135597,NA,NA,NA
DE,Male,2016,78.38007,NA,NA,NA
DE,Male,2017,78.563437,NA,NA,NA
DE,Male,2018,78.514211,NA,NA,NA
DE,Male,2019,78.83735,NA,NA,NA
DE,Male,2020,78.606149,78.98815,79.046447,79.031896
DE,Male,2021,78.305044,79.142749,79.255544,79.225107
DE,Male,2022,78.328876,79.264443,79.464641,79.416933
DE,Male,2023,78.998172,79.4298,79.673738,79.607379
DE,Male,2024,79.40176,79.586828,79.882835,79.79645
DE,Female,2000,81.005885,NA,NA,NA
DE,Female,2001,81.282852,NA,NA,NA
DE,Female,2002,81.264965,NA,NA,NA
DE,Female,2003,81.343519,NA,NA,NA
DE,Female,2004,81.894007,NA,NA,NA
DE,Female,2005,81.981174,NA,NA,NA
DE,Female,2006,82.253405,NA,NA,NA
DE,Female,2007,82.405853,NA,NA,NA
DE,Female,2008,82.388385,NA,NA,NA
DE,Female,2009,82.494049,NA,NA,NA
DE,Female,2010,82.623472,NA,NA,NA
DE,Female,2011,82.829696,NA,NA,NA
DE,Female,2012,82.933302,NA,NA,NA
DE,Female,2013,82.853343,NA,NA,NA
DE,Female,2014,83.359202,NA,NA,NA
DE,Female,2015,82.982555,NA,NA,NA
DE,Female,2016,83.27765,NA,NA,NA
DE,Female,2017,83.297268,NA,NA,NA
DE,Female,2018,83.240351,NA,NA,NA
DE,Female,2019,83.563081,NA,NA,NA
DE,Female,2020,83.441426,83.61352,83.697671,83.688231
DE,Female,2021,83.347435,83.728855,83.83226,83.812499
DE,Female,2022,83.155221,83.833669,83.966849,83.935854
DE,Female,2023,83.610176,83.946392,84.101438,84.0583
DE,Female,2024,83.83344,84.042663,84.236028,84.179839
DE,Total,2000,78.066947,NA,NA,NA
DE,Total,2001,78.407592,NA,NA,NA
DE,Total,2002,78.463369,NA,NA,NA
DE,Total,2003,78.518251,NA,NA,NA
DE,Total,2004,79.12471,NA,NA,NA
DE,Total,2005,79.264748,NA,NA,NA
DE,Total,2006,79.591963,NA,NA,NA
DE,Total,2007,79.731218,NA,NA,NA
DE,Total,2008,79.810749,NA,NA,NA
DE,Total,2009,79.92357,NA,NA,NA
DE,Total,2010,80.082728,NA,NA,NA
DE,Total,2011,80.352946,NA,NA,NA
DE,Total,2012,80.490929,NA,NA,NA
DE,Total,2013,80.450055,NA,NA,NA
DE,Total,2014,80.936289,NA,NA,NA
DE,Total,2015,80.576666,NA,NA,NA
DE,Total,2016,80.846245,NA,NA,NA
DE,Total,2017,80.945309,NA,NA,NA
DE,Total,2018,80.884164,NA,NA,NA
DE,Total,2019,81.208137,NA,NA,NA
DE,Total,2020,81.018687,81.308787,81.373463,81.360057
DE,Total,2021,80.807689,81.442345,81.538788,81.510745
DE,Total,2022,80.725015,81.553687,81.704114,81.660192
DE,Total,2023,81.301285,81.692562,81.86944,81.808409
DE,Total,2024,81.622482,81.818452,82.034766,81.955405
DK,Male,2000,74.449206,NA,NA,NA
DK,Male,2001,74.677597,NA,NA,NA
DK,Male,2002,74.803508,NA,NA,NA
DK,Male,2003,75.0273,NA,NA,NA
DK,Male,2004,75.40581,NA,NA,NA
DK,Male,2005,75.929143,NA,NA,NA
DK,Male,2006,75.904833,NA,NA,NA
DK,Male,2007,76.1249,NA,NA,NA
DK,Male,2008,76.493436,NA,NA,NA
DK,Male,2009,76.84857,NA,NA,NA
DK,Male,2010,77.124855,NA,NA,NA
DK,Male,2011,77.719854,NA,NA,NA
DK,Male,2012,78.060507,NA,NA,NA
DK,Male,2013,78.270685,NA,NA,NA
DK,Male,2014,78.5665,NA,NA,NA
DK,Male,2015,78.77258,NA,NA,NA
DK,Male,2016,78.952742,NA,NA,NA
DK,Male,2017,79.096765,NA,NA,NA
DK,Male,2018,79.030115,NA,NA,NA
DK,Male,2019,79.455048,NA,NA,NA
DK,Male,2020,79.58124,79.638421,79.718514,79.689448
DK,Male,2021,79.570596,79.876337,79.981979,79.921827
DK,Male,2022,79.437249,80.09842,80.245444,80.15146
DK,Male,2023,79.729346,80.31922,80.50891,80.378359
DK,Male,2024,80.173837,80.524814,80.772375,80.602537
DK,Female,2000,79.128665,NA,NA,NA
DK,Female,2001,79.22398,NA,NA,NA
DK,Female,2002,79.356412,NA,NA,NA
DK,Female,2003,79.745611,NA,NA,NA
DK,Female,2004,80.116117,NA,NA,NA
DK,Female,2005,80.451622,NA,NA,NA
DK,Female,2006,80.520956,NA,NA,NA
DK,Female,2007,80.539809,NA,NA,NA
DK,Female,2008,80.930747,NA,NA,NA
DK,Female,2009,81.042693,NA,NA,NA
DK,Female,2010,81.34947,NA,NA,NA
DK,Female,2011,81.832849,NA,NA,NA
DK,Female,2012,82.055609,NA,NA,NA
DK,Female,2013,82.322791,NA,NA,NA
DK,Female,2014,82.697194,NA,NA,NA
DK,Female,2015,82.697586,NA,NA,NA
DK,Female,2016,82.790057,NA,NA,NA
DK,Female,2017,83.126114,NA,NA,NA
DK,Female,2018,82.962537,NA,NA,NA
DK,Female,2019,83.426635,NA,NA,NA
DK,Female,2020,83.531995,83.604602,83.652844,83.620457
DK,Female,2021,83.309486,83.806061,83.879053,83.811885
DK,Female,2022,83.186994,84.011996,84.105262,84.000451
DK,Female,2023,83.643764,84.218914,84.33147,84.186196
DK,Female,2024,83.909359,84.415809,84.557679,84.36916
DK,Total,2000,76.823404,NA,NA,NA
DK,Total,2001,76.982728,NA,NA,NA
DK,Total,2002,77.105343,NA,NA,NA
DK,Total,2003,77.405455,NA,NA,NA
DK,Total,2004,77.785165,NA,NA,NA
DK,Total,2005,78.222351,NA,NA,NA
DK,Total,2006,78.231779,NA,NA,NA
DK,Total,2007,78.352093,NA,NA,NA
DK,Total,2008,78.732937,NA,NA,NA
DK,Total,2009,78.967558,NA,NA,NA
DK,Total,2010,79.256226,NA,NA,NA
DK,Total,2011,79.800676,NA,NA,NA
DK,Total,2012,80.085201,NA,NA,NA
DK,Total,2013,80.314763,NA,NA,NA
DK,Total,2014,80.652693,NA,NA,NA
DK,Total,2015,80.752778,NA,NA,NA
DK,Total,2016,80.889153,NA,NA,NA
DK,Total,2017,81.117348,NA,NA,NA
DK,Total,2018,80.999338,NA,NA,NA
DK,Total,2019,81.443917,NA,NA,NA
DK,Total,2020,81.560227,81.623629,81.687102,81.656091
DK,Total,2021,81.439855,81.842901,81.930287,81.865698
DK,Total,2022,81.307504,82.056538,82.173472,82.072467
DK,Total,2023,81.675922,82.269896,82.416656,82.276427
DK,Total,2024,82.04492,82.469832,82.659841,82.47761
EE,Male,2000,65.483758,NA,NA,NA
EE,Male,2001,65.030834,NA,NA,NA
EE,Male,2002,65.458445,NA,NA,NA
EE,Male,2003,66.34261,NA,NA,NA
EE,Male,2004,66.641559,NA,NA,NA
EE,Male,2005,67.471499,NA,NA,NA
EE,Male,2006,67.541078,NA,NA,NA
EE,Male,2007,67.328121,NA,NA,NA
EE,Male,2008,68.77636,NA,NA,NA
EE,Male,2009,69.877775,NA,NA,NA
EE,Male,2010,70.760472,NA,NA,NA
EE,Male,2011,71.306682,NA,NA,NA
EE,Male,2012,71.298785,NA,NA,NA
EE,Male,2013,72.688324,NA,NA,NA
EE,Male,2014,72.304604,NA,NA,NA
EE,Male,2015,73.059221,NA,NA,NA
EE,Male,2016,73.143051,NA,NA,NA
EE,Male,2017,73.602667,NA,NA,NA
EE,Male,2018,73.841451,NA,NA,NA
EE,Male,2019,74.43596,NA,NA,NA
EE,Male,2020,74.40244,74.80197,74.907129,74.798312
EE,Male,2021,72.668642,75.171336,75.378297,75.15887
EE,Male,2022,73.629953,75.473324,75.849466,75.511822
EE,Male,2023,74.515306,75.772112,76.320635,75.857423
EE,Male,2024,75.128971,76.112133,76.791803,76.195916
EE,Female,2000,76.190845,NA,NA,NA
EE,Female,2001,76.388898,NA,NA,NA
EE,Female,2002,77.088498,NA,NA,NA
EE,Female,2003,77.156889,NA,NA,NA
EE,Female,2004,77.87428,NA,NA,NA
EE,Female,2005,78.128082,NA,NA,NA
EE,Female,2006,78.515908,NA,NA,NA
EE,Female,2007,78.650739,NA,NA,NA
EE,Female,2008,79.278877,NA,NA,NA
EE,Female,2009,80.005032,NA,NA,NA
EE,Female,2010,80.448846,NA,NA,NA
EE,Female,2011,80.93874,NA,NA,NA
EE,Female,2012,81.053358,NA,NA,NA
EE,Female,2013,81.273642,NA,NA,NA
EE,Female,2014,81.440639,NA,NA,NA
EE,Female,2015,81.753452,NA,NA,NA
EE,Female,2016,81.886455,NA,NA,NA
EE,Female,2017,82.313566,NA,NA,NA
EE,Female,2018,82.391826,NA,NA,NA
EE,Female,2019,82.73566,NA,NA,NA
EE,Female,2020,82.730331,82.894519,83.080124,83.00676
EE,Female,2021,81.372943,83.128695,83.424588,83.275318
EE,Female,2022,82.257938,83.344609,83.769052,83.538869
EE,Female,2023,83.058032,83.558445,84.113516,83.797538
EE,Female,2024,83.448503,83.795525,84.45798,84.051439
EE,Total,2000,70.889776,NA,NA,NA
EE,Total,2001,70.711982,NA,NA,NA
EE,Total,2002,71.260593,NA,NA,NA
EE,Total,2003,71.808674,NA,NA,NA
EE,Total,2004,72.293908,NA,NA,NA
EE,Total,2005,72.891953,NA,NA,NA
EE,Total,2006,73.10399,NA,NA,NA
EE,Total,2007,73.031538,NA,NA,NA
EE,Total,2008,74.156956,NA,NA,NA
EE,Total,2009,75.108647,NA,NA,NA
EE,Total,2010,75.814852,NA,NA,NA
EE,Total,2011,76.336827,NA,NA,NA
EE,Total,2012,76.373767,NA,NA,NA
EE,Total,2013,77.240154,NA,NA,NA
EE,Total,2014,77.095573,NA,NA,NA
EE,Total,2015,77.645268,NA,NA,NA
EE,Total,2016,77.745146,NA,NA,NA
EE,Total,2017,78.178862,NA,NA,NA
EE,Total,2018,78.326684,NA,NA,NA
EE,Total,2019,78.808615,NA,NA,NA
EE,Total,2020,78.762829,79.071531,79.225396,79.137471
EE,Total,2021,77.129604,79.372744,79.642177,79.461418
EE,Total,2022,78.084127,79.637177,80.058958,79.778973
EE,Total,2023,78.980223,79.899548,80.475739,80.090324
EE,Total,2024,79.476953,80.187677,80.89252,80.395647
ES,Male,2000,75.963788,NA,NA,NA
ES,Male,2001,76.292559,NA,NA,NA
ES,Male,2002,76.401331,NA,NA,NA
ES,Male,2003,76.42203,NA,NA,NA
ES,Male,2004,76.982278,NA,NA,NA
ES,Male,2005,77.01962,NA,NA,NA
ES,Male,2006,77.692271,NA,NA,NA
ES,Male,2007,77.7597,NA,NA,NA
ES,Male,2008,78.188882,NA,NA,NA
ES,Male,2009,78.573472,NA,NA,NA
ES,Male,2010,78.971657,NA,NA,NA
ES,Male,2011,79.21626,NA,NA,NA
ES,Male,2012,79.284676,NA,NA,NA
ES,Male,2013,79.833354,NA,NA,NA
ES,Male,2014,80.006272,NA,NA,NA
ES,Male,2015,79.810506,NA,NA,NA
ES,Male,2016,80.174056,NA,NA,NA
ES,Male,2017,80.252768,NA,NA,NA
ES,Male,2018,80.337245,NA,NA,NA
ES,Male,2019,80.731347,NA,NA,NA
ES,Male,2020,79.466882,80.9438,80.982271,80.949438
ES,Male,2021,80.150136,81.136675,81.233196,81.164853
ES,Male,2022,80.322786,81.315041,81.48412,81.377532
ES,Male,2023,81.081029,81.501444,81.735044,81.587528
ES,Male,2024,81.315431,81.668245,81.985968,81.794892
ES,Female,2000,82.863847,NA,NA,NA
ES,Female,2001,83.182226,NA,NA,NA
ES,Female,2002,83.256462,NA,NA,NA
ES,Female,2003,83.096312,NA,NA,NA
ES,Female,2004,83.680079,NA,NA,NA
ES,Female,2005,83.630053,NA,NA,NA
ES,Female,2006,84.232091,NA,NA,NA
ES,Female,2007,84.192448,NA,NA,NA
ES,Female,2008,84.366427,NA,NA,NA
ES,Female,2009,84.661779,NA,NA,NA
ES,Female,2010,85.016403,NA,NA,NA
ES,Female,2011,85.101427,NA,NA,NA
ES,Female,2012,85.07161,NA,NA,NA
ES,Female,2013,85.502886,NA,NA,NA
ES,Female,2014,85.607867,NA,NA,NA
ES,Female,2015,85.366349,NA,NA,NA
ES,Female,2016,85.783504,NA,NA,NA
ES,Female,2017,85.679621,NA,NA,NA
ES,Female,2018,85.810268,NA,NA,NA
ES,Female,2019,86.174502,NA,NA,NA
ES,Female,2020,85.000818,86.317721,86.348747,86.333892
ES,Female,2021,85.787475,86.450341,86.522992,86.491924
ES,Female,2022,85.711468,86.595954,86.697237,86.648519
ES,Female,2023,86.362077,86.689768,86.871482,86.803681
ES,Female,2024,86.64346,86.816773,87.045727,86.957415
ES,Total,2000,79.422956,NA,NA,NA
ES,Total,2001,79.748998,NA,NA,NA
ES,Total,2002,79.834913,NA,NA,NA
ES,Total,2003,79.762356,NA,NA,NA
ES,Total,2004,80.342116,NA,NA,NA
ES,Total,2005,80.327453,NA,NA,NA
ES,Total,2006,80.978413,NA,NA,NA
ES,Total,2007,80.987358,NA,NA,NA
ES,Total,2008,81.299047,NA,NA,NA
ES,Total,2009,81.642696,NA,NA,NA
ES,Total,2010,82.025141,NA,NA,NA
ES,Total,2011,82.192761,NA,NA,NA
ES,Total,2012,82.207097,NA,NA,NA
ES,Total,2013,82.70923,NA,NA,NA
ES,Total,2014,82.849313,NA,NA,NA
ES,Total,2015,82.618523,NA,NA,NA
ES,Total,2016,83.014748,NA,NA,NA
ES,Total,2017,83.004058,NA,NA,NA
ES,Total,2018,83.109057,NA,NA,NA
ES,Total,2019,83.494834,NA,NA,NA
ES,Total,2020,82.236835,83.674756,83.709143,83.685175
ES,Total,2021,82.988427,83.839876,83.923452,83.87346
ES,Total,2022,83.043854,84.003048,84.137762,84.059671
ES,Total,2023,83.765874,84.144804,84.352071,84.24384
ES,Total,2024,84.023882,84.290332,84.566381,84.425997
FI,Male,2000,74.139408,NA,NA,NA
FI,Male,2001,74.567943,NA,NA,NA
FI,Male,2002,74.847681,NA,NA,NA
FI,Male,2003,75.103381,NA,NA,NA
FI,Male,2004,75.294658,NA,NA,NA
FI,Male,2005,75.524616,NA,NA,NA
FI,Male,2006,75.790564,NA,NA,NA
FI,Male,2007,75.83977,NA,NA,NA
FI,Male,2008,76.332002,NA,NA,NA
FI,Male,2009,76.476758,NA,NA,NA
FI,Male,2010,76.707352,NA,NA,NA
FI,Male,2011,77.181977,NA,NA,NA
FI,Male,2012,77.49965,NA,NA,NA
FI,Male,2013,77.847183,NA,NA,NA
FI,Male,2014,78.170396,NA,NA,NA
FI,Male,2015,78.530441,NA,NA,NA
FI,Male,2016,78.4362,NA,NA,NA
FI,Male,2017,78.715696,NA,NA,NA
FI,Male,2018,78.905527,NA,NA,NA
FI,Male,2019,79.162396,NA,NA,NA
FI,Male,2020,79.013224,79.522228,79.426764,79.405795
FI,Male,2021,79.13315,79.786274,79.691132,79.648126
FI,Male,2022,78.628757,80.036563,79.9555,79.888409
FI,Male,2023,78.955378,80.284971,80.219868,80.12664
FI,Male,2024,79.673965,80.520054,80.484236,80.362817
FI,Female,2000,81.034842,NA,NA,NA
FI,Female,2001,81.543924,NA,NA,NA
FI,Female,2002,81.533131,NA,NA,NA
FI,Female,2003,81.810596,NA,NA,NA
FI,Female,2004,82.258845,NA,NA,NA
FI,Female,2005,82.303668,NA,NA,NA
FI,Female,2006,82.840469,NA,NA,NA
FI,Female,2007,82.858376,NA,NA,NA
FI,Female,2008,82.999235,NA,NA,NA
FI,Female,2009,83.104912,NA,NA,NA
FI,Female,2010,83.251586,NA,NA,NA
FI,Female,2011,83.53538,NA,NA,NA
FI,Female,2012,83.407862,NA,NA,NA
FI,Female,2013,83.821385,NA,NA,NA
FI,Female,2014,83.875645,NA,NA,NA
FI,Female,2015,84.137539,NA,NA,NA
FI,Female,2016,84.122825,NA,NA,NA
FI,Female,2017,84.217455,NA,NA,NA
FI,Female,2018,84.305796,NA,NA,NA
FI,Female,2019,84.525639,NA,NA,NA
FI,Female,2020,84.614762,84.78751,84.709365,84.698258
FI,Female,2021,84.472835,84.929607,84.893091,84.870361
FI,Female,2022,83.777755,85.076829,85.076818,85.041329
FI,Female,2023,84.18388,85.226353,85.260544,85.211153
FI,Female,2024,84.810049,85.369538,85.44427,85.379822
FI,Total,2000,77.669081,NA,NA,NA
FI,Total,2001,78.13934,NA,NA,NA
FI,Total,2002,78.263124,NA,NA,NA
FI,Total,2003,78.519437,NA,NA,NA
FI,Total,2004,78.833619,NA,NA,NA
FI,Total,2005,78.973566,NA,NA,NA
FI,Total,2006,79.362407,NA,NA,NA
FI,Total,2007,79.379683,NA,NA,NA
FI,Total,2008,79.693781,NA,NA,NA
FI,Total,2009,79.823078,NA,NA,NA
FI,Total,2010,80.005962,NA,NA,NA
FI,Total,2011,80.391145,NA,NA,NA
FI,Total,2012,80.494626,NA,NA,NA
FI,Total,2013,80.866937,NA,NA,NA
FI,Total,2014,81.054668,NA,NA,NA
FI,Total,2015,81.36404,NA,NA,NA
FI,Total,2016,81.299183,NA,NA,NA
FI,Total,2017,81.494347,NA,NA,NA
FI,Total,2018,81.625334,NA,NA,NA
FI,Total,2019,81.867648,NA,NA,NA
FI,Total,2020,81.81574,82.176143,82.088626,82.072549
FI,Total,2021,81.806104,82.379352,82.309603,82.276233
FI,Total,2022,81.194043,82.578913,82.53058,82.478359
FI,Total,2023,81.560934,82.78005,82.751557,82.678927
FI,Total,2024,82.243769,82.970678,82.972535,82.87794
FR,Male,2000,75.263141,NA,NA,NA
FR,Male,2001,75.445639,NA,NA,NA
FR,Male,2002,75.707048,NA,NA,NA
FR,Male,2003,75.795473,NA,NA,NA
FR,Male,2004,76.682411,NA,NA,NA
FR,Male,2005,76.733875,NA,NA,NA
FR,Male,2006,77.166887,NA,NA,NA
FR,Male,2007,77.382626,NA,NA,NA
FR,Male,2008,77.58233,NA,NA,NA
FR,Male,2009,77.747266,NA,NA,NA
FR,Male,2010,78.004746,NA,NA,NA
FR,Male,2011,78.39917,NA,NA,NA
FR,Male,2012,78.45159,NA,NA,NA
FR,Male,2013,78.721101,NA,NA,NA
FR,Male,2014,79.237262,NA,NA,NA
FR,Male,2015,78.982753,NA,NA,NA
FR,Male,2016,79.287035,NA,NA,NA
FR,Male,2017,79.408988,NA,NA,NA
FR,Male,2018,79.534794,NA,NA,NA
FR,Male,2019,79.743081,NA,NA,NA
FR,Male,2020,79.171356,79.955768,79.978867,79.962067
FR,Male,2021,79.260457,80.147009,80.214653,80.179474
FR,Male,2022,79.360399,80.325284,80.45044,80.395207
FR,Male,2023,80.011447,80.510359,80.686226,80.609265
FR,Male,2024,80.188919,80.678061,80.922012,80.821648
FR,Female,2000,82.846589,NA,NA,NA
FR,Female,2001,82.973218,NA,NA,NA
FR,Female,2002,83.051287,NA,NA,NA
FR,Female,2003,82.941999,NA,NA,NA
FR,Female,2004,83.880484,NA,NA,NA
FR,Female,2005,83.869898,NA,NA,NA
FR,Female,2006,84.232237,NA,NA,NA
FR,Female,2007,84.427275,NA,NA,NA
FR,Female,2008,84.365005,NA,NA,NA
FR,Female,2009,84.475381,NA,NA,NA
FR,Female,2010,84.710621,NA,NA,NA
FR,Female,2011,85.030915,NA,NA,NA
FR,Female,2012,84.852769,NA,NA,NA
FR,Female,2013,85.042768,NA,NA,NA
FR,Female,2014,85.451551,NA,NA,NA
FR,Female,2015,85.170636,NA,NA,NA
FR,Female,2016,85.373628,NA,NA,NA
FR,Female,2017,85.341643,NA,NA,NA
FR,Female,2018,85.46923,NA,NA,NA
FR,Female,2019,85.605236,NA,NA,NA
FR,Female,2020,85.160003,85.677831,85.750428,85.742759
FR,Female,2021,85.289155,85.777303,85.895619,85.879588
FR,Female,2022,85.142621,85.888241,86.040811,86.015658
FR,Female,2023,85.644384,85.956651,86.186003,86.150969
FR,Female,2024,85.816124,86.053012,86.331195,86.285521
FR,Total,2000,79.087811,NA,NA,NA
FR,Total,2001,79.24815,NA,NA,NA
FR,Total,2002,79.423651,NA,NA,NA
FR,Total,2003,79.412158,NA,NA,NA
FR,Total,2004,80.354452,NA,NA,NA
FR,Total,2005,80.368519,NA,NA,NA
FR,Total,2006,80.77895,NA,NA,NA
FR,Total,2007,80.981806,NA,NA,NA
FR,Total,2008,81.053825,NA,NA,NA
FR,Total,2009,81.189178,NA,NA,NA
FR,Total,2010,81.435057,NA,NA,NA
FR,Total,2011,81.798129,NA,NA,NA
FR,Total,2012,81.728137,NA,NA,NA
FR,Total,2013,81.959445,NA,NA,NA
FR,Total,2014,82.431424,NA,NA,NA
FR,Total,2015,82.147942,NA,NA,NA
FR,Total,2016,82.405822,NA,NA,NA
FR,Total,2017,82.44886,NA,NA,NA
FR,Total,2018,82.573505,NA,NA,NA
FR,Total,2019,82.745491,NA,NA,NA
FR,Total,2020,82.208661,82.889307,82.938001,82.924662
FR,Total,2021,82.319611,83.03581,83.13051,83.102583
FR,Total,2022,82.301332,83.181445,83.32302,83.279222
FR,Total,2023,82.890799,83.308699,83.515529,83.454583
FR,Total,2024,83.064463,83.438095,83.708039,83.628672
GB-EAW,Male,2000,NA,NA,NA,NA
GB-EAW,Male,2001,NA,NA,NA,NA
GB-EAW,Male,2002,NA,NA,NA,NA
GB-EAW,Male,2003,NA,NA,NA,NA
GB-EAW,Male,2004,NA,NA,NA,NA
GB-EAW,Male,2005,NA,NA,NA,NA
GB-EAW,Male,2006,NA,NA,NA,NA
GB-EAW,Male,2007,NA,NA,NA,NA
GB-EAW,Male,2008,NA,NA,NA,NA
GB-EAW,Male,2009,NA,NA,NA,NA
GB-EAW,Male,2010,78.590015,NA,NA,NA
GB-EAW,Male,2011,79.004727,NA,NA,NA
GB-EAW,Male,2012,79.169614,NA,NA,NA
GB-EAW,Male,2013,79.185798,NA,NA,NA
GB-EAW,Male,2014,79.416281,NA,NA,NA
GB-EAW,Male,2015,79.237511,NA,NA,NA
GB-EAW,Male,2016,79.375033,NA,NA,NA
GB-EAW,Male,2017,79.449945,NA,NA,NA
GB-EAW,Male,2018,79.397396,NA,NA,NA
GB-EAW,Male,2019,79.707811,NA,NA,NA
GB-EAW,Male,2020,78.525007,79.874095,79.832011,79.829046
GB-EAW,Male,2021,78.690675,79.988073,79.95621,79.949784
GB-EAW,Male,2022,79.236009,80.105488,80.08041,80.069935
GB-EAW,Male,2023,79.280493,80.20662,80.204609,80.189496
GB-EAW,Male,2024,79.81072,80.309485,80.328809,80.308462
GB-EAW,Female,2000,NA,NA,NA,NA
GB-EAW,Female,2001,NA,NA,NA,NA
GB-EAW,Female,2002,NA,NA,NA,NA
GB-EAW,Female,2003,NA,NA,NA,NA
GB-EAW,Female,2004,NA,NA,NA,NA
GB-EAW,Female,2005,NA,NA,NA,NA
GB-EAW,Female,2006,NA,NA,NA,NA
GB-EAW,Female,2007,NA,NA,NA,NA
GB-EAW,Female,2008,NA,NA,NA,NA
GB-EAW,Female,2009,NA,NA,NA,NA
GB-EAW,Female,2010,82.534522,NA,NA,NA
GB-EAW,Female,2011,82.917316,NA,NA,NA
GB-EAW,Female,2012,82.860034,NA,NA,NA
GB-EAW,Female,2013,82.945301,NA,NA,NA
GB-EAW,Female,2014,83.16524,NA,NA,NA
GB-EAW,Female,2015,82.892407,NA,NA,NA
GB-EAW,Female,2016,83.034798,NA,NA,NA
GB-EAW,Female,2017,83.148133,NA,NA,NA
GB-EAW,Female,2018,83.120903,NA,NA,NA
GB-EAW,Female,2019,83.444252,NA,NA,NA
GB-EAW,Female,2020,82.561737,83.596327,83.545333,83.542352
GB-EAW,Female,2021,82.766432,83.692488,83.646415,83.639929
GB-EAW,Female,2022,83.087644,83.791012,83.747496,83.736925
GB-EAW,Female,2023,83.223656,83.870053,83.848577,83.833342
GB-EAW,Female,2024,83.686367,83.951248,83.949658,83.929182
GB-EAW,Total,2000,NA,NA,NA,NA
GB-EAW,Total,2001,NA,NA,NA,NA
GB-EAW,Total,2002,NA,NA,NA,NA
GB-EAW,Total,2003,NA,NA,NA,NA
GB-EAW,Total,2004,NA,NA,NA,NA
GB-EAW,Total,2005,NA,NA,NA,NA
GB-EAW,Total,2006,NA,NA,NA,NA
GB-EAW,Total,2007,NA,NA,NA,NA
GB-EAW,Total,2008,NA,NA,NA,NA
GB-EAW,Total,2009,NA,NA,NA,NA
GB-EAW,Total,2010,80.612771,NA,NA,NA
GB-EAW,Total,2011,81.012351,NA,NA,NA
GB-EAW,Total,2012,81.061221,NA,NA,NA
GB-EAW,Total,2013,81.104802,NA,NA,NA
GB-EAW,Total,2014,81.329985,NA,NA,NA
GB-EAW,Total,2015,81.095095,NA,NA,NA
GB-EAW,Total,2016,81.235298,NA,NA,NA
GB-EAW,Total,2017,81.323451,NA,NA,NA
GB-EAW,Total,2018,81.281666,NA,NA,NA
GB-EAW,Total,2019,81.599974,NA,NA,NA
GB-EAW,Total,2020,80.539973,81.758847,81.709663,81.706601
GB-EAW,Total,2021,80.731357,81.863219,81.819352,81.812655
GB-EAW,Total,2022,81.173023,81.969763,81.929042,81.918101
GB-EAW,Total,2023,81.260569,82.057695,82.038731,82.02294
GB-EAW,Total,2024,81.761325,82.148449,82.14842,82.12717
GB-NIR,Male,2000,74.772245,NA,NA,NA
GB-NIR,Male,2001,75.19359,NA,NA,NA
GB-NIR,Male,2002,75.35926,NA,NA,NA
GB-NIR,Male,2003,75.854734,NA,NA,NA
GB-NIR,Male,2004,75.983557,NA,NA,NA
GB-NIR,Male,2005,75.942963,NA,NA,NA
GB-NIR,Male,2006,76.093013,NA,NA,NA
GB-NIR,Male,2007,76.192807,NA,NA,NA
GB-NIR,Male,2008,76.49452,NA,NA,NA
GB-NIR,Male,2009,77.176762,NA,NA,NA
GB-NIR,Male,2010,77.094841,NA,NA,NA
GB-NIR,Male,2011,77.850756,NA,NA,NA
GB-NIR,Male,2012,78.043805,NA,NA,NA
GB-NIR,Male,2013,78.085982,NA,NA,NA
GB-NIR,Male,2014,78.625694,NA,NA,NA
GB-NIR,Male,2015,78.168183,NA,NA,NA
GB-NIR,Male,2016,78.749625,NA,NA,NA
GB-NIR,Male,2017,78.40597,NA,NA,NA
GB-NIR,Male,2018,78.876807,NA,NA,NA
GB-NIR,Male,2019,79.03349,NA,NA,NA
GB-NIR,Male,2020,78.215378,79.359632,79.257766,79.236192
GB-NIR,Male,2021,78.15834,79.551416,79.482042,79.440285
GB-NIR,Male,2022,78.871965,79.722474,79.706318,79.642354
GB-NIR,Male,2023,79.295557,79.885791,79.930594,79.84238
GB-NIR,Male,2024,78.368222,80.050357,80.15487,80.040341
GB-NIR,Female,2000,79.747937,NA,NA,NA
GB-NIR,Female,2001,80.313868,NA,NA,NA
GB-NIR,Female,2002,80.256864,NA,NA,NA
GB-NIR,Female,2003,80.58991,NA,NA,NA
GB-NIR,Female,2004,80.721859,NA,NA,NA
GB-NIR,Female,2005,81.100652,NA,NA,NA
GB-NIR,Female,2006,81.01307,NA,NA,NA
GB-NIR,Female,2007,81.346928,NA,NA,NA
GB-NIR,Female,2008,81.117717,NA,NA,NA
GB-NIR,Female,2009,81.363931,NA,NA,NA
GB-NIR,Female,2010,81.683093,NA,NA,NA
GB-NIR,Female,2011,82.395708,NA,NA,NA
GB-NIR,Female,2012,82.246282,NA,NA,NA
GB-NIR,Female,2013,82.251128,NA,NA,NA
GB-NIR,Female,2014,82.374087,NA,NA,NA
GB-NIR,Female,2015,82.210077,NA,NA,NA
GB-NIR,Female,2016,82.275095,NA,NA,NA
GB-NIR,Female,2017,82.412673,NA,NA,NA
GB-NIR,Female,2018,82.468781,NA,NA,NA
GB-NIR,Female,2019,82.761012,NA,NA,NA
GB-NIR,Female,2020,82.016139,82.829767,82.919595,82.908374
GB-NIR,Female,2021,82.069001,82.923548,83.078177,83.05689
GB-NIR,Female,2022,82.674834,83.017427,83.23676,83.204461
GB-NIR,Female,2023,82.828691,83.127044,83.395343,83.351083
GB-NIR,Female,2024,82.752581,83.211125,83.553926,83.496753
GB-NIR,Total,2000,77.356438,NA,NA,NA
GB-NIR,Total,2001,77.847453,NA,NA,NA
GB-NIR,Total,2002,77.894212,NA,NA,NA
GB-NIR,Total,2003,78.314527,NA,NA,NA
GB-NIR,Total,2004,78.434162,NA,NA,NA
GB-NIR,Total,2005,78.59656,NA,NA,NA
GB-NIR,Total,2006,78.623766,NA,NA,NA
GB-NIR,Total,2007,78.831151,NA,NA,NA
GB-NIR,Total,2008,78.873902,NA,NA,NA
GB-NIR,Total,2009,79.349511,NA,NA,NA
GB-NIR,Total,2010,79.449094,NA,NA,NA
GB-NIR,Total,2011,80.181869,NA,NA,NA
GB-NIR,Total,2012,80.199603,NA,NA,NA
GB-NIR,Total,2013,80.222246,NA,NA,NA
GB-NIR,Total,2014,80.558246,NA,NA,NA
GB-NIR,Total,2015,80.229878,NA,NA,NA
GB-NIR,Total,2016,80.559486,NA,NA,NA
GB-NIR,Total,2017,80.442237,NA,NA,NA
GB-NIR,Total,2018,80.709173,NA,NA,NA
GB-NIR,Total,2019,80.936141,NA,NA,NA
GB-NIR,Total,2020,80.134047,81.130653,81.124547,81.108462
GB-NIR,Total,2021,80.128385,81.271852,81.312952,81.280534
GB-NIR,Total,2022,80.788758,81.402099,81.501357,81.451088
GB-NIR,Total,2023,81.082082,81.535925,81.689763,81.620118
GB-NIR,Total,2024,80.559919,81.65817,81.878168,81.787623
GB-SCT,Male,2000,73.169091,NA,NA,NA
GB-SCT,Male,2001,73.336401,NA,NA,NA
GB-SCT,Male,2002,73.289333,NA,NA,NA
GB-SCT,Male,2003,73.708394,NA,NA,NA
GB-SCT,Male,2004,74.234848,NA,NA,NA
GB-SCT,Male,2005,74.652912,NA,NA,NA
GB-SCT,Male,2006,74.814853,NA,NA,NA
GB-SCT,Male,2007,74.820182,NA,NA,NA
GB-SCT,Male,2008,75.225328,NA,NA,NA
GB-SCT,Male,2009,75.914581,NA,NA,NA
GB-SCT,Male,2010,76.202194,NA,NA,NA
GB-SCT,Male,2011,76.471039,NA,NA,NA
GB-SCT,Male,2012,76.776798,NA,NA,NA
GB-SCT,Male,2013,77.009333,NA,NA,NA
GB-SCT,Male,2014,77.298161,NA,NA,NA
GB-SCT,Male,2015,76.948851,NA,NA,NA
GB-SCT,Male,2016,76.941378,NA,NA,NA
GB-SCT,Male,2017,77.116732,NA,NA,NA
GB-SCT,Male,2018,77.037984,NA,NA,NA
GB-SCT,Male,2019,77.171871,NA,NA,NA
GB-SCT,Male,2020,76.174776,77.393436,77.382544,77.363004
GB-SCT,Male,2021,76.397867,77.46705,77.593216,77.553248
GB-SCT,Male,2022,77.074696,77.529345,77.803889,77.74146
GB-SCT,Male,2023,77.236034,77.59498,78.014561,77.927621
GB-SCT,Male,2024,77.923017,77.660625,78.225234,78.111712
GB-SCT,Female,2000,78.601806,NA,NA,NA
GB-SCT,Female,2001,78.796319,NA,NA,NA
GB-SCT,Female,2002,78.845117,NA,NA,NA
GB-SCT,Female,2003,78.825061,NA,NA,NA
GB-SCT,Female,2004,79.370834,NA,NA,NA
GB-SCT,Female,2005,79.432531,NA,NA,NA
GB-SCT,Female,2006,79.731043,NA,NA,NA
GB-SCT,Female,2007,79.80667,NA,NA,NA
GB-SCT,Female,2008,79.922001,NA,NA,NA
GB-SCT,Female,2009,80.468483,NA,NA,NA
GB-SCT,Female,2010,80.61809,NA,NA,NA
GB-SCT,Female,2011,80.812839,NA,NA,NA
GB-SCT,Female,2012,80.75889,NA,NA,NA
GB-SCT,Female,2013,81.040953,NA,NA,NA
GB-SCT,Female,2014,81.291628,NA,NA,NA
GB-SCT,Female,2015,81.042504,NA,NA,NA
GB-SCT,Female,2016,81.073568,NA,NA,NA
GB-SCT,Female,2017,81.140674,NA,NA,NA
GB-SCT,Female,2018,81.031057,NA,NA,NA
GB-SCT,Female,2019,81.201291,NA,NA,NA
GB-SCT,Female,2020,80.741124,81.301489,81.338106,81.325538
GB-SCT,Female,2021,80.525473,81.357926,81.474921,81.449161
GB-SCT,Female,2022,80.923117,81.396799,81.611736,81.571598
GB-SCT,Female,2023,80.810608,81.436847,81.748551,81.692853
GB-SCT,Female,2024,81.233012,81.486926,81.885366,81.812927
GB-SCT,Total,2000,75.960626,NA,NA,NA
GB-SCT,Total,2001,76.13794,NA,NA,NA
GB-SCT,Total,2002,76.126856,NA,NA,NA
GB-SCT,Total,2003,76.337307,NA,NA,NA
GB-SCT,Total,2004,76.87202,NA,NA,NA
GB-SCT,Total,2005,77.116059,NA,NA,NA
GB-SCT,Total,2006,77.341027,NA,NA,NA
GB-SCT,Total,2007,77.372068,NA,NA,NA
GB-SCT,Total,2008,77.62993,NA,NA,NA
GB-SCT,Total,2009,78.254234,NA,NA,NA
GB-SCT,Total,2010,78.471837,NA,NA,NA
GB-SCT,Total,2011,78.70081,NA,NA,NA
GB-SCT,Total,2012,78.815769,NA,NA,NA
GB-SCT,Total,2013,79.077077,NA,NA,NA
GB-SCT,Total,2014,79.343723,NA,NA,NA
GB-SCT,Total,2015,79.030235,NA,NA,NA
GB-SCT,Total,2016,79.044152,NA,NA,NA
GB-SCT,Total,2017,79.164696,NA,NA,NA
GB-SCT,Total,2018,79.068876,NA,NA,NA
GB-SCT,Total,2019,79.215862,NA,NA,NA
GB-SCT,Total,2020,78.464206,79.380975,79.38719,79.370565
GB-SCT,Total,2021,78.478743,79.44472,79.558518,79.52394
GB-SCT,Total,2022,79.019729,79.493374,79.729846,79.675635
GB-SCT,Total,2023,79.045174,79.544812,79.901175,79.825647
GB-SCT,Total,2024,79.60398,79.60148,80.072503,79.973974
GR,Male,2000,75.526733,NA,NA,NA
GR,Male,2001,75.981139,NA,NA,NA
GR,Male,2002,76.240816,NA,NA,NA
GR,Male,2003,76.398359,NA,NA,NA
GR,Male,2004,76.481236,NA,NA,NA
GR,Male,2005,76.653857,NA,NA,NA
GR,Male,2006,76.975586,NA,NA,NA
GR,Male,2007,76.783246,NA,NA,NA
GR,Male,2008,77.367188,NA,NA,NA
GR,Male,2009,77.440445,NA,NA,NA
GR,Male,2010,77.887128,NA,NA,NA
GR,Male,2011,77.913047,NA,NA,NA
GR,Male,2012,77.865151,NA,NA,NA
GR,Male,2013,78.47891,NA,NA,NA
GR,Male,2014,78.545813,NA,NA,NA
GR,Male,2015,78.292891,NA,NA,NA
GR,Male,2016,78.600037,NA,NA,NA
GR,Male,2017,78.555262,NA,NA,NA
GR,Male,2018,78.986097,NA,NA,NA
GR,Male,2019,78.928489,NA,NA,NA
GR,Male,2020,78.738613,78.982473,79.107528,79.101648
GR,Male,2021,77.418188,79.122658,79.286568,79.275141
GR,Male,2022,78.180267,79.250771,79.465608,79.448447
GR,Male,2023,78.97329,79.344057,79.644648,79.621609
GR,Male,2024,78.975223,79.468771,79.823687,79.79467
GR,Female,2000,81.19082,NA,NA,NA
GR,Female,2001,81.607293,NA,NA,NA
GR,Female,2002,81.709172,NA,NA,NA
GR,Female,2003,81.834305,NA,NA,NA
GR,Female,2004,82.068162,NA,NA,NA
GR,Female,2005,82.346282,NA,NA,NA
GR,Female,2006,82.603319,NA,NA,NA
GR,Female,2007,82.49535,NA,NA,NA
GR,Female,2008,82.98962,NA,NA,NA
GR,Female,2009,83.258789,NA,NA,NA
GR,Female,2010,83.291757,NA,NA,NA
GR,Female,2011,83.514926,NA,NA,NA
GR,Female,2012,83.353954,NA,NA,NA
GR,Female,2013,83.854779,NA,NA,NA
GR,Female,2014,84.012336,NA,NA,NA
GR,Female,2015,83.677318,NA,NA,NA
GR,Female,2016,83.864879,NA,NA,NA
GR,Female,2017,83.800338,NA,NA,NA
GR,Female,2018,84.24549,NA,NA,NA
GR,Female,2019,84.051792,NA,NA,NA
GR,Female,2020,83.823253,84.239389,84.202369,84.18595
GR,Female,2021,82.979518,84.312174,84.352947,84.318718
GR,Female,2022,83.409469,84.370344,84.503524,84.449846
GR,Female,2023,84.068117,84.449409,84.654101,84.579336
GR,Female,2024,84.097922,84.514291,84.804679,84.707193
GR,Total,2000,78.332806,NA,NA,NA
GR,Total,2001,78.772325,NA,NA,NA
GR,Total,2002,78.956994,NA,NA,NA
GR,Total,2003,79.097165,NA,NA,NA
GR,Total,2004,79.255285,NA,NA,NA
GR,Total,2005,79.480367,NA,NA,NA
GR,Total,2006,79.775382,NA,NA,NA
GR,Total,2007,79.618005,NA,NA,NA
GR,Total,2008,80.170942,NA,NA,NA
GR,Total,2009,80.34161,NA,NA,NA
GR,Total,2010,80.596454,NA,NA,NA
GR,Total,2011,80.723052,NA,NA,NA
GR,Total,2012,80.616828,NA,NA,NA
GR,Total,2013,81.19372,NA,NA,NA
GR,Total,2014,81.301235,NA,NA,NA
GR,Total,2015,80.99872,NA,NA,NA
GR,Total,2016,81.254652,NA,NA,NA
GR,Total,2017,81.195193,NA,NA,NA
GR,Total,2018,81.636488,NA,NA,NA
GR,Total,2019,81.497558,NA,NA,NA
GR,Total,2020,81.280628,81.619131,81.664124,81.652454
GR,Total,2021,80.182203,81.722794,81.83069,81.806383
GR,Total,2022,80.787136,81.812486,81.997256,81.959188
GR,Total,2023,81.519721,81.893999,82.163821,82.110872
GR,Total,2024,81.52914,81.983179,82.330387,82.26144
HR,Male,2000,NA,NA,NA,NA
HR,Male,2001,70.922998,NA,NA,NA
HR,Male,2002,71.011937,NA,NA,NA
HR,Male,2003,70.979538,NA,NA,NA
HR,Male,2004,71.808724,NA,NA,NA
HR,Male,2005,71.70569,NA,NA,NA
HR,Male,2006,72.371145,NA,NA,NA
HR,Male,2007,72.175975,NA,NA,NA
HR,Male,2008,72.264752,NA,NA,NA
HR,Male,2009,72.764257,NA,NA,NA
HR,Male,2010,73.3687,NA,NA,NA
HR,Male,2011,73.744608,NA,NA,NA
HR,Male,2012,73.817196,NA,NA,NA
HR,Male,2013,74.372634,NA,NA,NA
HR,Male,2014,74.60853,NA,NA,NA
HR,Male,2015,74.283307,NA,NA,NA
HR,Male,2016,74.883921,NA,NA,NA
HR,Male,2017,74.853515,NA,NA,NA
HR,Male,2018,74.847334,NA,NA,NA
HR,Male,2019,75.365242,NA,NA,NA
HR,Male,2020,74.635321,75.551984,75.612034,75.582979
HR,Male,2021,73.841375,75.739804,75.858825,75.801899
HR,Male,2022,75.158477,75.957062,76.105616,76.018449
HR,Male,2023,76.191123,76.193987,76.352408,76.232661
HR,Male,2024,76.59896,76.398113,76.599199,76.444565
HR,Female,2000,NA,NA,NA,NA
HR,Female,2001,78.116024,NA,NA,NA
HR,Female,2002,78.321129,NA,NA,NA
HR,Female,2003,78.201397,NA,NA,NA
HR,Female,2004,78.879139,NA,NA,NA
HR,Female,2005,78.857654,NA,NA,NA
HR,Female,2006,79.262217,NA,NA,NA
HR,Female,2007,79.140237,NA,NA,NA
HR,Female,2008,79.516126,NA,NA,NA
HR,Female,2009,79.546275,NA,NA,NA
HR,Female,2010,79.803991,NA,NA,NA
HR,Female,2011,80.241754,NA,NA,NA
HR,Female,2012,80.533156,NA,NA,NA
HR,Female,2013,80.847733,NA,NA,NA
HR,Female,2014,80.91139,NA,NA,NA
HR,Female,2015,80.50022,NA,NA,NA
HR,Female,2016,81.199911,NA,NA,NA
HR,Female,2017,80.890213,NA,NA,NA
HR,Female,2018,81.350489,NA,NA,NA
HR,Female,2019,81.48267,NA,NA,NA
HR,Female,2020,80.894603,81.671702,81.669706,81.648534
HR,Female,2021,79.917943,81.863927,81.856742,81.813495
HR,Female,2022,81.068717,82.061381,82.043778,81.976555
HR,Female,2023,82.157161,82.283764,82.230814,82.137745
HR,Female,2024,82.253817,82.461839,82.41785,82.297098
HR,Total,2000,NA,NA,NA,NA
HR,Total,2001,74.559594,NA,NA,NA
HR,Total,2002,74.704076,NA,NA,NA
HR,Total,2003,74.618381,NA,NA,NA
HR,Total,2004,75.397745,NA,NA,NA
HR,Total,2005,75.311191,NA,NA,NA
HR,Total,2006,75.867039,NA,NA,NA
HR,Total,2007,75.687143,NA,NA,NA
HR,Total,2008,75.906143,NA,NA,NA
HR,Total,2009,76.186351,NA,NA,NA
HR,Total,2010,76.633415,NA,NA,NA
HR,Total,2011,77.04292,NA,NA,NA
HR,Total,2012,77.21259,NA,NA,NA
HR,Total,2013,77.669621,NA,NA,NA
HR,Total,2014,77.817421,NA,NA,NA
HR,Total,2015,77.433522,NA,NA,NA
HR,Total,2016,78.094945,NA,NA,NA
HR,Total,2017,77.917574,NA,NA,NA
HR,Total,2018,78.131758,NA,NA,NA
HR,Total,2019,78.470684,NA,NA,NA
HR,Total,2020,77.783843,78.659759,78.687967,78.666073
HR,Total,2021,76.876456,78.847059,78.90525,78.860085
HR,Total,2022,78.131082,79.050897,79.122533,79.052089
HR,Total,2023,79.202884,79.278254,79.339816,79.242115
HR,Total,2024,79.465114,79.467934,79.557098,79.430192
HU,Male,2000,67.490059,NA,NA,NA
HU,Male,2001,68.197025,NA,NA,NA
HU,Male,2002,68.285407,NA,NA,NA
HU,Male,2003,68.315404,NA,NA,NA
HU,Male,2004,68.663164,NA,NA,NA
HU,Male,2005,68.618789,NA,NA,NA
HU,Male,2006,69.076392,NA,NA,NA
HU,Male,2007,69.245916,NA,NA,NA
HU,Male,2008,69.816173,NA,NA,NA
HU,Male,2009,70.10705,NA,NA,NA
HU,Male,2010,70.545033,NA,NA,NA
HU,Male,2011,71.13881,NA,NA,NA
HU,Male,2012,71.549168,NA,NA,NA
HU,Male,2013,72.115743,NA,NA,NA
HU,Male,2014,72.260284,NA,NA,NA
HU,Male,2015,72.228353,NA,NA,NA
HU,Male,2016,72.551803,NA,NA,NA
HU,Male,2017,72.547052,NA,NA,NA
HU,Male,2018,72.716055,NA,NA,NA
HU,Male,2019,73.041533,NA,NA,NA
HU,Male,2020,72.318005,73.308362,73.333716,73.281343
HU,Male,2021,70.747445,73.550803,73.625899,73.51799
HU,Male,2022,72.722135,73.770917,73.918082,73.750915
HU,Male,2023,73.77924,73.978525,74.210265,73.98027
HU,Male,2024,74.135947,74.191599,74.502447,74.206206
HU,Female,2000,76.037597,NA,NA,NA
HU,Female,2001,76.56122,NA,NA,NA
HU,Female,2002,76.678147,NA,NA,NA
HU,Female,2003,76.644881,NA,NA,NA
HU,Female,2004,77.104382,NA,NA,NA
HU,Female,2005,77.065861,NA,NA,NA
HU,Female,2006,77.557083,NA,NA,NA
HU,Female,2007,77.511535,NA,NA,NA
HU,Female,2008,77.949323,NA,NA,NA
HU,Female,2009,78.117733,NA,NA,NA
HU,Female,2010,78.304383,NA,NA,NA
HU,Female,2011,78.493351,NA,NA,NA
HU,Female,2012,78.621502,NA,NA,NA
HU,Female,2013,79.01206,NA,NA,NA
HU,Female,2014,79.250828,NA,NA,NA
HU,Female,2015,78.878693,NA,NA,NA
HU,Female,2016,79.566999,NA,NA,NA
HU,Female,2017,79.283223,NA,NA,NA
HU,Female,2018,79.536485,NA,NA,NA
HU,Female,2019,79.69452,NA,NA,NA
HU,Female,2020,79.04045,79.839577,79.88699,79.858492
HU,Female,2021,77.740157,80.007801,80.079459,80.020692
HU,Female,2022,79.368856,80.11969,80.271929,80.180773
HU,Female,2023,80.21674,80.241236,80.464399,80.338805
HU,Female,2024,80.334852,80.346171,80.656868,80.494851
HU,Total,2000,71.763721,NA,NA,NA
HU,Total,2001,72.403477,NA,NA,NA
HU,Total,2002,72.505546,NA,NA,NA
HU,Total,2003,72.504545,NA,NA,NA
HU,Total,2004,72.914993,NA,NA,NA
HU,Total,2005,72.86567,NA,NA,NA
HU,Total,2006,73.350385,NA,NA,NA
HU,Total,2007,73.422671,NA,NA,NA
HU,Total,2008,73.945383,NA,NA,NA
HU,Total,2009,74.182258,NA,NA,NA
HU,Total,2010,74.506064,NA,NA,NA
HU,Total,2011,74.914328,NA,NA,NA
HU,Total,2012,75.184747,NA,NA,NA
HU,Total,2013,75.679282,NA,NA,NA
HU,Total,2014,75.863964,NA,NA,NA
HU,Total,2015,75.657852,NA,NA,NA
HU,Total,2016,76.156577,NA,NA,NA
HU,Total,2017,76.007756,NA,NA,NA
HU,Total,2018,76.208657,NA,NA,NA
HU,Total,2019,76.451684,NA,NA,NA
HU,Total,2020,75.735642,76.665341,76.698419,76.656377
HU,Total,2021,74.243498,76.873541,76.945154,76.858121
HU,Total,2022,76.101903,77.041539,77.191889,77.056782
HU,Total,2023,77.081639,77.204398,77.438624,77.252473
HU,Total,2024,77.322378,77.360627,77.685359,77.445299
IL,Male,2000,76.628932,NA,NA,NA
IL,Male,2001,77.056818,NA,NA,NA
IL,Male,2002,77.131285,NA,NA,NA
IL,Male,2003,77.49658,NA,NA,NA
IL,Male,2004,77.95416,NA,NA,NA
IL,Male,2005,78.181782,NA,NA,NA
IL,Male,2006,78.588331,NA,NA,NA
IL,Male,2007,78.727607,NA,NA,NA
IL,Male,2008,79.046426,NA,NA,NA
IL,Male,2009,79.632206,NA,NA,NA
IL,Male,2010,79.705112,NA,NA,NA
IL,Male,2011,79.847979,NA,NA,NA
IL,Male,2012,79.873472,NA,NA,NA
IL,Male,2013,80.286064,NA,NA,NA
IL,Male,2014,80.348777,NA,NA,NA
IL,Male,2015,80.145365,NA,NA,NA
IL,Male,2016,80.67074,NA,NA,NA
IL,Male,2017,80.318359,NA,NA,NA
IL,Male,2018,80.689577,NA,NA,NA
IL,Male,2019,80.683957,NA,NA,NA
IL,Male,2020,80.252487,80.829071,80.89738,80.875011
IL,Male,2021,79.986348,80.906448,81.110802,81.064441
IL,Male,2022,80.128654,81.003816,81.324225,81.251714
IL,Male,2023,80.373415,81.092703,81.537647,81.436836
IL,Male,2024,80.283941,81.185836,81.75107,81.619816
IL,Female,2000,80.89869,NA,NA,NA
IL,Female,2001,81.356464,NA,NA,NA
IL,Female,2002,81.328794,NA,NA,NA
IL,Female,2003,81.637139,NA,NA,NA
IL,Female,2004,82.104012,NA,NA,NA
IL,Female,2005,82.085238,NA,NA,NA
IL,Female,2006,82.411812,NA,NA,NA
IL,Female,2007,82.511454,NA,NA,NA
IL,Female,2008,82.880746,NA,NA,NA
IL,Female,2009,83.300638,NA,NA,NA
IL,Female,2010,83.477453,NA,NA,NA
IL,Female,2011,83.434281,NA,NA,NA
IL,Female,2012,83.526776,NA,NA,NA
IL,Female,2013,83.821431,NA,NA,NA
IL,Female,2014,84.071607,NA,NA,NA
IL,Female,2015,84.065106,NA,NA,NA
IL,Female,2016,84.239802,NA,NA,NA
IL,Female,2017,84.508414,NA,NA,NA
IL,Female,2018,84.703227,NA,NA,NA
IL,Female,2019,84.609787,NA,NA,NA
IL,Female,2020,84.526168,84.798324,84.805108,84.778057
IL,Female,2021,84.197155,84.912498,85.000429,84.944191
IL,Female,2022,84.240229,85.021036,85.19575,85.107791
IL,Female,2023,84.732245,85.115468,85.391071,85.268877
IL,Female,2024,84.447688,85.223168,85.586392,85.427471
IL,Total,2000,78.822573,NA,NA,NA
IL,Total,2001,79.269944,NA,NA,NA
IL,Total,2002,79.292297,NA,NA,NA
IL,Total,2003,79.634107,NA,NA,NA
IL,Total,2004,80.095109,NA,NA,NA
IL,Total,2005,80.200477,NA,NA,NA
IL,Total,2006,80.565467,NA,NA,NA
IL,Total,2007,80.68702,NA,NA,NA
IL,Total,2008,81.027974,NA,NA,NA
IL,Total,2009,81.536174,NA,NA,NA
IL,Total,2010,81.658228,NA,NA,NA
IL,Total,2011,81.70558,NA,NA,NA
IL,Total,2012,81.76041,NA,NA,NA
IL,Total,2013,82.113395,NA,NA,NA
IL,Total,2014,82.269412,NA,NA,NA
IL,Total,2015,82.162745,NA,NA,NA
IL,Total,2016,82.505514,NA,NA,NA
IL,Total,2017,82.465851,NA,NA,NA
IL,Total,2018,82.747488,NA,NA,NA
IL,Total,2019,82.693267,NA,NA,NA
IL,Total,2020,82.425244,82.861479,82.896988,82.873957
IL,Total,2021,82.12379,82.955342,83.100709,83.05262
IL,Total,2022,82.217859,83.056445,83.304429,83.229035
IL,Total,2023,82.580529,83.14567,83.50815,83.40321
IL,Total,2024,82.392587,83.243598,83.711871,83.575156
IS,Male,2000,77.873463,NA,NA,NA
IS,Male,2001,78.361073,NA,NA,NA
IS,Male,2002,78.476431,NA,NA,NA
IS,Male,2003,79.562941,NA,NA,NA
IS,Male,2004,79.02186,NA,NA,NA
IS,Male,2005,79.333631,NA,NA,NA
IS,Male,2006,79.373471,NA,NA,NA
IS,Male,2007,79.498488,NA,NA,NA
IS,Male,2008,79.804196,NA,NA,NA
IS,Male,2009,79.815104,NA,NA,NA
IS,Male,2010,79.807449,NA,NA,NA
IS,Male,2011,80.547242,NA,NA,NA
IS,Male,2012,81.262785,NA,NA,NA
IS,Male,2013,80.396426,NA,NA,NA
IS,Male,2014,81.091594,NA,NA,NA
IS,Male,2015,81.176331,NA,NA,NA
IS,Male,2016,80.337638,NA,NA,NA
IS,Male,2017,80.805217,NA,NA,NA
IS,Male,2018,81.222564,NA,NA,NA
IS,Male,2019,81.432773,NA,NA,NA
IS,Male,2020,81.19976,81.404024,81.620105,81.559054
IS,Male,2021,81.549519,81.584099,81.807437,81.707938
IS,Male,2022,80.79846,81.75794,81.994769,81.854353
IS,Male,2023,80.703201,81.843762,82.182101,81.998382
IS,Male,2024,81.174166,81.985541,82.369433,82.140103
IS,Female,2000,81.514333,NA,NA,NA
IS,Female,2001,83.034599,NA,NA,NA
IS,Female,2002,82.597043,NA,NA,NA
IS,Female,2003,82.634122,NA,NA,NA
IS,Female,2004,83.036514,NA,NA,NA
IS,Female,2005,83.357447,NA,NA,NA
IS,Female,2006,82.964833,NA,NA,NA
IS,Female,2007,83.145344,NA,NA,NA
IS,Female,2008,83.097371,NA,NA,NA
IS,Female,2009,83.678615,NA,NA,NA
IS,Female,2010,83.913548,NA,NA,NA
IS,Female,2011,83.922316,NA,NA,NA
IS,Female,2012,83.931822,NA,NA,NA
IS,Female,2013,83.629479,NA,NA,NA
IS,Female,2014,84.251205,NA,NA,NA
IS,Female,2015,83.593427,NA,NA,NA
IS,Female,2016,83.901423,NA,NA,NA
IS,Female,2017,84.111614,NA,NA,NA
IS,Female,2018,84.231459,NA,NA,NA
IS,Female,2019,84.471718,NA,NA,NA
IS,Female,2020,84.471613,84.297982,84.627369,84.580344
IS,Female,2021,84.36141,84.292052,84.783021,84.700547
IS,Female,2022,83.504679,84.285142,84.938673,84.818147
IS,Female,2023,84.173892,84.262867,85.094325,84.933171
IS,Female,2024,84.101398,84.273889,85.249977,85.045641
IS,Total,2000,79.689758,NA,NA,NA
IS,Total,2001,80.684656,NA,NA,NA
IS,Total,2002,80.519032,NA,NA,NA
IS,Total,2003,81.115803,NA,NA,NA
IS,Total,2004,81.024149,NA,NA,NA
IS,Total,2005,81.333489,NA,NA,NA
IS,Total,2006,81.167693,NA,NA,NA
IS,Total,2007,81.316444,NA,NA,NA
IS,Total,2008,81.410774,NA,NA,NA
IS,Total,2009,81.729238,NA,NA,NA
IS,Total,2010,81.83233,NA,NA,NA
IS,Total,2011,82.233462,NA,NA,NA
IS,Total,2012,82.602909,NA,NA,NA
IS,Total,2013,82.012508,NA,NA,NA
IS,Total,2014,82.676994,NA,NA,NA
IS,Total,2015,82.402272,NA,NA,NA
IS,Total,2016,82.096816,NA,NA,NA
IS,Total,2017,82.407045,NA,NA,NA
IS,Total,2018,82.697185,NA,NA,NA
IS,Total,2019,82.916048,NA,NA,NA
IS,Total,2020,82.792214,82.810698,83.085853,83.048809
IS,Total,2021,82.903141,82.884557,83.255657,83.188715
IS,Total,2022,82.097165,82.956137,83.425462,83.326661
IS,Total,2023,82.371209,82.979216,83.595267,83.462704
IS,Total,2024,82.592126,83.048568,83.765072,83.596895
IT,Male,2000,NA,NA,NA,NA
IT,Male,2001,NA,NA,NA,NA
IT,Male,2002,NA,NA,NA,NA
IT,Male,2003,NA,NA,NA,NA
IT,Male,2004,NA,NA,NA,NA
IT,Male,2005,NA,NA,NA,NA
IT,Male,2006,NA,NA,NA,NA
IT,Male,2007,NA,NA,NA,NA
IT,Male,2008,NA,NA,NA,NA
IT,Male,2009,NA,NA,NA,NA
IT,Male,2010,NA,NA,NA,NA
IT,Male,2011,79.711204,NA,NA,NA
IT,Male,2012,79.794452,NA,NA,NA
IT,Male,2013,80.197147,NA,NA,NA
IT,Male,2014,80.489808,NA,NA,NA
IT,Male,2015,80.209488,NA,NA,NA
IT,Male,2016,80.733996,NA,NA,NA
IT,Male,2017,80.47443,NA,NA,NA
IT,Male,2018,80.952781,NA,NA,NA
IT,Male,2019,81.142565,NA,NA,NA
IT,Male,2020,79.853613,81.274022,81.321485,81.315129
IT,Male,2021,80.287691,81.4626,81.500405,81.486378
IT,Male,2022,80.561298,81.612328,81.679325,81.656239
IT,Male,2023,81.303832,81.743178,81.858246,81.824711
IT,Male,2024,81.661074,81.895997,82.037166,81.991798
IT,Female,2000,NA,NA,NA,NA
IT,Female,2001,NA,NA,NA,NA
IT,Female,2002,NA,NA,NA,NA
IT,Female,2003,NA,NA,NA,NA
IT,Female,2004,NA,NA,NA,NA
IT,Female,2005,NA,NA,NA,NA
IT,Female,2006,NA,NA,NA,NA
IT,Female,2007,NA,NA,NA,NA
IT,Female,2008,NA,NA,NA,NA
IT,Female,2009,NA,NA,NA,NA
IT,Female,2010,NA,NA,NA,NA
IT,Female,2011,84.581923,NA,NA,NA
IT,Female,2012,84.505977,NA,NA,NA
IT,Female,2013,84.905384,NA,NA,NA
IT,Female,2014,85.129693,NA,NA,NA
IT,Female,2015,84.650347,NA,NA,NA
IT,Female,2016,85.186922,NA,NA,NA
IT,Female,2017,84.877755,NA,NA,NA
IT,Female,2018,85.281751,NA,NA,NA
IT,Female,2019,85.416489,NA,NA,NA
IT,Female,2020,84.475662,85.459516,85.520809,85.516629
IT,Female,2021,84.734835,85.593804,85.62513,85.615949
IT,Female,2022,84.757504,85.64971,85.729451,85.714409
IT,Female,2023,85.414551,85.722679,85.833772,85.812021
IT,Female,2024,85.715683,85.774281,85.938092,85.908797
IT,Total,2000,NA,NA,NA,NA
IT,Total,2001,NA,NA,NA,NA
IT,Total,2002,NA,NA,NA,NA
IT,Total,2003,NA,NA,NA,NA
IT,Total,2004,NA,NA,NA,NA
IT,Total,2005,NA,NA,NA,NA
IT,Total,2006,NA,NA,NA,NA
IT,Total,2007,NA,NA,NA,NA
IT,Total,2008,NA,NA,NA,NA
IT,Total,2009,NA,NA,NA,NA
IT,Total,2010,NA,NA,NA,NA
IT,Total,2011,82.250891,NA,NA,NA
IT,Total,2012,82.248064,NA,NA,NA
IT,Total,2013,82.651917,NA,NA,NA
IT,Total,2014,82.909442,NA,NA,NA
IT,Total,2015,82.512603,NA,NA,NA
IT,Total,2016,83.049615,NA,NA,NA
IT,Total,2017,82.750139,NA,NA,NA
IT,Total,2018,83.192943,NA,NA,NA
IT,Total,2019,83.351391,NA,NA,NA
IT,Total,2020,82.194137,83.435646,83.488953,83.483595
IT,Total,2021,82.553914,83.593235,83.626516,83.614673
IT,Total,2022,82.703874,83.693206,83.764078,83.744603
IT,Total,2023,83.41682,83.791648,83.90164,83.873393
IT,Total,2024,83.747427,83.888594,84.039203,84.00105
JP,Male,2000,77.687184,NA,NA,NA
JP,Male,2001,78.020836,NA,NA,NA
JP,Male,2002,78.285973,NA,NA,NA
JP,Male,2003,78.33067,NA,NA,NA
JP,Male,2004,78.608964,NA,NA,NA
JP,Male,2005,78.498102,NA,NA,NA
JP,Male,2006,78.921524,NA,NA,NA
JP,Male,2007,79.107179,NA,NA,NA
JP,Male,2008,79.211608,NA,NA,NA
JP,Male,2009,79.516441,NA,NA,NA
JP,Male,2010,79.511362,NA,NA,NA
JP,Male,2011,79.408136,NA,NA,NA
JP,Male,2012,79.906067,NA,NA,NA
JP,Male,2013,80.17929,NA,NA,NA
JP,Male,2014,80.452185,NA,NA,NA
JP,Male,2015,80.728452,NA,NA,NA
JP,Male,2016,80.931406,NA,NA,NA
JP,Male,2017,81.062254,NA,NA,NA
JP,Male,2018,81.223279,NA,NA,NA
JP,Male,2019,81.371536,NA,NA,NA
JP,Male,2020,81.588715,81.58767,81.56545,81.54919
JP,Male,2021,81.489402,81.777178,81.759363,81.725296
JP,Male,2022,81.057496,81.97712,81.953276,81.899823
JP,Male,2023,81.108078,82.183599,82.147189,82.072777
JP,Male,2024,81.117356,82.37578,82.341103,82.244166
JP,Female,2000,84.567304,NA,NA,NA
JP,Female,2001,84.896593,NA,NA,NA
JP,Female,2002,85.200409,NA,NA,NA
JP,Female,2003,85.303272,NA,NA,NA
JP,Female,2004,85.530783,NA,NA,NA
JP,Female,2005,85.46978,NA,NA,NA
JP,Female,2006,85.753658,NA,NA,NA
JP,Female,2007,85.93529,NA,NA,NA
JP,Female,2008,85.99414,NA,NA,NA
JP,Female,2009,86.383861,NA,NA,NA
JP,Female,2010,86.284563,NA,NA,NA
JP,Female,2011,85.904673,NA,NA,NA
JP,Female,2012,86.403056,NA,NA,NA
JP,Female,2013,86.5964,NA,NA,NA
JP,Female,2014,86.824514,NA,NA,NA
JP,Female,2015,87.023049,NA,NA,NA
JP,Female,2016,87.165567,NA,NA,NA
JP,Female,2017,87.294757,NA,NA,NA
JP,Female,2018,87.371931,NA,NA,NA
JP,Female,2019,87.493308,NA,NA,NA
JP,Female,2020,87.804353,87.662907,87.647308,87.634826
JP,Female,2021,87.661318,87.804152,87.801308,87.775107
JP,Female,2022,87.154937,87.9472,87.955308,87.914128
JP,Female,2023,87.224825,88.101265,88.109309,88.051889
JP,Female,2024,87.214143000000007,88.234575,88.263309,88.188391
JP,Total,2000,81.215107,NA,NA,NA
JP,Total,2001,81.552323,NA,NA,NA
JP,Total,2002,81.840647,NA,NA,NA
JP,Total,2003,81.906525,NA,NA,NA
JP,Total,2004,82.163355,NA,NA,NA
JP,Total,2005,82.062216,NA,NA,NA
JP,Total,2006,82.427419,NA,NA,NA
JP,Total,2007,82.60825,NA,NA,NA
JP,Total,2008,82.684648,NA,NA,NA
JP,Total,2009,83.034416,NA,NA,NA
JP,Total,2010,82.971509,NA,NA,NA
JP,Total,2011,82.727932,NA,NA,NA
JP,Total,2012,83.224632,NA,NA,NA
JP,Total,2013,83.457996,NA,NA,NA
JP,Total,2014,83.711291,NA,NA,NA
JP,Total,2015,83.947334,NA,NA,NA
JP,Total,2016,84.117206,NA,NA,NA
JP,Total,2017,84.238906,NA,NA,NA
JP,Total,2018,84.358016,NA,NA,NA
JP,Total,2019,84.487665,NA,NA,NA
JP,Total,2020,84.75103,84.677612,84.659904,84.64637
JP,Total,2021,84.614807,84.840309,84.832144,84.803763
JP,Total,2022,84.119124,85.011017,85.004384,84.959834
JP,Total,2023,84.176171,85.191898,85.176624,85.114589
JP,Total,2024,84.16792,85.355515,85.348864,85.268032
LT,Male,2000,66.751846,NA,NA,NA
LT,Male,2001,65.925849,NA,NA,NA
LT,Male,2002,66.191866,NA,NA,NA
LT,Male,2003,66.400224,NA,NA,NA
LT,Male,2004,66.283861,NA,NA,NA
LT,Male,2005,65.203565,NA,NA,NA
LT,Male,2006,65.050863,NA,NA,NA
LT,Male,2007,64.511204,NA,NA,NA
LT,Male,2008,65.926229,NA,NA,NA
LT,Male,2009,67.127862,NA,NA,NA
LT,Male,2010,67.539062,NA,NA,NA
LT,Male,2011,68.047812,NA,NA,NA
LT,Male,2012,68.403754,NA,NA,NA
LT,Male,2013,68.569241,NA,NA,NA
LT,Male,2014,69.181315,NA,NA,NA
LT,Male,2015,69.260377,NA,NA,NA
LT,Male,2016,69.623935,NA,NA,NA
LT,Male,2017,70.884549,NA,NA,NA
LT,Male,2018,71.088993,NA,NA,NA
LT,Male,2019,71.692387,NA,NA,NA
LT,Male,2020,70.277989,71.942689,71.952416,71.908796
LT,Male,2021,69.618398,72.319789,72.212444,72.123524
LT,Male,2022,71.392471,72.689583,72.472473,72.33485
LT,Male,2023,72.903307,73.013206,72.732501,72.542856
LT,Male,2024,73.036199,73.362965,72.99253,72.747618
LT,Female,2000,77.366697,NA,NA,NA
LT,Female,2001,77.48261,NA,NA,NA
LT,Female,2002,77.456307,NA,NA,NA
LT,Female,2003,77.701061,NA,NA,NA
LT,Female,2004,77.709359,NA,NA,NA
LT,Female,2005,77.464504,NA,NA,NA
LT,Female,2006,77.020637,NA,NA,NA
LT,Female,2007,77.161784,NA,NA,NA
LT,Female,2008,77.5066,NA,NA,NA
LT,Female,2009,78.5085,NA,NA,NA
LT,Female,2010,78.734567,NA,NA,NA
LT,Female,2011,79.046692,NA,NA,NA
LT,Female,2012,79.379495,NA,NA,NA
LT,Female,2013,79.342312,NA,NA,NA
LT,Female,2014,79.854946,NA,NA,NA
LT,Female,2015,79.605722,NA,NA,NA
LT,Female,2016,79.962324,NA,NA,NA
LT,Female,2017,80.343284,NA,NA,NA
LT,Female,2018,80.592189,NA,NA,NA
LT,Female,2019,81.018921,NA,NA,NA
LT,Female,2020,80.057288,81.210438,81.211144,81.184843
LT,Female,2021,78.881837,81.442305,81.403366,81.35004
LT,Female,2022,80.095208,81.67561,81.595588,81.513308
LT,Female,2023,81.694453,81.928233,81.787811,81.674699
LT,Female,2024,81.643818,82.160201,81.980033,81.834261
LT,Total,2000,72.149949,NA,NA,NA
LT,Total,2001,71.719941,NA,NA,NA
LT,Total,2002,71.847899,NA,NA,NA
LT,Total,2003,72.079495,NA,NA,NA
LT,Total,2004,72.000949,NA,NA,NA
LT,Total,2005,71.242653,NA,NA,NA
LT,Total,2006,70.943443,NA,NA,NA
LT,Total,2007,70.687342,NA,NA,NA
LT,Total,2008,71.688963,NA,NA,NA
LT,Total,2009,72.84616,NA,NA,NA
LT,Total,2010,73.177491,NA,NA,NA
LT,Total,2011,73.613637,NA,NA,NA
LT,Total,2012,73.959845,NA,NA,NA
LT,Total,2013,74.03394,NA,NA,NA
LT,Total,2014,74.617691,NA,NA,NA
LT,Total,2015,74.528787,NA,NA,NA
LT,Total,2016,74.894758,NA,NA,NA
LT,Total,2017,75.77572,NA,NA,NA
LT,Total,2018,75.996418,NA,NA,NA
LT,Total,2019,76.519694,NA,NA,NA
LT,Total,2020,75.232805,76.732517,76.749681,76.716148
LT,Total,2021,74.28797,77.035667,76.979668,76.910638
LT,Total,2022,75.85494,77.339502,77.209654,77.102486
LT,Total,2023,77.445238,77.612021,77.439641,77.291755
LT,Total,2024,77.469631,77.888834,77.669627,77.478508
LU,Male,2000,74.361179,NA,NA,NA
LU,Male,2001,74.933656,NA,NA,NA
LU,Male,2002,74.608988,NA,NA,NA
LU,Male,2003,74.657828,NA,NA,NA
LU,Male,2004,76.009455,NA,NA,NA
LU,Male,2005,76.779689,NA,NA,NA
LU,Male,2006,76.84724,NA,NA,NA
LU,Male,2007,76.717506,NA,NA,NA
LU,Male,2008,78.127264,NA,NA,NA
LU,Male,2009,78.240815,NA,NA,NA
LU,Male,2010,77.916436,NA,NA,NA
LU,Male,2011,78.305561,NA,NA,NA
LU,Male,2012,78.803371,NA,NA,NA
LU,Male,2013,79.307303,NA,NA,NA
LU,Male,2014,79.109831,NA,NA,NA
LU,Male,2015,79.67612,NA,NA,NA
LU,Male,2016,79.69391,NA,NA,NA
LU,Male,2017,79.489548,NA,NA,NA
LU,Male,2018,79.68276,NA,NA,NA
LU,Male,2019,79.92112,NA,NA,NA
LU,Male,2020,79.644888,80.335013,80.213748,80.156025
LU,Male,2021,80.314334,80.499906,80.506377,80.404604
LU,Male,2022,80.450098,80.667961,80.799005,80.649825
LU,Male,2023,81.445357,80.810279,81.091633,80.891747
LU,Male,2024,80.515454,80.946507,81.384262,81.130423
LU,Female,2000,80.902718,NA,NA,NA
LU,Female,2001,80.571547,NA,NA,NA
LU,Female,2002,81.178284,NA,NA,NA
LU,Female,2003,80.787331,NA,NA,NA
LU,Female,2004,82.211223,NA,NA,NA
LU,Female,2005,82.143045,NA,NA,NA
LU,Female,2006,81.802239,NA,NA,NA
LU,Female,2007,82.095504,NA,NA,NA
LU,Female,2008,82.852222,NA,NA,NA
LU,Female,2009,82.982335,NA,NA,NA
LU,Female,2010,83.226285,NA,NA,NA
LU,Female,2011,83.119267,NA,NA,NA
LU,Female,2012,83.455613,NA,NA,NA
LU,Female,2013,83.419825,NA,NA,NA
LU,Female,2014,84.506111,NA,NA,NA
LU,Female,2015,84.332773,NA,NA,NA
LU,Female,2016,84.797713,NA,NA,NA
LU,Female,2017,84.039298,NA,NA,NA
LU,Female,2018,84.214829,NA,NA,NA
LU,Female,2019,84.717526,NA,NA,NA
LU,Female,2020,84.319512,84.843818,84.918306,84.886006
LU,Female,2021,84.624643,85.036196,85.119085,85.062932
LU,Female,2022,85.092632,85.152605,85.319865,85.237932
LU,Female,2023,84.682022,85.235287,85.520644,85.411038
LU,Female,2024,85.67607,85.411691,85.721423,85.58228
LU,Total,2000,77.697967,NA,NA,NA
LU,Total,2001,77.831006,NA,NA,NA
LU,Total,2002,77.932273,NA,NA,NA
LU,Total,2003,77.752861,NA,NA,NA
LU,Total,2004,79.179514,NA,NA,NA
LU,Total,2005,79.530021,NA,NA,NA
LU,Total,2006,79.356503,NA,NA,NA
LU,Total,2007,79.468983,NA,NA,NA
LU,Total,2008,80.570979,NA,NA,NA
LU,Total,2009,80.70522,NA,NA,NA
LU,Total,2010,80.615927,NA,NA,NA
LU,Total,2011,80.75629,NA,NA,NA
LU,Total,2012,81.142234,NA,NA,NA
LU,Total,2013,81.377973,NA,NA,NA
LU,Total,2014,81.822809,NA,NA,NA
LU,Total,2015,82.018134,NA,NA,NA
LU,Total,2016,82.242966,NA,NA,NA
LU,Total,2017,81.773864,NA,NA,NA
LU,Total,2018,81.947024,NA,NA,NA
LU,Total,2019,82.305963,NA,NA,NA
LU,Total,2020,81.951091,82.598259,82.548489,82.510341
LU,Total,2021,82.450859,82.771577,82.791015,82.718521
LU,Total,2022,82.755413,82.910115,83.033541,82.924042
LU,Total,2023,83.049494,83.019669,83.276067,83.126955
LU,Total,2024,83.062026,83.167026,83.518593,83.327308
LV,Male,2000,64.48968,NA,NA,NA
LV,Male,2001,64.233497,NA,NA,NA
LV,Male,2002,64.392495,NA,NA,NA
LV,Male,2003,65.318932,NA,NA,NA
LV,Male,2004,65.57663,NA,NA,NA
LV,Male,2005,64.897913,NA,NA,NA
LV,Male,2006,64.919902,NA,NA,NA
LV,Male,2007,65.280485,NA,NA,NA
LV,Male,2008,66.437194,NA,NA,NA
LV,Male,2009,67.465356,NA,NA,NA
LV,Male,2010,67.860991,NA,NA,NA
LV,Male,2011,68.497474,NA,NA,NA
LV,Male,2012,68.803722,NA,NA,NA
LV,Male,2013,69.209841,NA,NA,NA
LV,Male,2014,69.017382,NA,NA,NA
LV,Male,2015,69.631717,NA,NA,NA
LV,Male,2016,69.744261,NA,NA,NA
LV,Male,2017,69.78502,NA,NA,NA
LV,Male,2018,70.012675,NA,NA,NA
LV,Male,2019,70.873813,NA,NA,NA
LV,Male,2020,70.572133,71.000457,71.20982,71.148941
LV,Male,2021,68.222637,71.325851,71.545827,71.423849
LV,Male,2022,69.479483,71.623481,71.881834,71.69442
LV,Male,2023,70.450593,71.906202,72.217841,71.96078
LV,Male,2024,71.394596,72.221154,72.553848,72.223053
LV,Female,2000,75.661694,NA,NA,NA
LV,Female,2001,75.402097,NA,NA,NA
LV,Female,2002,75.838423,NA,NA,NA
LV,Female,2003,75.672077,NA,NA,NA
LV,Female,2004,76.012546,NA,NA,NA
LV,Female,2005,76.258882,NA,NA,NA
LV,Female,2006,76.051201,NA,NA,NA
LV,Female,2007,76.195241,NA,NA,NA
LV,Female,2008,77.353881,NA,NA,NA
LV,Female,2009,77.556603,NA,NA,NA
LV,Female,2010,77.835602,NA,NA,NA
LV,Female,2011,78.478284,NA,NA,NA
LV,Female,2012,78.644112,NA,NA,NA
LV,Female,2013,78.666582,NA,NA,NA
LV,Female,2014,79.207567,NA,NA,NA
LV,Female,2015,79.291137,NA,NA,NA
LV,Female,2016,79.378642,NA,NA,NA
LV,Female,2017,79.547533,NA,NA,NA
LV,Female,2018,79.586411,NA,NA,NA
LV,Female,2019,80.007454,NA,NA,NA
LV,Female,2020,79.921867,80.282123,80.236178,80.210078
LV,Female,2021,78.042839,80.502892,80.464902,80.412487
LV,Female,2022,79.400296,80.73043,80.693626,80.612807
LV,Female,2023,80.500682,80.961328,80.92235,80.811068
LV,Female,2024,81.249247,81.17639,81.151074,81.007299
LV,Total,2000,70.135076,NA,NA,NA
LV,Total,2001,69.867417,NA,NA,NA
LV,Total,2002,70.155435,NA,NA,NA
LV,Total,2003,70.608333,NA,NA,NA
LV,Total,2004,70.904151,NA,NA,NA
LV,Total,2005,70.603979,NA,NA,NA
LV,Total,2006,70.510884,NA,NA,NA
LV,Total,2007,70.775555,NA,NA,NA
LV,Total,2008,71.990268,NA,NA,NA
LV,Total,2009,72.668562,NA,NA,NA
LV,Total,2010,73.014491,NA,NA,NA
LV,Total,2011,73.681263,NA,NA,NA
LV,Total,2012,73.907048,NA,NA,NA
LV,Total,2013,74.132849,NA,NA,NA
LV,Total,2014,74.267851,NA,NA,NA
LV,Total,2015,74.629051,NA,NA,NA
LV,Total,2016,74.734585,NA,NA,NA
LV,Total,2017,74.823243,NA,NA,NA
LV,Total,2018,74.953662,NA,NA,NA
LV,Total,2019,75.633717,NA,NA,NA
LV,Total,2020,75.399029,75.815855,75.923119,75.881649
LV,Total,2021,73.138889,76.090932,76.212521,76.12749
LV,Total,2022,74.496275,76.361396,76.501923,76.370157
LV,Total,2023,75.565575,76.621133,76.791326,76.60973
LV,Total,2024,76.441243,76.881943,77.080728,76.846287
NL,Male,2000,75.538303,NA,NA,NA
NL,Male,2001,75.807605,NA,NA,NA
NL,Male,2002,75.988527,NA,NA,NA
NL,Male,2003,76.235282,NA,NA,NA
NL,Male,2004,76.869279,NA,NA,NA
NL,Male,2005,77.195803,NA,NA,NA
NL,Male,2006,77.628417,NA,NA,NA
NL,Male,2007,78.011886,NA,NA,NA
NL,Male,2008,78.319322,NA,NA,NA
NL,Male,2009,78.526426,NA,NA,NA
NL,Male,2010,78.782467,NA,NA,NA
NL,Male,2011,79.194919,NA,NA,NA
NL,Male,2012,79.149373,NA,NA,NA
NL,Male,2013,79.419087,NA,NA,NA
NL,Male,2014,79.87909,NA,NA,NA
NL,Male,2015,79.744953,NA,NA,NA
NL,Male,2016,79.881259,NA,NA,NA
NL,Male,2017,80.06819,NA,NA,NA
NL,Male,2018,80.167511,NA,NA,NA
NL,Male,2019,80.467639,NA,NA,NA
NL,Male,2020,79.67785,80.622095,80.727078,80.705726
NL,Male,2021,79.695233,80.785219,80.986517,80.941801
NL,Male,2022,80.122066,80.966807,81.245956,81.175502
NL,Male,2023,80.318662,81.160605,81.505394,81.406808
NL,Male,2024,80.545352,81.333004,81.764833,81.635697
NL,Female,2000,80.571652,NA,NA,NA
NL,Female,2001,80.70584,NA,NA,NA
NL,Female,2002,80.67657,NA,NA,NA
NL,Female,2003,80.93193,NA,NA,NA
NL,Female,2004,81.42457,NA,NA,NA
NL,Female,2005,81.603547,NA,NA,NA
NL,Female,2006,81.889678,NA,NA,NA
NL,Female,2007,82.304826,NA,NA,NA
NL,Female,2008,82.270722,NA,NA,NA
NL,Female,2009,82.631787,NA,NA,NA
NL,Female,2010,82.718971,NA,NA,NA
NL,Female,2011,82.855728,NA,NA,NA
NL,Female,2012,82.820924,NA,NA,NA
NL,Female,2013,83.050697,NA,NA,NA
NL,Female,2014,83.29591,NA,NA,NA
NL,Female,2015,83.135575,NA,NA,NA
NL,Female,2016,83.129191,NA,NA,NA
NL,Female,2017,83.327562,NA,NA,NA
NL,Female,2018,83.34033,NA,NA,NA
NL,Female,2019,83.573361,NA,NA,NA
NL,Female,2020,83.083895,83.611455,83.731345,83.719372
NL,Female,2021,83.000194,83.694901,83.88933,83.864439
NL,Female,2022,83.117089000000007,83.779203999999993,84.047315,84.008381
NL,Female,2023,83.349295,83.869984,84.2053,84.151202
NL,Female,2024,83.354526,83.947526,84.363284,84.292909
NL,Total,2000,78.136972,NA,NA,NA
NL,Total,2001,78.34077,NA,NA,NA
NL,Total,2002,78.415779,NA,NA,NA
NL,Total,2003,78.665287,NA,NA,NA
NL,Total,2004,79.236032,NA,NA,NA
NL,Total,2005,79.493004,NA,NA,NA
NL,Total,2006,79.851904,NA,NA,NA
NL,Total,2007,80.254461,NA,NA,NA
NL,Total,2008,80.388954,NA,NA,NA
NL,Total,2009,80.663793,NA,NA,NA
NL,Total,2010,80.832822,NA,NA,NA
NL,Total,2011,81.111549,NA,NA,NA
NL,Total,2012,81.060281,NA,NA,NA
NL,Total,2013,81.303118,NA,NA,NA
NL,Total,2014,81.658934,NA,NA,NA
NL,Total,2015,81.497165,NA,NA,NA
NL,Total,2016,81.558402,NA,NA,NA
NL,Total,2017,81.743862,NA,NA,NA
NL,Total,2018,81.795431,NA,NA,NA
NL,Total,2019,82.06409,NA,NA,NA
NL,Total,2020,81.39837,82.155535,82.270781,82.252803
NL,Total,2021,81.364872,82.276898,82.477471,82.439829
NL,Total,2022,81.642919,82.408217,82.684161,82.625058
NL,Total,2023,81.855614,82.549144,82.890852,82.808492
NL,Total,2024,81.974321,82.672356,83.097542,82.990132
NO,Male,2000,75.947192,NA,NA,NA
NO,Male,2001,76.190754,NA,NA,NA
NO,Male,2002,76.393716,NA,NA,NA
NO,Male,2003,77.029485,NA,NA,NA
NO,Male,2004,77.493166,NA,NA,NA
NO,Male,2005,77.725369,NA,NA,NA
NO,Male,2006,78.105368,NA,NA,NA
NO,Male,2007,78.21711,NA,NA,NA
NO,Male,2008,78.301666,NA,NA,NA
NO,Male,2009,78.58793,NA,NA,NA
NO,Male,2010,78.829425,NA,NA,NA
NO,Male,2011,78.987538,NA,NA,NA
NO,Male,2012,79.406808,NA,NA,NA
NO,Male,2013,79.640975,NA,NA,NA
NO,Male,2014,80.019651,NA,NA,NA
NO,Male,2015,80.351961,NA,NA,NA
NO,Male,2016,80.611738,NA,NA,NA
NO,Male,2017,80.902071,NA,NA,NA
NO,Male,2018,80.986689,NA,NA,NA
NO,Male,2019,81.180321,NA,NA,NA
NO,Male,2020,81.471662,81.500114,81.455749,81.427802
NO,Male,2021,81.581915,81.753918,81.731177,81.67365
NO,Male,2022,80.906722,81.9953,82.006604,81.916762
NO,Male,2023,81.3883,82.229327,82.282032,82.157137
NO,Male,2024,81.570121,82.466138,82.55746,82.394775
NO,Female,2000,81.371582,NA,NA,NA
NO,Female,2001,81.509387,NA,NA,NA
NO,Female,2002,81.451085,NA,NA,NA
NO,Female,2003,81.92053,NA,NA,NA
NO,Female,2004,82.330132,NA,NA,NA
NO,Female,2005,82.508981,NA,NA,NA
NO,Female,2006,82.662945,NA,NA,NA
NO,Female,2007,82.671053,NA,NA,NA
NO,Female,2008,82.93594,NA,NA,NA
NO,Female,2009,83.043143,NA,NA,NA
NO,Female,2010,83.141435,NA,NA,NA
NO,Female,2011,83.445892,NA,NA,NA
NO,Female,2012,83.409189,NA,NA,NA
NO,Female,2013,83.601887,NA,NA,NA
NO,Female,2014,84.100837,NA,NA,NA
NO,Female,2015,84.147744,NA,NA,NA
NO,Female,2016,84.162308,NA,NA,NA
NO,Female,2017,84.282603,NA,NA,NA
NO,Female,2018,84.499755,NA,NA,NA
NO,Female,2019,84.692747,NA,NA,NA
NO,Female,2020,84.894863,84.866623,84.867546,84.852855
NO,Female,2021,84.731062,85.034427,85.042344,85.012289
NO,Female,2022,84.344892,85.178049,85.217142,85.17043
NO,Female,2023,84.629725,85.32508,85.39194,85.327292
NO,Female,2024,84.802123,85.464662,85.566738,85.482883
NO,Total,2000,78.687684,NA,NA,NA
NO,Total,2001,78.881468,NA,NA,NA
NO,Total,2002,78.95525,NA,NA,NA
NO,Total,2003,79.522912,NA,NA,NA
NO,Total,2004,79.963705,NA,NA,NA
NO,Total,2005,80.171401,NA,NA,NA
NO,Total,2006,80.433976,NA,NA,NA
NO,Total,2007,80.492166,NA,NA,NA
NO,Total,2008,80.659449,NA,NA,NA
NO,Total,2009,80.852492,NA,NA,NA
NO,Total,2010,81.023512,NA,NA,NA
NO,Total,2011,81.242049,NA,NA,NA
NO,Total,2012,81.437673,NA,NA,NA
NO,Total,2013,81.649424,NA,NA,NA
NO,Total,2014,82.087032,NA,NA,NA
NO,Total,2015,82.27786,NA,NA,NA
NO,Total,2016,82.417634,NA,NA,NA
NO,Total,2017,82.623212,NA,NA,NA
NO,Total,2018,82.761673,NA,NA,NA
NO,Total,2019,82.954239,NA,NA,NA
NO,Total,2020,83.199916,83.201704,83.178795,83.156824
NO,Total,2021,83.169017,83.410851,83.40335,83.357717
NO,Total,2022,82.620013,83.603853,83.627906,83.556559
NO,Total,2023,83.013478,83.795331,83.852461,83.753363
NO,Total,2024,83.188048,83.983185,84.077017,83.948144
PL,Male,2000,69.524222,NA,NA,NA
PL,Male,2001,70.044355,NA,NA,NA
PL,Male,2002,70.362344,NA,NA,NA
PL,Male,2003,70.576164,NA,NA,NA
PL,Male,2004,70.704901,NA,NA,NA
PL,Male,2005,70.846339,NA,NA,NA
PL,Male,2006,71.000739,NA,NA,NA
PL,Male,2007,71.037902,NA,NA,NA
PL,Male,2008,71.344346,NA,NA,NA
PL,Male,2009,71.620671,NA,NA,NA
PL,Male,2010,72.154376,NA,NA,NA
PL,Male,2011,72.526617,NA,NA,NA
PL,Male,2012,72.6193,NA,NA,NA
PL,Male,2013,72.959938,NA,NA,NA
PL,Male,2014,73.619119,NA,NA,NA
PL,Male,2015,73.430836,NA,NA,NA
PL,Male,2016,73.781704,NA,NA,NA
PL,Male,2017,73.788981,NA,NA,NA
PL,Male,2018,73.661227,NA,NA,NA
PL,Male,2019,73.979972,NA,NA,NA
PL,Male,2020,72.47294,74.153499,74.214485,74.201128
PL,Male,2021,71.637279,74.358484,74.448998,74.421269
PL,Male,2022,73.418512,74.559068,74.683511,74.640245
PL,Male,2023,74.665102,74.721347,74.918024,74.858071
PL,Male,2024,75.044428,74.905407,75.152537,75.074758
PL,Female,2000,77.936521,NA,NA,NA
PL,Female,2001,78.365671,NA,NA,NA
PL,Female,2002,78.767709,NA,NA,NA
PL,Female,2003,78.893744,NA,NA,NA
PL,Female,2004,79.231962,NA,NA,NA
PL,Female,2005,79.328285,NA,NA,NA
PL,Female,2006,79.576412,NA,NA,NA
PL,Female,2007,79.673589,NA,NA,NA
PL,Female,2008,79.892478,NA,NA,NA
PL,Female,2009,79.981942,NA,NA,NA
PL,Female,2010,80.476169,NA,NA,NA
PL,Female,2011,80.805305,NA,NA,NA
PL,Female,2012,80.81097,NA,NA,NA
PL,Female,2013,80.936713,NA,NA,NA
PL,Female,2014,81.405908,NA,NA,NA
PL,Female,2015,81.294123,NA,NA,NA
PL,Female,2016,81.70387,NA,NA,NA
PL,Female,2017,81.51685,NA,NA,NA
PL,Female,2018,81.445133,NA,NA,NA
PL,Female,2019,81.687535,NA,NA,NA
PL,Female,2020,80.618396,81.813965,81.884957,81.873448
PL,Female,2021,79.601231,81.939383,82.082378,82.058403
PL,Female,2022,81.093331,82.081916,82.2798,82.242305
PL,Female,2023,82.038547,82.193215,82.477222,82.425165
PL,Female,2024,82.411437,82.316981,82.674644,82.606993
PL,Total,2000,73.736084,NA,NA,NA
PL,Total,2001,74.224635,NA,NA,NA
PL,Total,2002,74.587216,NA,NA,NA
PL,Total,2003,74.75974,NA,NA,NA
PL,Total,2004,74.984427,NA,NA,NA
PL,Total,2005,75.100668,NA,NA,NA
PL,Total,2006,75.298061,NA,NA,NA
PL,Total,2007,75.358051,NA,NA,NA
PL,Total,2008,75.627888,NA,NA,NA
PL,Total,2009,75.832228,NA,NA,NA
PL,Total,2010,76.350703,NA,NA,NA
PL,Total,2011,76.687817,NA,NA,NA
PL,Total,2012,76.729585,NA,NA,NA
PL,Total,2013,76.970057,NA,NA,NA
PL,Total,2014,77.555084,NA,NA,NA
PL,Total,2015,77.383746,NA,NA,NA
PL,Total,2016,77.765845,NA,NA,NA
PL,Total,2017,77.671507,NA,NA,NA
PL,Total,2018,77.557242,NA,NA,NA
PL,Total,2019,77.841194,NA,NA,NA
PL,Total,2020,76.481584,77.994035,78.057252,78.045176
PL,Total,2021,75.535536,78.165997,78.273311,78.24814
PL,Total,2022,77.236957,78.340305,78.489369,78.450039
PL,Total,2023,78.371403,78.473709,78.705428,78.650888
PL,Total,2024,78.747203,78.625087,78.921486,78.8507
PT,Male,2000,73.261001,NA,NA,NA
PT,Male,2001,73.593229,NA,NA,NA
PT,Male,2002,73.878061,NA,NA,NA
PT,Male,2003,74.236106,NA,NA,NA
PT,Male,2004,74.9629,NA,NA,NA
PT,Male,2005,74.911864,NA,NA,NA
PT,Male,2006,75.510811,NA,NA,NA
PT,Male,2007,75.943874,NA,NA,NA
PT,Male,2008,76.297503,NA,NA,NA
PT,Male,2009,76.584798,NA,NA,NA
PT,Male,2010,76.860667,NA,NA,NA
PT,Male,2011,77.311599,NA,NA,NA
PT,Male,2012,77.382659,NA,NA,NA
PT,Male,2013,77.662288,NA,NA,NA
PT,Male,2014,78.106962,NA,NA,NA
PT,Male,2015,78.229102,NA,NA,NA
PT,Male,2016,78.255074,NA,NA,NA
PT,Male,2017,78.6193,NA,NA,NA
PT,Male,2018,78.547353,NA,NA,NA
PT,Male,2019,78.97705,NA,NA,NA
PT,Male,2020,78.398714,79.229559,79.277894,79.233001
PT,Male,2021,78.420911,79.447013,79.578739,79.485988
PT,Male,2022,78.817898,79.660369,79.879583,79.735674
PT,Male,2023,79.373308,79.897493,80.180428,79.982165
PT,Male,2024,79.735241,80.1112,80.481273,80.22556
PT,Female,2000,80.368663,NA,NA,NA
PT,Female,2001,80.689261,NA,NA,NA
PT,Female,2002,80.844607,NA,NA,NA
PT,Female,2003,80.873613,NA,NA,NA
PT,Female,2004,81.834656,NA,NA,NA
PT,Female,2005,81.656041,NA,NA,NA
PT,Female,2006,82.58082,NA,NA,NA
PT,Female,2007,82.582446,NA,NA,NA
PT,Female,2008,82.803363,NA,NA,NA
PT,Female,2009,82.963492,NA,NA,NA
PT,Female,2010,83.238802,NA,NA,NA
PT,Female,2011,83.719749,NA,NA,NA
PT,Female,2012,83.593649,NA,NA,NA
PT,Female,2013,84.009404,NA,NA,NA
PT,Female,2014,84.384965,NA,NA,NA
PT,Female,2015,84.280327,NA,NA,NA
PT,Female,2016,84.346635,NA,NA,NA
PT,Female,2017,84.590712,NA,NA,NA
PT,Female,2018,84.516147,NA,NA,NA
PT,Female,2019,84.799993,NA,NA,NA
PT,Female,2020,84.238506,85.049002,85.03322,85.009594
PT,Female,2021,84.301364,85.217666,85.266448,85.217321
PT,Female,2022,84.453779,85.408279,85.499676,85.422863
PT,Female,2023,85.058311,85.611998,85.732904,85.626239
PT,Female,2024,85.257112,85.773005,85.966132,85.827466
PT,Total,2000,76.832877,NA,NA,NA
PT,Total,2001,77.162484,NA,NA,NA
PT,Total,2002,77.388229,NA,NA,NA
PT,Total,2003,77.594301,NA,NA,NA
PT,Total,2004,78.448789,NA,NA,NA
PT,Total,2005,78.331569,NA,NA,NA
PT,Total,2006,79.09647,NA,NA,NA
PT,Total,2007,79.330675,NA,NA,NA
PT,Total,2008,79.624553,NA,NA,NA
PT,Total,2009,79.854965000000007,NA,NA,NA
PT,Total,2010,80.130847,NA,NA,NA
PT,Total,2011,80.604509,NA,NA,NA
PT,Total,2012,80.57503,NA,NA,NA
PT,Total,2013,80.923768,NA,NA,NA
PT,Total,2014,81.343344,NA,NA,NA
PT,Total,2015,81.350106,NA,NA,NA
PT,Total,2016,81.391395,NA,NA,NA
PT,Total,2017,81.702633,NA,NA,NA
PT,Total,2018,81.622705,NA,NA,NA
PT,Total,2019,81.980202,NA,NA,NA
PT,Total,2020,81.386889,82.223419,82.251113,82.21653
PT,Total,2021,81.420671,82.411029,82.522025,82.450151
PT,Total,2022,81.698774,82.608354,82.792937,82.680944
PT,Total,2023,82.283556,82.82734,83.063849,82.908969
PT,Total,2024,82.566651,83.01357,83.334761,83.134281
SE,Male,2000,77.380508,NA,NA,NA
SE,Male,2001,77.538535,NA,NA,NA
SE,Male,2002,77.710313,NA,NA,NA
SE,Male,2003,77.897542,NA,NA,NA
SE,Male,2004,78.354717,NA,NA,NA
SE,Male,2005,78.426617,NA,NA,NA
SE,Male,2006,78.696639,NA,NA,NA
SE,Male,2007,78.930905,NA,NA,NA
SE,Male,2008,79.09941,NA,NA,NA
SE,Male,2009,79.336251,NA,NA,NA
SE,Male,2010,79.516421,NA,NA,NA
SE,Male,2011,79.799875,NA,NA,NA
SE,Male,2012,79.868237,NA,NA,NA
SE,Male,2013,80.104096,NA,NA,NA
SE,Male,2014,80.358648,NA,NA,NA
SE,Male,2015,80.317067,NA,NA,NA
SE,Male,2016,80.567749,NA,NA,NA
SE,Male,2017,80.730945,NA,NA,NA
SE,Male,2018,80.806035,NA,NA,NA
SE,Male,2019,81.353459,NA,NA,NA
SE,Male,2020,80.606462,81.477335,81.562561,81.547245
SE,Male,2021,81.222005,81.671447,81.771664,81.739926
SE,Male,2022,81.370657,81.855358,81.980767,81.931078
SE,Male,2023,81.5865,82.044099,82.189869,82.120696
SE,Male,2024,82.292889,82.219347,82.398972,82.30878
SE,Female,2000,82.025053,NA,NA,NA
SE,Female,2001,82.06213,NA,NA,NA
SE,Female,2002,82.092168,NA,NA,NA
SE,Female,2003,82.418941,NA,NA,NA
SE,Female,2004,82.676522,NA,NA,NA
SE,Female,2005,82.766492,NA,NA,NA
SE,Female,2006,82.90666,NA,NA,NA
SE,Female,2007,82.950498,NA,NA,NA
SE,Female,2008,83.128209,NA,NA,NA
SE,Female,2009,83.339044,NA,NA,NA
SE,Female,2010,83.496717,NA,NA,NA
SE,Female,2011,83.679097,NA,NA,NA
SE,Female,2012,83.54446,NA,NA,NA
SE,Female,2013,83.715369,NA,NA,NA
SE,Female,2014,84.068701,NA,NA,NA
SE,Female,2015,84.034121,NA,NA,NA
SE,Female,2016,84.098126,NA,NA,NA
SE,Female,2017,84.122373,NA,NA,NA
SE,Female,2018,84.271629,NA,NA,NA
SE,Female,2019,84.749114,NA,NA,NA
SE,Female,2020,84.315773,84.869249,84.892486,84.881619
SE,Female,2021,84.843055,85.006926000000007,85.035858,85.013492
SE,Female,2022,84.763717,85.153997,85.179229,85.144385
SE,Female,2023,84.926701,85.262605,85.322601,85.274306
SE,Female,2024,85.372944,85.395369,85.465973,85.403263
SE,Total,2000,79.743757,NA,NA,NA
SE,Total,2001,79.839304,NA,NA,NA
SE,Total,2002,79.938445,NA,NA,NA
SE,Total,2003,80.191462,NA,NA,NA
SE,Total,2004,80.557402,NA,NA,NA
SE,Total,2005,80.633678,NA,NA,NA
SE,Total,2006,80.838406,NA,NA,NA
SE,Total,2007,80.977149,NA,NA,NA
SE,Total,2008,81.146012,NA,NA,NA
SE,Total,2009,81.373084,NA,NA,NA
SE,Total,2010,81.535978,NA,NA,NA
SE,Total,2011,81.767212,NA,NA,NA
SE,Total,2012,81.735382,NA,NA,NA
SE,Total,2013,81.937965,NA,NA,NA
SE,Total,2014,82.237001,NA,NA,NA
SE,Total,2015,82.1922,NA,NA,NA
SE,Total,2016,82.349372,NA,NA,NA
SE,Total,2017,82.444219,NA,NA,NA
SE,Total,2018,82.549053,NA,NA,NA
SE,Total,2019,83.06547,NA,NA,NA
SE,Total,2020,82.447883,83.185511,83.240298,83.226805
SE,Total,2021,83.032247,83.351286,83.415125,83.387033
SE,Total,2022,83.068228,83.515502,83.589952,83.545986
SE,Total,2023,83.258609,83.663695,83.764779,83.703668
SE,Total,2024,83.843461,83.81596,83.939606,83.860089
SI,Male,2000,72.114453,NA,NA,NA
SI,Male,2001,72.1895,NA,NA,NA
SI,Male,2002,72.498572,NA,NA,NA
SI,Male,2003,72.454312,NA,NA,NA
SI,Male,2004,73.465829,NA,NA,NA
SI,Male,2005,73.871571,NA,NA,NA
SI,Male,2006,74.321376,NA,NA,NA
SI,Male,2007,74.547981,NA,NA,NA
SI,Male,2008,75.389334,NA,NA,NA
SI,Male,2009,75.730776,NA,NA,NA
SI,Male,2010,76.23409,NA,NA,NA
SI,Male,2011,76.554688,NA,NA,NA
SI,Male,2012,76.947585,NA,NA,NA
SI,Male,2013,76.948212,NA,NA,NA
SI,Male,2014,77.981891,NA,NA,NA
SI,Male,2015,77.605282,NA,NA,NA
SI,Male,2016,77.936236,NA,NA,NA
SI,Male,2017,78.062323,NA,NA,NA
SI,Male,2018,78.317356,NA,NA,NA
SI,Male,2019,78.497192,NA,NA,NA
SI,Male,2020,77.711339,78.778632,78.833125,78.78911
SI,Male,2021,77.664602,79.039956,79.169059,79.083104
SI,Male,2022,78.732539,79.295231,79.504992,79.373423
SI,Male,2023,79.184168,79.50522,79.840926,79.660087
SI,Male,2024,79.79682,79.739908,80.17686,79.943113
SI,Female,2000,79.73438,NA,NA,NA
SI,Female,2001,80.234539,NA,NA,NA
SI,Female,2002,80.451308,NA,NA,NA
SI,Female,2003,80.260593,NA,NA,NA
SI,Female,2004,80.732586,NA,NA,NA
SI,Female,2005,80.80729,NA,NA,NA
SI,Female,2006,81.768302,NA,NA,NA
SI,Female,2007,81.741822,NA,NA,NA
SI,Female,2008,82.222065,NA,NA,NA
SI,Female,2009,82.276681,NA,NA,NA
SI,Female,2010,82.612697,NA,NA,NA
SI,Female,2011,82.893416,NA,NA,NA
SI,Female,2012,82.896979,NA,NA,NA
SI,Female,2013,83.163308,NA,NA,NA
SI,Female,2014,83.721686,NA,NA,NA
SI,Female,2015,83.536466,NA,NA,NA
SI,Female,2016,83.909948,NA,NA,NA
SI,Female,2017,83.704531,NA,NA,NA
SI,Female,2018,83.998187,NA,NA,NA
SI,Female,2019,84.19588,NA,NA,NA
SI,Female,2020,83.074958,84.338501,84.430696,84.397668
SI,Female,2021,83.634222,84.497222,84.665512,84.59841
SI,Female,2022,83.907949,84.674736,84.900328,84.796339
SI,Female,2023,84.744296,84.816864,85.135143,84.991491
SI,Female,2024,84.88399,84.972703,85.369959,85.183898
SI,Total,2000,76.02002,NA,NA,NA
SI,Total,2001,76.279759,NA,NA,NA
SI,Total,2002,76.539919,NA,NA,NA
SI,Total,2003,76.411297,NA,NA,NA
SI,Total,2004,77.203956,NA,NA,NA
SI,Total,2005,77.433346,NA,NA,NA
SI,Total,2006,78.109244,NA,NA,NA
SI,Total,2007,78.208709,NA,NA,NA
SI,Total,2008,78.881158,NA,NA,NA
SI,Total,2009,79.063691,NA,NA,NA
SI,Total,2010,79.496121,NA,NA,NA
SI,Total,2011,79.799311,NA,NA,NA
SI,Total,2012,79.995883,NA,NA,NA
SI,Total,2013,80.102536,NA,NA,NA
SI,Total,2014,80.913361,NA,NA,NA
SI,Total,2015,80.607334,NA,NA,NA
SI,Total,2016,80.945301,NA,NA,NA
SI,Total,2017,80.927604,NA,NA,NA
SI,Total,2018,81.192765,NA,NA,NA
SI,Total,2019,81.340634,NA,NA,NA
SI,Total,2020,80.369686,81.563342,81.620666,81.583379
SI,Total,2021,80.602021,81.771057,81.900699,81.824048
SI,Total,2022,81.294395,81.983659,82.180731,82.061466
SI,Total,2023,81.945236,82.153793,82.460763,82.295674
SI,Total,2024,82.342207,82.344592,82.740796,82.52671
SK,Male,2000,68.997729,NA,NA,NA
SK,Male,2001,69.47561,NA,NA,NA
SK,Male,2002,69.787975,NA,NA,NA
SK,Male,2003,69.803418,NA,NA,NA
SK,Male,2004,70.309086,NA,NA,NA
SK,Male,2005,70.164032,NA,NA,NA
SK,Male,2006,70.379821,NA,NA,NA
SK,Male,2007,70.548229,NA,NA,NA
SK,Male,2008,70.76734,NA,NA,NA
SK,Male,2009,71.317114,NA,NA,NA
SK,Male,2010,71.669781,NA,NA,NA
SK,Male,2011,72.1927,NA,NA,NA
SK,Male,2012,72.405844,NA,NA,NA
SK,Male,2013,72.822741,NA,NA,NA
SK,Male,2014,73.167011,NA,NA,NA
SK,Male,2015,72.999389,NA,NA,NA
SK,Male,2016,73.649877,NA,NA,NA
SK,Male,2017,73.647647,NA,NA,NA
SK,Male,2018,73.71545,NA,NA,NA
SK,Male,2019,74.123757,NA,NA,NA
SK,Male,2020,73.429693,74.404912,74.393548,74.372274
SK,Male,2021,71.165625,74.636322,74.663339,74.621201
SK,Male,2022,73.477409,74.882103,74.93313,74.868183
SK,Male,2023,74.68195,75.145355,75.202921,75.113216
SK,Male,2024,75.033955,75.389717,75.472712,75.356294
SK,Female,2000,77.302431,NA,NA,NA
SK,Female,2001,77.654495,NA,NA,NA
SK,Female,2002,77.679984,NA,NA,NA
SK,Female,2003,77.774317,NA,NA,NA
SK,Female,2004,78.010918,NA,NA,NA
SK,Female,2005,78.050551,NA,NA,NA
SK,Female,2006,78.346519,NA,NA,NA
SK,Female,2007,78.314936,NA,NA,NA
SK,Female,2008,78.800357,NA,NA,NA
SK,Female,2009,78.910815,NA,NA,NA
SK,Female,2010,79.111713,NA,NA,NA
SK,Female,2011,79.598059,NA,NA,NA
SK,Female,2012,79.682279,NA,NA,NA
SK,Female,2013,79.908412,NA,NA,NA
SK,Female,2014,80.259603,NA,NA,NA
SK,Female,2015,80.011476,NA,NA,NA
SK,Female,2016,80.436464,NA,NA,NA
SK,Female,2017,80.472242,NA,NA,NA
SK,Female,2018,80.475362,NA,NA,NA
SK,Female,2019,80.856471,NA,NA,NA
SK,Female,2020,80.219091,81.046781,81.043525,81.031628
SK,Female,2021,78.157651,81.224927,81.23058,81.206551
SK,Female,2022,80.419241,81.40455,81.417635,81.380266
SK,Female,2023,81.322163,81.585675,81.604689,81.55276
SK,Female,2024,81.656044,81.768747,81.791744,81.724021
SK,Total,2000,73.142548,NA,NA,NA
SK,Total,2001,73.573584,NA,NA,NA
SK,Total,2002,73.759208,NA,NA,NA
SK,Total,2003,73.810586,NA,NA,NA
SK,Total,2004,74.203284,NA,NA,NA
SK,Total,2005,74.132928,NA,NA,NA
SK,Total,2006,74.389495,NA,NA,NA
SK,Total,2007,74.46482,NA,NA,NA
SK,Total,2008,74.808837,NA,NA,NA
SK,Total,2009,75.162189,NA,NA,NA
SK,Total,2010,75.444745,NA,NA,NA
SK,Total,2011,75.957223,NA,NA,NA
SK,Total,2012,76.107971,NA,NA,NA
SK,Total,2013,76.441652,NA,NA,NA
SK,Total,2014,76.78895,NA,NA,NA
SK,Total,2015,76.562664,NA,NA,NA
SK,Total,2016,77.117778,NA,NA,NA
SK,Total,2017,77.120258,NA,NA,NA
SK,Total,2018,77.14656,NA,NA,NA
SK,Total,2019,77.542704,NA,NA,NA
SK,Total,2020,76.849962,77.780387,77.774291,77.759851
SK,Total,2021,74.597718,77.986525,78.005878,77.976116
SK,Total,2022,76.951307,78.200074,78.237466,78.190908
SK,Total,2023,78.042585,78.421119,78.469053,78.404219
SK,Total,2024,78.377248,78.628952,78.70064,78.616038
TW,Male,2000,73.40939,NA,NA,NA
TW,Male,2001,73.667266,NA,NA,NA
TW,Male,2002,74.173011,NA,NA,NA
TW,Male,2003,74.403504,NA,NA,NA
TW,Male,2004,74.313792,NA,NA,NA
TW,Male,2005,74.184919,NA,NA,NA
TW,Male,2006,74.809243,NA,NA,NA
TW,Male,2007,75.11502,NA,NA,NA
TW,Male,2008,75.29684,NA,NA,NA
TW,Male,2009,75.793444,NA,NA,NA
TW,Male,2010,76.092928,NA,NA,NA
TW,Male,2011,75.79074,NA,NA,NA
TW,Male,2012,76.203261,NA,NA,NA
TW,Male,2013,76.640118,NA,NA,NA
TW,Male,2014,76.479493,NA,NA,NA
TW,Male,2015,76.769626,NA,NA,NA
TW,Male,2016,76.554069,NA,NA,NA
TW,Male,2017,77.079467,NA,NA,NA
TW,Male,2018,77.340755,NA,NA,NA
TW,Male,2019,77.5019,NA,NA,NA
TW,Male,2020,78.042276,77.655897,77.717295,77.703944
TW,Male,2021,77.613715,77.819857,77.93269,77.905296
TW,Male,2022,76.665253,77.958912,78.148085,78.10575
TW,Male,2023,76.928599,78.124448,78.36348,78.305347
TW,Male,2024,77.348122,78.254106,78.578876,78.504125
TW,Female,2000,79.225325,NA,NA,NA
TW,Female,2001,79.584605,NA,NA,NA
TW,Female,2002,79.878014,NA,NA,NA
TW,Female,2003,80.022921,NA,NA,NA
TW,Female,2004,80.350011,NA,NA,NA
TW,Female,2005,80.504181,NA,NA,NA
TW,Female,2006,81.287409,NA,NA,NA
TW,Female,2007,81.327294,NA,NA,NA
TW,Female,2008,81.560828,NA,NA,NA
TW,Female,2009,81.96298,NA,NA,NA
TW,Female,2010,82.322918,NA,NA,NA
TW,Female,2011,82.286416,NA,NA,NA
TW,Female,2012,82.504562,NA,NA,NA
TW,Female,2013,82.973053,NA,NA,NA
TW,Female,2014,82.877567,NA,NA,NA
TW,Female,2015,83.250249,NA,NA,NA
TW,Female,2016,83.090276,NA,NA,NA
TW,Female,2017,83.379509,NA,NA,NA
TW,Female,2018,83.672216,NA,NA,NA
TW,Female,2019,83.899716,NA,NA,NA
TW,Female,2020,84.397668,84.072528,84.145737,84.134868
TW,Female,2021,83.999295,84.248801,84.391757,84.370652
TW,Female,2022,83.189337,84.418179,84.637778,84.606723
TW,Female,2023,83.543948,84.596177,84.883799,84.843304
TW,Female,2024,83.960747,84.769806,85.129819,85.080634
TW,Total,2000,76.059269,NA,NA,NA
TW,Total,2001,76.373829,NA,NA,NA
TW,Total,2002,76.798945,NA,NA,NA
TW,Total,2003,77.003185,NA,NA,NA
TW,Total,2004,77.098777,NA,NA,NA
TW,Total,2005,77.102591,NA,NA,NA
TW,Total,2006,77.816806,NA,NA,NA
TW,Total,2007,78.019422,NA,NA,NA
TW,Total,2008,78.23273,NA,NA,NA
TW,Total,2009,78.706244,NA,NA,NA
TW,Total,2010,79.044421,NA,NA,NA
TW,Total,2011,78.867798,NA,NA,NA
TW,Total,2012,79.202603,NA,NA,NA
TW,Total,2013,79.663892,NA,NA,NA
TW,Total,2014,79.537642,NA,NA,NA
TW,Total,2015,79.880703,NA,NA,NA
TW,Total,2016,79.695205,NA,NA,NA
TW,Total,2017,80.130131,NA,NA,NA
TW,Total,2018,80.412198,NA,NA,NA
TW,Total,2019,80.61419,NA,NA,NA
TW,Total,2020,81.144526,80.775076,80.853923,80.842916
TW,Total,2021,80.726245,80.941399,81.093656,81.071374
TW,Total,2022,79.823121,81.093811,81.333388,81.299466
TW,Total,2023,80.133066,81.268468,81.573121,81.527302
TW,Total,2024,80.568131,81.418827,81.812854,81.754997
US,Male,2000,74.100728,NA,NA,NA
US,Male,2001,74.252408,NA,NA,NA
US,Male,2002,74.332267,NA,NA,NA
US,Male,2003,74.51392,NA,NA,NA
US,Male,2004,74.950527,NA,NA,NA
US,Male,2005,74.940488,NA,NA,NA
US,Male,2006,75.219124,NA,NA,NA
US,Male,2007,75.496184,NA,NA,NA
US,Male,2008,75.637696,NA,NA,NA
US,Male,2009,76.01008,NA,NA,NA
US,Male,2010,76.244292,NA,NA,NA
US,Male,2011,76.326706,NA,NA,NA
US,Male,2012,76.450573,NA,NA,NA
US,Male,2013,76.455326,NA,NA,NA
US,Male,2014,76.518214,NA,NA,NA
US,Male,2015,76.351751,NA,NA,NA
US,Male,2016,76.254828,NA,NA,NA
US,Male,2017,76.203362,NA,NA,NA
US,Male,2018,76.351615,NA,NA,NA
US,Male,2019,76.483314,NA,NA,NA
US,Male,2020,74.346627,76.33533,76.608713,76.606254
US,Male,2021,73.647294,76.324027,76.734113,76.728886
US,Male,2022,74.91543,76.311818,76.859512,76.851177
US,Male,2023,75.985103,76.296624,76.984911,76.973117
US,Male,2024,76.735312,76.278662,77.11031,77.094691
US,Female,2000,79.406915,NA,NA,NA
US,Female,2001,79.488411,NA,NA,NA
US,Female,2002,79.549931,NA,NA,NA
US,Female,2003,79.669276,NA,NA,NA
US,Female,2004,80.031431,NA,NA,NA
US,Female,2005,80.039858,NA,NA,NA
US,Female,2006,80.305986,NA,NA,NA
US,Female,2007,80.540312,NA,NA,NA
US,Female,2008,80.576624,NA,NA,NA
US,Female,2009,80.903018,NA,NA,NA
US,Female,2010,81.070885,NA,NA,NA
US,Female,2011,81.083623,NA,NA,NA
US,Female,2012,81.199754,NA,NA,NA
US,Female,2013,81.211496,NA,NA,NA
US,Female,2014,81.298864,NA,NA,NA
US,Female,2015,81.172259,NA,NA,NA
US,Female,2016,81.223572,NA,NA,NA
US,Female,2017,81.224647,NA,NA,NA
US,Female,2018,81.389066,NA,NA,NA
US,Female,2019,81.52863,NA,NA,NA
US,Female,2020,79.898954,81.44378,81.640299,81.636019
US,Female,2021,79.418836,81.475695,81.751968,81.742963
US,Female,2022,80.301718,81.508479,81.863637,81.849441
US,Female,2023,81.199729,81.537809,81.975306,81.955451
US,Female,2024,81.635529,81.565011,82.086975,82.060987
US,Total,2000,76.787738,NA,NA,NA
US,Total,2001,76.900775,NA,NA,NA
US,Total,2002,76.966869,NA,NA,NA
US,Total,2003,77.115252,NA,NA,NA
US,Total,2004,77.518679,NA,NA,NA
US,Total,2005,77.509103,NA,NA,NA
US,Total,2006,77.780636,NA,NA,NA
US,Total,2007,78.035405,NA,NA,NA
US,Total,2008,78.120609,NA,NA,NA
US,Total,2009,78.473922,NA,NA,NA
US,Total,2010,78.671736,NA,NA,NA
US,Total,2011,78.714356,NA,NA,NA
US,Total,2012,78.829535,NA,NA,NA
US,Total,2013,78.830843,NA,NA,NA
US,Total,2014,78.901039,NA,NA,NA
US,Total,2015,78.743741,NA,NA,NA
US,Total,2016,78.710765,NA,NA,NA
US,Total,2017,78.676845,NA,NA,NA
US,Total,2018,78.82781,NA,NA,NA
US,Total,2019,78.959626,NA,NA,NA
US,Total,2020,77.027766,78.836338,79.073936,79.06971
US,Total,2021,76.423485,78.842991,79.188245,79.179328
US,Total,2022,77.525771,78.849425,79.302555,79.288463
US,Total,2023,78.523187,78.851867,79.416865,79.397109
US,Total,2024,79.130843,78.851163,79.531175,79.505258
