region_iso,sex,year,e0_actual,e0_expected_lc
AT,Male,2000,75.104007,NA
AT,Male,2001,75.600017,NA
AT,Male,2002,75.762398,NA
AT,Male,2003,75.916615,NA
AT,Male,2004,76.374574,NA
AT,Male,2005,76.61975,NA
AT,Male,2006,77.073135,NA
AT,Male,2007,77.286142,NA
AT,Male,2008,77.58532,NA
AT,Male,2009,77.399998,NA
AT,Male,2010,77.646591,NA
AT,Male,2011,78.069338,NA
AT,Male,2012,78.263695,NA
AT,Male,2013,78.453405,NA
AT,Male,2014,78.917166,NA
AT,Male,2015,78.652162,NA
AT,Male,2016,79.147362,NA
AT,Male,2017,79.282094,NA
AT,Male,2018,79.300557,NA
AT,Male,2019,79.572248,NA
AT,Male,2020,78.947229,79.760606
AT,Male,2021,78.805773,79.928455
AT,Male,2022,79.064609,80.131905
AT,Male,2023,79.45141,80.318307
AT,Male,2024,79.88533,80.511009
AT,Female,2000,81.112091,NA
AT,Female,2001,81.588303,NA
AT,Female,2002,81.675795,NA
AT,Female,2003,81.555469,NA
AT,Female,2004,82.121039,NA
AT,Female,2005,82.224465,NA
AT,Female,2006,82.653865,NA
AT,Female,2007,82.81919,NA
AT,Female,2008,82.947933,NA
AT,Female,2009,82.847577,NA
AT,Female,2010,83.11839,NA
AT,Female,2011,83.438642,NA
AT,Female,2012,83.309496,NA
AT,Female,2013,83.595817,NA
AT,Female,2014,83.770897,NA
AT,Female,2015,83.628399,NA
AT,Female,2016,83.933452,NA
AT,Female,2017,83.909157,NA
AT,Female,2018,84.017621,NA
AT,Female,2019,84.243928,NA
AT,Female,2020,83.764997,84.283841
AT,Female,2021,83.76798,84.389124
AT,Female,2022,83.804648,84.48535
AT,Female,2023,84.257725,84.555662
AT,Female,2024,84.301969,84.654161
AT,Total,2000,78.251884,NA
AT,Total,2001,78.739008,NA
AT,Total,2002,78.853595,NA
AT,Total,2003,78.857686,NA
AT,Total,2004,79.370762,NA
AT,Total,2005,79.536074,NA
AT,Total,2006,79.977326,NA
AT,Total,2007,80.152216,NA
AT,Total,2008,80.369568,NA
AT,Total,2009,80.207842,NA
AT,Total,2010,80.461777,NA
AT,Total,2011,80.834137,NA
AT,Total,2012,80.857654,NA
AT,Total,2013,81.090183,NA
AT,Total,2014,81.414997,NA
AT,Total,2015,81.188113,NA
AT,Total,2016,81.598901,NA
AT,Total,2017,81.641975,NA
AT,Total,2018,81.70107,NA
AT,Total,2019,81.950755,NA
AT,Total,2020,81.377077,82.064847
AT,Total,2021,81.296849,82.199613
AT,Total,2022,81.449812,82.350072
AT,Total,2023,81.874584,82.479308
AT,Total,2024,82.120401,82.624287
BE,Male,2000,74.56405,NA
BE,Male,2001,74.916886,NA
BE,Male,2002,75.08903,NA
BE,Male,2003,75.361576,NA
BE,Male,2004,75.961924,NA
BE,Male,2005,76.142131,NA
BE,Male,2006,76.519736,NA
BE,Male,2007,76.739695,NA
BE,Male,2008,76.769109,NA
BE,Male,2009,77.151276,NA
BE,Male,2010,77.356757,NA
BE,Male,2011,77.751637,NA
BE,Male,2012,77.608883,NA
BE,Male,2013,77.917838,NA
BE,Male,2014,78.542892,NA
BE,Male,2015,78.531336,NA
BE,Male,2016,78.750149,NA
BE,Male,2017,78.954768,NA
BE,Male,2018,79.164353,NA
BE,Male,2019,79.555875,NA
BE,Male,2020,78.494707,79.81253
BE,Male,2021,79.208984,80.029151
BE,Male,2022,79.528302,80.256539
BE,Male,2023,79.986802,80.472441
BE,Male,2024,80.160206,80.715806
BE,Female,2000,80.910427,NA
BE,Female,2001,81.174899,NA
BE,Female,2002,81.198653,NA
BE,Female,2003,81.206984,NA
BE,Female,2004,81.86353,NA
BE,Female,2005,81.861868,NA
BE,Female,2006,82.148338,NA
BE,Female,2007,82.21295,NA
BE,Female,2008,82.316903,NA
BE,Female,2009,82.431925,NA
BE,Female,2010,82.635032,NA
BE,Female,2011,82.854773,NA
BE,Female,2012,82.816478,NA
BE,Female,2013,82.915404,NA
BE,Female,2014,83.500236,NA
BE,Female,2015,83.138381999999993,NA
BE,Female,2016,83.668723,NA
BE,Female,2017,83.642943,NA
BE,Female,2018,83.678947,NA
BE,Female,2019,83.990025,NA
BE,Female,2020,83.043047,84.136494
BE,Female,2021,84.011086,84.257818
BE,Female,2022,83.773991,84.39365
BE,Female,2023,84.103797,84.569862
BE,Female,2024,84.354208,84.684297
BE,Total,2000,77.77535,NA
BE,Total,2001,78.090837,NA
BE,Total,2002,78.183455,NA
BE,Total,2003,78.327386,NA
BE,Total,2004,78.964406,NA
BE,Total,2005,79.052789,NA
BE,Total,2006,79.388037,NA
BE,Total,2007,79.534425,NA
BE,Total,2008,79.587109,NA
BE,Total,2009,79.844275,NA
BE,Total,2010,80.044032,NA
BE,Total,2011,80.354786,NA
BE,Total,2012,80.247365,NA
BE,Total,2013,80.456527,NA
BE,Total,2014,81.06574,NA
BE,Total,2015,80.874752,NA
BE,Total,2016,81.241042,NA
BE,Total,2017,81.33658,NA
BE,Total,2018,81.459001,NA
BE,Total,2019,81.81215,NA
BE,Total,2020,80.772108,82.013079
BE,Total,2021,81.626694,82.182684
BE,Total,2022,81.678527,82.364049
BE,Total,2023,82.081437,82.558353
BE,Total,2024,82.286528,82.738216
BG,Male,2000,68.289618,NA
BG,Male,2001,68.507484,NA
BG,Male,2002,68.828066,NA
BG,Male,2003,68.924844,NA
BG,Male,2004,69.058882,NA
BG,Male,2005,69.049129,NA
BG,Male,2006,69.250377,NA
BG,Male,2007,69.532192,NA
BG,Male,2008,69.8213,NA
BG,Male,2009,70.17583,NA
BG,Male,2010,70.376481,NA
BG,Male,2011,70.724395,NA
BG,Male,2012,70.916857,NA
BG,Male,2013,71.291859,NA
BG,Male,2014,71.069504,NA
BG,Male,2015,71.234925,NA
BG,Male,2016,71.309326,NA
BG,Male,2017,71.374165,NA
BG,Male,2018,71.487951,NA
BG,Male,2019,71.578663,NA
BG,Male,2020,69.983522,71.690648
BG,Male,2021,68.038559,71.81503
BG,Male,2022,70.785889,71.905108
BG,Male,2023,72.4046,72.040594
BG,Male,2024,72.665323,72.166131
BG,Female,2000,74.994475,NA
BG,Female,2001,75.39886,NA
BG,Female,2002,75.575259,NA
BG,Female,2003,75.96073,NA
BG,Female,2004,76.244539,NA
BG,Female,2005,76.240779,NA
BG,Female,2006,76.298714,NA
BG,Female,2007,76.607177,NA
BG,Female,2008,76.97562,NA
BG,Female,2009,77.334972,NA
BG,Female,2010,77.337075,NA
BG,Female,2011,77.713728,NA
BG,Female,2012,77.861078,NA
BG,Female,2013,78.48396,NA
BG,Female,2014,77.97029,NA
BG,Female,2015,78.13031,NA
BG,Female,2016,78.470322,NA
BG,Female,2017,78.341703,NA
BG,Female,2018,78.486275,NA
BG,Female,2019,78.7238,NA
BG,Female,2020,77.480941,78.78016
BG,Female,2021,75.095233,78.926769
BG,Female,2022,78.008547,79.060962
BG,Female,2023,79.526999,79.203066
BG,Female,2024,79.552592,79.326419
BG,Total,2000,71.558281,NA
BG,Total,2001,71.866294,NA
BG,Total,2002,72.126259,NA
BG,Total,2003,72.356733,NA
BG,Total,2004,72.563798,NA
BG,Total,2005,72.553765,NA
BG,Total,2006,72.692534,NA
BG,Total,2007,72.992467,NA
BG,Total,2008,73.323338,NA
BG,Total,2009,73.686553,NA
BG,Total,2010,73.797923,NA
BG,Total,2011,74.160918,NA
BG,Total,2012,74.332776,NA
BG,Total,2013,74.828035,NA
BG,Total,2014,74.46528,NA
BG,Total,2015,74.628864,NA
BG,Total,2016,74.8265,NA
BG,Total,2017,74.80193,NA
BG,Total,2018,74.930595,NA
BG,Total,2019,75.084742,NA
BG,Total,2020,73.598922,75.175179
BG,Total,2021,71.40488,75.314973
BG,Total,2022,74.306815,75.428228
BG,Total,2023,75.922121,75.565506
BG,Total,2024,76.078399,75.686148
CH,Male,2000,76.918817,NA
CH,Male,2001,77.359403,NA
CH,Male,2002,77.732361,NA
CH,Male,2003,77.882692,NA
CH,Male,2004,78.437019,NA
CH,Male,2005,78.583777,NA
CH,Male,2006,79.04453,NA
CH,Male,2007,79.247749,NA
CH,Male,2008,79.57561,NA
CH,Male,2009,79.630854,NA
CH,Male,2010,80.029975,NA
CH,Male,2011,80.301692,NA
CH,Male,2012,80.456986,NA
CH,Male,2013,80.51678,NA
CH,Male,2014,80.928699,NA
CH,Male,2015,80.697194,NA
CH,Male,2016,81.539132,NA
CH,Male,2017,81.363157,NA
CH,Male,2018,81.652806,NA
CH,Male,2019,81.888292,NA
CH,Male,2020,81.000055,82.099183
CH,Male,2021,81.617703,82.307915
CH,Male,2022,81.62186,82.4925
CH,Male,2023,82.228751,82.701721
CH,Male,2024,82.443765,82.89229
CH,Female,2000,82.57043,NA
CH,Female,2001,82.978696,NA
CH,Female,2002,82.954399,NA
CH,Female,2003,82.992147,NA
CH,Female,2004,83.495304,NA
CH,Female,2005,83.701861,NA
CH,Female,2006,83.872677,NA
CH,Female,2007,83.973472,NA
CH,Female,2008,84.20445,NA
CH,Female,2009,84.21019,NA
CH,Female,2010,84.380645,NA
CH,Female,2011,84.711877,NA
CH,Female,2012,84.625668,NA
CH,Female,2013,84.75729,NA
CH,Female,2014,85.122351,NA
CH,Female,2015,84.897012,NA
CH,Female,2016,85.245734,NA
CH,Female,2017,85.378765,NA
CH,Female,2018,85.409023,NA
CH,Female,2019,85.605753000000007,NA
CH,Female,2020,85.105202,85.71937
CH,Female,2021,85.640807,85.830765
CH,Female,2022,85.398279,85.958229
CH,Female,2023,85.858028,86.108158
CH,Female,2024,85.946069,86.208671
CH,Total,2000,79.841795,NA
CH,Total,2001,80.269444,NA
CH,Total,2002,80.448406,NA
CH,Total,2003,80.536986,NA
CH,Total,2004,81.069774,NA
CH,Total,2005,81.241936,NA
CH,Total,2006,81.568955,NA
CH,Total,2007,81.71094,NA
CH,Total,2008,81.98804,NA
CH,Total,2009,82.007385,NA
CH,Total,2010,82.298436,NA
CH,Total,2011,82.598296,NA
CH,Total,2012,82.62386,NA
CH,Total,2013,82.711342,NA
CH,Total,2014,83.099861,NA
CH,Total,2015,82.856491,NA
CH,Total,2016,83.469948,NA
CH,Total,2017,83.428042,NA
CH,Total,2018,83.592224,NA
CH,Total,2019,83.802533,NA
CH,Total,2020,83.082462,83.964277
CH,Total,2021,83.666577,84.122526
CH,Total,2022,83.546425,84.274429
CH,Total,2023,84.084352,84.451675
CH,Total,2024,84.238367,84.594584
CL,Male,2000,73.63906,NA
CL,Male,2001,73.468876,NA
CL,Male,2002,73.960839000000007,NA
CL,Male,2003,74.091674,NA
CL,Male,2004,74.188381,NA
CL,Male,2005,74.620041,NA
CL,Male,2006,75.055403,NA
CL,Male,2007,74.533269,NA
CL,Male,2008,75.076404,NA
CL,Male,2009,75.220712,NA
CL,Male,2010,75.119167,NA
CL,Male,2011,75.832746,NA
CL,Male,2012,75.988285,NA
CL,Male,2013,76.081358,NA
CL,Male,2014,76.254094,NA
CL,Male,2015,76.491524,NA
CL,Male,2016,76.865018,NA
CL,Male,2017,77.086918,NA
CL,Male,2018,77.330118,NA
CL,Male,2019,77.349723,NA
CL,Male,2020,76.038349,77.571128
CL,Male,2021,75.406163,77.78151
CL,Male,2022,75.962558,77.980952
CL,Male,2023,77.617974,78.179182
CL,Male,2024,77.849496,78.367311
CL,Female,2000,79.894269,NA
CL,Female,2001,79.798747,NA
CL,Female,2002,80.317918,NA
CL,Female,2003,80.328471,NA
CL,Female,2004,80.339614,NA
CL,Female,2005,80.670615,NA
CL,Female,2006,80.987456,NA
CL,Female,2007,80.494637,NA
CL,Female,2008,81.093286,NA
CL,Female,2009,81.274872,NA
CL,Female,2010,80.896493,NA
CL,Female,2011,81.413046,NA
CL,Female,2012,81.288644,NA
CL,Female,2013,81.636003,NA
CL,Female,2014,81.716564,NA
CL,Female,2015,81.92309,NA
CL,Female,2016,82.11085,NA
CL,Female,2017,82.232208,NA
CL,Female,2018,82.50377,NA
CL,Female,2019,82.552161,NA
CL,Female,2020,81.777001,82.709985
CL,Female,2021,81.076836,82.841354
CL,Female,2022,81.415621,82.971368
CL,Female,2023,82.685205,83.098699
CL,Female,2024,82.412498,83.219398
CL,Total,2000,76.795659,NA
CL,Total,2001,76.647221,NA
CL,Total,2002,77.159173,NA
CL,Total,2003,77.218066,NA
CL,Total,2004,77.259905,NA
CL,Total,2005,77.642517,NA
CL,Total,2006,78.025745,NA
CL,Total,2007,77.490859,NA
CL,Total,2008,78.066988,NA
CL,Total,2009,78.220184,NA
CL,Total,2010,77.973987,NA
CL,Total,2011,78.603451,NA
CL,Total,2012,78.622092,NA
CL,Total,2013,78.829173,NA
CL,Total,2014,78.954838,NA
CL,Total,2015,79.175823,NA
CL,Total,2016,79.462636,NA
CL,Total,2017,79.63208,NA
CL,Total,2018,79.887019,NA
CL,Total,2019,79.916724,NA
CL,Total,2020,78.829051,80.107478
CL,Total,2021,78.160238,80.282097
CL,Total,2022,78.623562,80.447219
CL,Total,2023,80.118792,80.607059
CL,Total,2024,80.107142,80.756994
CZ,Male,2000,NA,NA
CZ,Male,2001,NA,NA
CZ,Male,2002,NA,NA
CZ,Male,2003,NA,NA
CZ,Male,2004,NA,NA
CZ,Male,2005,72.949144,NA
CZ,Male,2006,73.469383,NA
CZ,Male,2007,73.692679,NA
CZ,Male,2008,73.957751,NA
CZ,Male,2009,74.163291,NA
CZ,Male,2010,74.410303,NA
CZ,Male,2011,74.70902,NA
CZ,Male,2012,74.957863,NA
CZ,Male,2013,75.137524,NA
CZ,Male,2014,75.698513,NA
CZ,Male,2015,75.610966,NA
CZ,Male,2016,76.015694,NA
CZ,Male,2017,75.95669,NA
CZ,Male,2018,76.021825,NA
CZ,Male,2019,76.266959,NA
CZ,Male,2020,75.223469,76.461743
CZ,Male,2021,74.102124,76.665685
CZ,Male,2022,76.131293,76.847186
CZ,Male,2023,76.964104,77.017241
CZ,Male,2024,77.178881,77.197829
CZ,Female,2000,NA,NA
CZ,Female,2001,NA,NA
CZ,Female,2002,NA,NA
CZ,Female,2003,NA,NA
CZ,Female,2004,NA,NA
CZ,Female,2005,79.296968,NA
CZ,Female,2006,79.870945,NA
CZ,Female,2007,80.078991,NA
CZ,Female,2008,80.296809,NA
CZ,Female,2009,80.306322,NA
CZ,Female,2010,80.643694,NA
CZ,Female,2011,80.88004,NA
CZ,Female,2012,80.986202,NA
CZ,Female,2013,81.169346,NA
CZ,Female,2014,81.742194,NA
CZ,Female,2015,81.473355,NA
CZ,Female,2016,81.884424,NA
CZ,Female,2017,81.860729,NA
CZ,Female,2018,81.880707,NA
CZ,Female,2019,82.076215,NA
CZ,Female,2020,81.306657,82.324832
CZ,Female,2021,80.515754,82.509994
CZ,Female,2022,81.936924,82.640172
CZ,Female,2023,82.769624,82.781529
CZ,Female,2024,83.01928,82.907574
CZ,Total,2000,NA,NA
CZ,Total,2001,NA,NA
CZ,Total,2002,NA,NA
CZ,Total,2003,NA,NA
CZ,Total,2004,NA,NA
CZ,Total,2005,76.161043,NA
CZ,Total,2006,76.714205,NA
CZ,Total,2007,76.921313,NA
CZ,Total,2008,77.162046,NA
CZ,Total,2009,77.268489,NA
CZ,Total,2010,77.555714,NA
CZ,Total,2011,77.824258,NA
CZ,Total,2012,78.001846,NA
CZ,Total,2013,78.181819,NA
CZ,Total,2014,78.755104,NA
CZ,Total,2015,78.567417,NA
CZ,Total,2016,78.983645,NA
CZ,Total,2017,78.928381,NA
CZ,Total,2018,78.963437,NA
CZ,Total,2019,79.188004,NA
CZ,Total,2020,78.235856,79.406411
CZ,Total,2021,77.234356,79.604385
CZ,Total,2022,79.032643,79.761049
CZ,Total,2023,79.878033,79.912735
CZ,Total,2024,80.103923,80.062732
DE,Male,2000,74.864506,NA
DE,Male,2001,75.2752,NA
DE,Male,2002,75.432074,NA
DE,Male,2003,75.495755,NA
DE,Male,2004,76.141585,NA
DE,Male,2005,76.350923,NA
DE,Male,2006,76.7466,NA
DE,Male,2007,76.898769,NA
DE,Male,2008,77.093861,NA
DE,Male,2009,77.226511,NA
DE,Male,2010,77.425918,NA
DE,Male,2011,77.760289,NA
DE,Male,2012,77.957114,NA
DE,Male,2013,77.977175,NA
DE,Male,2014,78.440574,NA
DE,Male,2015,78.135597,NA
DE,Male,2016,78.38007,NA
DE,Male,2017,78.563437,NA
DE,Male,2018,78.514211,NA
DE,Male,2019,78.83735,NA
DE,Male,2020,78.606149,78.98815
DE,Male,2021,78.305044,79.142749
DE,Male,2022,78.328876,79.264443
DE,Male,2023,78.998172,79.4298
DE,Male,2024,79.40176,79.586828
DE,Female,2000,81.005885,NA
DE,Female,2001,81.282852,NA
DE,Female,2002,81.264965,NA
DE,Female,2003,81.343519,NA
DE,Female,2004,81.894007,NA
DE,Female,2005,81.981174,NA
DE,Female,2006,82.253405,NA
DE,Female,2007,82.405853,NA
DE,Female,2008,82.388385,NA
DE,Female,2009,82.494049,NA
DE,Female,2010,82.623472,NA
DE,Female,2011,82.829696,NA
DE,Female,2012,82.933302,NA
DE,Female,2013,82.853343,NA
DE,Female,2014,83.359202,NA
DE,Female,2015,82.982555,NA
DE,Female,2016,83.27765,NA
DE,Female,2017,83.297268,NA
DE,Female,2018,83.240351,NA
DE,Female,2019,83.563081,NA
DE,Female,2020,83.441426,83.61352
DE,Female,2021,83.347435,83.728855
DE,Female,2022,83.155221,83.833669
DE,Female,2023,83.610176,83.946392
DE,Female,2024,83.83344,84.042663
DE,Total,2000,78.066947,NA
DE,Total,2001,78.407592,NA
DE,Total,2002,78.463369,NA
DE,Total,2003,78.518251,NA
DE,Total,2004,79.12471,NA
DE,Total,2005,79.264748,NA
DE,Total,2006,79.591963,NA
DE,Total,2007,79.731218,NA
DE,Total,2008,79.810749,NA
DE,Total,2009,79.92357,NA
DE,Total,2010,80.082728,NA
DE,Total,2011,80.352946,NA
DE,Total,2012,80.490929,NA
DE,Total,2013,80.450055,NA
DE,Total,2014,80.936289,NA
DE,Total,2015,80.576666,NA
DE,Total,2016,80.846245,NA
DE,Total,2017,80.945309,NA
DE,Total,2018,80.884164,NA
DE,Total,2019,81.208137,NA
DE,Total,2020,81.018687,81.308787
DE,Total,2021,80.807689,81.442345
DE,Total,2022,80.725015,81.553687
DE,Total,2023,81.301285,81.692562
DE,Total,2024,81.622482,81.818452
DK,Male,2000,74.449206,NA
DK,Male,2001,74.677597,NA
DK,Male,2002,74.803508,NA
DK,Male,2003,75.0273,NA
DK,Male,2004,75.40581,NA
DK,Male,2005,75.929143,NA
DK,Male,2006,75.904833,NA
DK,Male,2007,76.1249,NA
DK,Male,2008,76.493436,NA
DK,Male,2009,76.84857,NA
DK,Male,2010,77.124855,NA
DK,Male,2011,77.719854,NA
DK,Male,2012,78.060507,NA
DK,Male,2013,78.270685,NA
DK,Male,2014,78.5665,NA
DK,Male,2015,78.77258,NA
DK,Male,2016,78.952742,NA
DK,Male,2017,79.096765,NA
DK,Male,2018,79.030115,NA
DK,Male,2019,79.455048,NA
DK,Male,2020,79.58124,79.638421
DK,Male,2021,79.570596,79.876337
DK,Male,2022,79.437249,80.09842
DK,Male,2023,79.729346,80.31922
DK,Male,2024,80.173837,80.524814
DK,Female,2000,79.128665,NA
DK,Female,2001,79.22398,NA
DK,Female,2002,79.356412,NA
DK,Female,2003,79.745611,NA
DK,Female,2004,80.116117,NA
DK,Female,2005,80.451622,NA
DK,Female,2006,80.520956,NA
DK,Female,2007,80.539809,NA
DK,Female,2008,80.930747,NA
DK,Female,2009,81.042693,NA
DK,Female,2010,81.34947,NA
DK,Female,2011,81.832849,NA
DK,Female,2012,82.055609,NA
DK,Female,2013,82.322791,NA
DK,Female,2014,82.697194,NA
DK,Female,2015,82.697586,NA
DK,Female,2016,82.790057,NA
DK,Female,2017,83.126114,NA
DK,Female,2018,82.962537,NA
DK,Female,2019,83.426635,NA
DK,Female,2020,83.531995,83.604602
DK,Female,2021,83.309486,83.806061
DK,Female,2022,83.186994,84.011996
DK,Female,2023,83.643764,84.218914
DK,Female,2024,83.909359,84.415809
DK,Total,2000,76.823404,NA
DK,Total,2001,76.982728,NA
DK,Total,2002,77.105343,NA
DK,Total,2003,77.405455,NA
DK,Total,2004,77.785165,NA
DK,Total,2005,78.222351,NA
DK,Total,2006,78.231779,NA
DK,Total,2007,78.352093,NA
DK,Total,2008,78.732937,NA
DK,Total,2009,78.967558,NA
DK,Total,2010,79.256226,NA
DK,Total,2011,79.800676,NA
DK,Total,2012,80.085201,NA
DK,Total,2013,80.314763,NA
DK,Total,2014,80.652693,NA
DK,Total,2015,80.752778,NA
DK,Total,2016,80.889153,NA
DK,Total,2017,81.117348,NA
DK,Total,2018,80.999338,NA
DK,Total,2019,81.443917,NA
DK,Total,2020,81.560227,81.623629
DK,Total,2021,81.439855,81.842901
DK,Total,2022,81.307504,82.056538
DK,Total,2023,81.675922,82.269896
DK,Total,2024,82.04492,82.469832
EE,Male,2000,65.483758,NA
EE,Male,2001,65.030834,NA
EE,Male,2002,65.458445,NA
EE,Male,2003,66.34261,NA
EE,Male,2004,66.641559,NA
EE,Male,2005,67.471499,NA
EE,Male,2006,67.541078,NA
EE,Male,2007,67.328121,NA
EE,Male,2008,68.77636,NA
EE,Male,2009,69.877775,NA
EE,Male,2010,70.760472,NA
EE,Male,2011,71.306682,NA
EE,Male,2012,71.298785,NA
EE,Male,2013,72.688324,NA
EE,Male,2014,72.304604,NA
EE,Male,2015,73.059221,NA
EE,Male,2016,73.143051,NA
EE,Male,2017,73.602667,NA
EE,Male,2018,73.841451,NA
EE,Male,2019,74.43596,NA
EE,Male,2020,74.40244,74.80197
EE,Male,2021,72.668642,75.171336
EE,Male,2022,73.629953,75.473324
EE,Male,2023,74.515306,75.772112
EE,Male,2024,75.128971,76.112133
EE,Female,2000,76.190845,NA
EE,Female,2001,76.388898,NA
EE,Female,2002,77.088498,NA
EE,Female,2003,77.156889,NA
EE,Female,2004,77.87428,NA
EE,Female,2005,78.128082,NA
EE,Female,2006,78.515908,NA
EE,Female,2007,78.650739,NA
EE,Female,2008,79.278877,NA
EE,Female,2009,80.005032,NA
EE,Female,2010,80.448846,NA
EE,Female,2011,80.93874,NA
EE,Female,2012,81.053358,NA
EE,Female,2013,81.273642,NA
EE,Female,2014,81.440639,NA
EE,Female,2015,81.753452,NA
EE,Female,2016,81.886455,NA
EE,Female,2017,82.313566,NA
EE,Female,2018,82.391826,NA
EE,Female,2019,82.73566,NA
EE,Female,2020,82.730331,82.894519
EE,Female,2021,81.372943,83.128695
EE,Female,2022,82.257938,83.344609
EE,Female,2023,83.058032,83.558445
EE,Female,2024,83.448503,83.795525
EE,Total,2000,70.889776,NA
EE,Total,2001,70.711982,NA
EE,Total,2002,71.260593,NA
EE,Total,2003,71.808674,NA
EE,Total,2004,72.293908,NA
EE,Total,2005,72.891953,NA
EE,Total,2006,73.10399,NA
EE,Total,2007,73.031538,NA
EE,Total,2008,74.156956,NA
EE,Total,2009,75.108647,NA
EE,Total,2010,75.814852,NA
EE,Total,2011,76.336827,NA
EE,Total,2012,76.373767,NA
EE,Total,2013,77.240154,NA
EE,Total,2014,77.095573,NA
EE,Total,2015,77.645268,NA
EE,Total,2016,77.745146,NA
EE,Total,2017,78.178862,NA
EE,Total,2018,78.326684,NA
EE,Total,2019,78.808615,NA
EE,Total,2020,78.762829,79.071531
EE,Total,2021,77.129604,79.372744
EE,Total,2022,78.084127,79.637177
EE,Total,2023,78.980223,79.899548
EE,Total,2024,79.476953,80.187677
ES,Male,2000,75.963788,NA
ES,Male,2001,76.292559,NA
ES,Male,2002,76.401331,NA
ES,Male,2003,76.42203,NA
ES,Male,2004,76.982278,NA
ES,Male,2005,77.01962,NA
ES,Male,2006,77.692271,NA
ES,Male,2007,77.7597,NA
ES,Male,2008,78.188882,NA
ES,Male,2009,78.573472,NA
ES,Male,2010,78.971657,NA
ES,Male,2011,79.21626,NA
ES,Male,2012,79.284676,NA
ES,Male,2013,79.833354,NA
ES,Male,2014,80.006272,NA
ES,Male,2015,79.810506,NA
ES,Male,2016,80.174056,NA
ES,Male,2017,80.252768,NA
ES,Male,2018,80.337245,NA
ES,Male,2019,80.731347,NA
ES,Male,2020,79.466882,80.9438
ES,Male,2021,80.150136,81.136675
ES,Male,2022,80.322786,81.315041
ES,Male,2023,81.081029,81.501444
ES,Male,2024,81.315431,81.668245
ES,Female,2000,82.863847,NA
ES,Female,2001,83.182226,NA
ES,Female,2002,83.256462,NA
ES,Female,2003,83.096312,NA
ES,Female,2004,83.680079,NA
ES,Female,2005,83.630053,NA
ES,Female,2006,84.232091,NA
ES,Female,2007,84.192448,NA
ES,Female,2008,84.366427,NA
ES,Female,2009,84.661779,NA
ES,Female,2010,85.016403,NA
ES,Female,2011,85.101427,NA
ES,Female,2012,85.07161,NA
ES,Female,2013,85.502886,NA
ES,Female,2014,85.607867,NA
ES,Female,2015,85.366349,NA
ES,Female,2016,85.783504,NA
ES,Female,2017,85.679621,NA
ES,Female,2018,85.810268,NA
ES,Female,2019,86.174502,NA
ES,Female,2020,85.000818,86.317721
ES,Female,2021,85.787475,86.450341
ES,Female,2022,85.711468,86.595954
ES,Female,2023,86.362077,86.689768
ES,Female,2024,86.64346,86.816773
ES,Total,2000,79.422956,NA
ES,Total,2001,79.748998,NA
ES,Total,2002,79.834913,NA
ES,Total,2003,79.762356,NA
ES,Total,2004,80.342116,NA
ES,Total,2005,80.327453,NA
ES,Total,2006,80.978413,NA
ES,Total,2007,80.987358,NA
ES,Total,2008,81.299047,NA
ES,Total,2009,81.642696,NA
ES,Total,2010,82.025141,NA
ES,Total,2011,82.192761,NA
ES,Total,2012,82.207097,NA
ES,Total,2013,82.70923,NA
ES,Total,2014,82.849313,NA
ES,Total,2015,82.618523,NA
ES,Total,2016,83.014748,NA
ES,Total,2017,83.004058,NA
ES,Total,2018,83.109057,NA
ES,Total,2019,83.494834,NA
ES,Total,2020,82.236835,83.674756
ES,Total,2021,82.988427,83.839876
ES,Total,2022,83.043854,84.003048
ES,Total,2023,83.765874,84.144804
ES,Total,2024,84.023882,84.290332
FI,Male,2000,74.139408,NA
FI,Male,2001,74.567943,NA
FI,Male,2002,74.847681,NA
FI,Male,2003,75.103381,NA
FI,Male,2004,75.294658,NA
FI,Male,2005,75.524616,NA
FI,Male,2006,75.790564,NA
FI,Male,2007,75.83977,NA
FI,Male,2008,76.332002,NA
FI,Male,2009,76.476758,NA
FI,Male,2010,76.707352,NA
FI,Male,2011,77.181977,NA
FI,Male,2012,77.49965,NA
FI,Male,2013,77.847183,NA
FI,Male,2014,78.170396,NA
FI,Male,2015,78.530441,NA
FI,Male,2016,78.4362,NA
FI,Male,2017,78.715696,NA
FI,Male,2018,78.905527,NA
FI,Male,2019,79.162396,NA
FI,Male,2020,79.013224,79.522228
FI,Male,2021,79.13315,79.786274
FI,Male,2022,78.628757,80.036563
FI,Male,2023,78.955378,80.284971
FI,Male,2024,79.673965,80.520054
FI,Female,2000,81.034842,NA
FI,Female,2001,81.543924,NA
FI,Female,2002,81.533131,NA
FI,Female,2003,81.810596,NA
FI,Female,2004,82.258845,NA
FI,Female,2005,82.303668,NA
FI,Female,2006,82.840469,NA
FI,Female,2007,82.858376,NA
FI,Female,2008,82.999235,NA
FI,Female,2009,83.104912,NA
FI,Female,2010,83.251586,NA
FI,Female,2011,83.53538,NA
FI,Female,2012,83.407862,NA
FI,Female,2013,83.821385,NA
FI,Female,2014,83.875645,NA
FI,Female,2015,84.137539,NA
FI,Female,2016,84.122825,NA
FI,Female,2017,84.217455,NA
FI,Female,2018,84.305796,NA
FI,Female,2019,84.525639,NA
FI,Female,2020,84.614762,84.78751
FI,Female,2021,84.472835,84.929607
FI,Female,2022,83.777755,85.076829
FI,Female,2023,84.18388,85.226353
FI,Female,2024,84.810049,85.369538
FI,Total,2000,77.669081,NA
FI,Total,2001,78.13934,NA
FI,Total,2002,78.263124,NA
FI,Total,2003,78.519437,NA
FI,Total,2004,78.833619,NA
FI,Total,2005,78.973566,NA
FI,Total,2006,79.362407,NA
FI,Total,2007,79.379683,NA
FI,Total,2008,79.693781,NA
FI,Total,2009,79.823078,NA
FI,Total,2010,80.005962,NA
FI,Total,2011,80.391145,NA
FI,Total,2012,80.494626,NA
FI,Total,2013,80.866937,NA
FI,Total,2014,81.054668,NA
FI,Total,2015,81.36404,NA
FI,Total,2016,81.299183,NA
FI,Total,2017,81.494347,NA
FI,Total,2018,81.625334,NA
FI,Total,2019,81.867648,NA
FI,Total,2020,81.81574,82.176143
FI,Total,2021,81.806104,82.379352
FI,Total,2022,81.194043,82.578913
FI,Total,2023,81.560934,82.78005
FI,Total,2024,82.243769,82.970678
FR,Male,2000,75.263141,NA
FR,Male,2001,75.445639,NA
FR,Male,2002,75.707048,NA
FR,Male,2003,75.795473,NA
FR,Male,2004,76.682411,NA
FR,Male,2005,76.733875,NA
FR,Male,2006,77.166887,NA
FR,Male,2007,77.382626,NA
FR,Male,2008,77.58233,NA
FR,Male,2009,77.747266,NA
FR,Male,2010,78.004746,NA
FR,Male,2011,78.39917,NA
FR,Male,2012,78.45159,NA
FR,Male,2013,78.721101,NA
FR,Male,2014,79.237262,NA
FR,Male,2015,78.982753,NA
FR,Male,2016,79.287035,NA
FR,Male,2017,79.408988,NA
FR,Male,2018,79.534794,NA
FR,Male,2019,79.743081,NA
FR,Male,2020,79.171356,79.955768
FR,Male,2021,79.260457,80.147009
FR,Male,2022,79.360399,80.325284
FR,Male,2023,80.011447,80.510359
FR,Male,2024,80.188919,80.678061
FR,Female,2000,82.846589,NA
FR,Female,2001,82.973218,NA
FR,Female,2002,83.051287,NA
FR,Female,2003,82.941999,NA
FR,Female,2004,83.880484,NA
FR,Female,2005,83.869898,NA
FR,Female,2006,84.232237,NA
FR,Female,2007,84.427275,NA
FR,Female,2008,84.365005,NA
FR,Female,2009,84.475381,NA
FR,Female,2010,84.710621,NA
FR,Female,2011,85.030915,NA
FR,Female,2012,84.852769,NA
FR,Female,2013,85.042768,NA
FR,Female,2014,85.451551,NA
FR,Female,2015,85.170636,NA
FR,Female,2016,85.373628,NA
FR,Female,2017,85.341643,NA
FR,Female,2018,85.46923,NA
FR,Female,2019,85.605236,NA
FR,Female,2020,85.160003,85.677831
FR,Female,2021,85.289155,85.777303
FR,Female,2022,85.142621,85.888241
FR,Female,2023,85.644384,85.956651
FR,Female,2024,85.816124,86.053012
FR,Total,2000,79.087811,NA
FR,Total,2001,79.24815,NA
FR,Total,2002,79.423651,NA
FR,Total,2003,79.412158,NA
FR,Total,2004,80.354452,NA
FR,Total,2005,80.368519,NA
FR,Total,2006,80.77895,NA
FR,Total,2007,80.981806,NA
FR,Total,2008,81.053825,NA
FR,Total,2009,81.189178,NA
FR,Total,2010,81.435057,NA
FR,Total,2011,81.798129,NA
FR,Total,2012,81.728137,NA
FR,Total,2013,81.959445,NA
FR,Total,2014,82.431424,NA
FR,Total,2015,82.147942,NA
FR,Total,2016,82.405822,NA
FR,Total,2017,82.44886,NA
FR,Total,2018,82.573505,NA
FR,Total,2019,82.745491,NA
FR,Total,2020,82.208661,82.889307
FR,Total,2021,82.319611,83.03581
FR,Total,2022,82.301332,83.181445
FR,Total,2023,82.890799,83.308699
FR,Total,2024,83.064463,83.438095
GB-EAW,Male,2000,NA,NA
GB-EAW,Male,2001,NA,NA
GB-EAW,Male,2002,NA,NA
GB-EAW,Male,2003,NA,NA
GB-EAW,Male,2004,NA,NA
GB-EAW,Male,2005,NA,NA
GB-EAW,Male,2006,NA,NA
GB-EAW,Male,2007,NA,NA
GB-EAW,Male,2008,NA,NA
GB-EAW,Male,2009,NA,NA
GB-EAW,Male,2010,78.590015,NA
GB-EAW,Male,2011,79.004727,NA
GB-EAW,Male,2012,79.169614,NA
GB-EAW,Male,2013,79.185798,NA
GB-EAW,Male,2014,79.416281,NA
GB-EAW,Male,2015,79.237511,NA
GB-EAW,Male,2016,79.375033,NA
GB-EAW,Male,2017,79.449945,NA
GB-EAW,Male,2018,79.397396,NA
GB-EAW,Male,2019,79.707811,NA
GB-EAW,Male,2020,78.525007,79.874095
GB-EAW,Male,2021,78.690675,79.988073
GB-EAW,Male,2022,79.236009,80.105488
GB-EAW,Male,2023,79.280493,80.20662
GB-EAW,Male,2024,79.81072,80.309485
GB-EAW,Female,2000,NA,NA
GB-EAW,Female,2001,NA,NA
GB-EAW,Female,2002,NA,NA
GB-EAW,Female,2003,NA,NA
GB-EAW,Female,2004,NA,NA
GB-EAW,Female,2005,NA,NA
GB-EAW,Female,2006,NA,NA
GB-EAW,Female,2007,NA,NA
GB-EAW,Female,2008,NA,NA
GB-EAW,Female,2009,NA,NA
GB-EAW,Female,2010,82.534522,NA
GB-EAW,Female,2011,82.917316,NA
GB-EAW,Female,2012,82.860034,NA
GB-EAW,Female,2013,82.945301,NA
GB-EAW,Female,2014,83.16524,NA
GB-EAW,Female,2015,82.892407,NA
GB-EAW,Female,2016,83.034798,NA
GB-EAW,Female,2017,83.148133,NA
GB-EAW,Female,2018,83.120903,NA
GB-EAW,Female,2019,83.444252,NA
GB-EAW,Female,2020,82.561737,83.596327
GB-EAW,Female,2021,82.766432,83.692488
GB-EAW,Female,2022,83.087644,83.791012
GB-EAW,Female,2023,83.223656,83.870053
GB-EAW,Female,2024,83.686367,83.951248
GB-EAW,Total,2000,NA,NA
GB-EAW,Total,2001,NA,NA
GB-EAW,Total,2002,NA,NA
GB-EAW,Total,2003,NA,NA
GB-EAW,Total,2004,NA,NA
GB-EAW,Total,2005,NA,NA
GB-EAW,Total,2006,NA,NA
GB-EAW,Total,2007,NA,NA
GB-EAW,Total,2008,NA,NA
GB-EAW,Total,2009,NA,NA
GB-EAW,Total,2010,80.612771,NA
GB-EAW,Total,2011,81.012351,NA
GB-EAW,Total,2012,81.061221,NA
GB-EAW,Total,2013,81.104802,NA
GB-EAW,Total,2014,81.329985,NA
GB-EAW,Total,2015,81.095095,NA
GB-EAW,Total,2016,81.235298,NA
GB-EAW,Total,2017,81.323451,NA
GB-EAW,Total,2018,81.281666,NA
GB-EAW,Total,2019,81.599974,NA
GB-EAW,Total,2020,80.539973,81.758847
GB-EAW,Total,2021,80.731357,81.863219
GB-EAW,Total,2022,81.173023,81.969763
GB-EAW,Total,2023,81.260569,82.057695
GB-EAW,Total,2024,81.761325,82.148449
GB-NIR,Male,2000,74.772245,NA
GB-NIR,Male,2001,75.19359,NA
GB-NIR,Male,2002,75.35926,NA
GB-NIR,Male,2003,75.854734,NA
GB-NIR,Male,2004,75.983557,NA
GB-NIR,Male,2005,75.942963,NA
GB-NIR,Male,2006,76.093013,NA
GB-NIR,Male,2007,76.192807,NA
GB-NIR,Male,2008,76.49452,NA
GB-NIR,Male,2009,77.176762,NA
GB-NIR,Male,2010,77.094841,NA
GB-NIR,Male,2011,77.850756,NA
GB-NIR,Male,2012,78.043805,NA
GB-NIR,Male,2013,78.085982,NA
GB-NIR,Male,2014,78.625694,NA
GB-NIR,Male,2015,78.168183,NA
GB-NIR,Male,2016,78.749625,NA
GB-NIR,Male,2017,78.40597,NA
GB-NIR,Male,2018,78.876807,NA
GB-NIR,Male,2019,79.03349,NA
GB-NIR,Male,2020,78.215378,79.359632
GB-NIR,Male,2021,78.15834,79.551416
GB-NIR,Male,2022,78.871965,79.722474
GB-NIR,Male,2023,79.295557,79.885791
GB-NIR,Male,2024,78.368222,80.050357
GB-NIR,Female,2000,79.747937,NA
GB-NIR,Female,2001,80.313868,NA
GB-NIR,Female,2002,80.256864,NA
GB-NIR,Female,2003,80.58991,NA
GB-NIR,Female,2004,80.721859,NA
GB-NIR,Female,2005,81.100652,NA
GB-NIR,Female,2006,81.01307,NA
GB-NIR,Female,2007,81.346928,NA
GB-NIR,Female,2008,81.117717,NA
GB-NIR,Female,2009,81.363931,NA
GB-NIR,Female,2010,81.683093,NA
GB-NIR,Female,2011,82.395708,NA
GB-NIR,Female,2012,82.246282,NA
GB-NIR,Female,2013,82.251128,NA
GB-NIR,Female,2014,82.374087,NA
GB-NIR,Female,2015,82.210077,NA
GB-NIR,Female,2016,82.275095,NA
GB-NIR,Female,2017,82.412673,NA
GB-NIR,Female,2018,82.468781,NA
GB-NIR,Female,2019,82.761012,NA
GB-NIR,Female,2020,82.016139,82.829767
GB-NIR,Female,2021,82.069001,82.923548
GB-NIR,Female,2022,82.674834,83.017427
GB-NIR,Female,2023,82.828691,83.127044
GB-NIR,Female,2024,82.752581,83.211125
GB-NIR,Total,2000,77.356438,NA
GB-NIR,Total,2001,77.847453,NA
GB-NIR,Total,2002,77.894212,NA
GB-NIR,Total,2003,78.314527,NA
GB-NIR,Total,2004,78.434162,NA
GB-NIR,Total,2005,78.59656,NA
GB-NIR,Total,2006,78.623766,NA
GB-NIR,Total,2007,78.831151,NA
GB-NIR,Total,2008,78.873902,NA
GB-NIR,Total,2009,79.349511,NA
GB-NIR,Total,2010,79.449094,NA
GB-NIR,Total,2011,80.181869,NA
GB-NIR,Total,2012,80.199603,NA
GB-NIR,Total,2013,80.222246,NA
GB-NIR,Total,2014,80.558246,NA
GB-NIR,Total,2015,80.229878,NA
GB-NIR,Total,2016,80.559486,NA
GB-NIR,Total,2017,80.442237,NA
GB-NIR,Total,2018,80.709173,NA
GB-NIR,Total,2019,80.936141,NA
GB-NIR,Total,2020,80.134047,81.130653
GB-NIR,Total,2021,80.128385,81.271852
GB-NIR,Total,2022,80.788758,81.402099
GB-NIR,Total,2023,81.082082,81.535925
GB-NIR,Total,2024,80.559919,81.65817
GB-SCT,Male,2000,73.169091,NA
GB-SCT,Male,2001,73.336401,NA
GB-SCT,Male,2002,73.289333,NA
GB-SCT,Male,2003,73.708394,NA
GB-SCT,Male,2004,74.234848,NA
GB-SCT,Male,2005,74.652912,NA
GB-SCT,Male,2006,74.814853,NA
GB-SCT,Male,2007,74.820182,NA
GB-SCT,Male,2008,75.225328,NA
GB-SCT,Male,2009,75.914581,NA
GB-SCT,Male,2010,76.202194,NA
GB-SCT,Male,2011,76.471039,NA
GB-SCT,Male,2012,76.776798,NA
GB-SCT,Male,2013,77.009333,NA
GB-SCT,Male,2014,77.298161,NA
GB-SCT,Male,2015,76.948851,NA
GB-SCT,Male,2016,76.941378,NA
GB-SCT,Male,2017,77.116732,NA
GB-SCT,Male,2018,77.037984,NA
GB-SCT,Male,2019,77.171871,NA
GB-SCT,Male,2020,76.174776,77.393436
GB-SCT,Male,2021,76.397867,77.46705
GB-SCT,Male,2022,77.074696,77.529345
GB-SCT,Male,2023,77.236034,77.59498
GB-SCT,Male,2024,77.923017,77.660625
GB-SCT,Female,2000,78.601806,NA
GB-SCT,Female,2001,78.796319,NA
GB-SCT,Female,2002,78.845117,NA
GB-SCT,Female,2003,78.825061,NA
GB-SCT,Female,2004,79.370834,NA
GB-SCT,Female,2005,79.432531,NA
GB-SCT,Female,2006,79.731043,NA
GB-SCT,Female,2007,79.80667,NA
GB-SCT,Female,2008,79.922001,NA
GB-SCT,Female,2009,80.468483,NA
GB-SCT,Female,2010,80.61809,NA
GB-SCT,Female,2011,80.812839,NA
GB-SCT,Female,2012,80.75889,NA
GB-SCT,Female,2013,81.040953,NA
GB-SCT,Female,2014,81.291628,NA
GB-SCT,Female,2015,81.042504,NA
GB-SCT,Female,2016,81.073568,NA
GB-SCT,Female,2017,81.140674,NA
GB-SCT,Female,2018,81.031057,NA
GB-SCT,Female,2019,81.201291,NA
GB-SCT,Female,2020,80.741124,81.301489
GB-SCT,Female,2021,80.525473,81.357926
GB-SCT,Female,2022,80.923117,81.396799
GB-SCT,Female,2023,80.810608,81.436847
GB-SCT,Female,2024,81.233012,81.486926
GB-SCT,Total,2000,75.960626,NA
GB-SCT,Total,2001,76.13794,NA
GB-SCT,Total,2002,76.126856,NA
GB-SCT,Total,2003,76.337307,NA
GB-SCT,Total,2004,76.87202,NA
GB-SCT,Total,2005,77.116059,NA
GB-SCT,Total,2006,77.341027,NA
GB-SCT,Total,2007,77.372068,NA
GB-SCT,Total,2008,77.62993,NA
GB-SCT,Total,2009,78.254234,NA
GB-SCT,Total,2010,78.471837,NA
GB-SCT,Total,2011,78.70081,NA
GB-SCT,Total,2012,78.815769,NA
GB-SCT,Total,2013,79.077077,NA
GB-SCT,Total,2014,79.343723,NA
GB-SCT,Total,2015,79.030235,NA
GB-SCT,Total,2016,79.044152,NA
GB-SCT,Total,2017,79.164696,NA
GB-SCT,Total,2018,79.068876,NA
GB-SCT,Total,2019,79.215862,NA
GB-SCT,Total,2020,78.464206,79.380975
GB-SCT,Total,2021,78.478743,79.44472
GB-SCT,Total,2022,79.019729,79.493374
GB-SCT,Total,2023,79.045174,79.544812
GB-SCT,Total,2024,79.60398,79.60148
GR,Male,2000,75.526733,NA
GR,Male,2001,75.981139,NA
GR,Male,2002,76.240816,NA
GR,Male,2003,76.398359,NA
GR,Male,2004,76.481236,NA
GR,Male,2005,76.653857,NA
GR,Male,2006,76.975586,NA
GR,Male,2007,76.783246,NA
GR,Male,2008,77.367188,NA
GR,Male,2009,77.440445,NA
GR,Male,2010,77.887128,NA
GR,Male,2011,77.913047,NA
GR,Male,2012,77.865151,NA
GR,Male,2013,78.47891,NA
GR,Male,2014,78.545813,NA
GR,Male,2015,78.292891,NA
GR,Male,2016,78.600037,NA
GR,Male,2017,78.555262,NA
GR,Male,2018,78.986097,NA
GR,Male,2019,78.928489,NA
GR,Male,2020,78.738613,78.982473
GR,Male,2021,77.418188,79.122658
GR,Male,2022,78.180267,79.250771
GR,Male,2023,78.97329,79.344057
GR,Male,2024,78.975223,79.468771
GR,Female,2000,81.19082,NA
GR,Female,2001,81.607293,NA
GR,Female,2002,81.709172,NA
GR,Female,2003,81.834305,NA
GR,Female,2004,82.068162,NA
GR,Female,2005,82.346282,NA
GR,Female,2006,82.603319,NA
GR,Female,2007,82.49535,NA
GR,Female,2008,82.98962,NA
GR,Female,2009,83.258789,NA
GR,Female,2010,83.291757,NA
GR,Female,2011,83.514926,NA
GR,Female,2012,83.353954,NA
GR,Female,2013,83.854779,NA
GR,Female,2014,84.012336,NA
GR,Female,2015,83.677318,NA
GR,Female,2016,83.864879,NA
GR,Female,2017,83.800338,NA
GR,Female,2018,84.24549,NA
GR,Female,2019,84.051792,NA
GR,Female,2020,83.823253,84.239389
GR,Female,2021,82.979518,84.312174
GR,Female,2022,83.409469,84.370344
GR,Female,2023,84.068117,84.449409
GR,Female,2024,84.097922,84.514291
GR,Total,2000,78.332806,NA
GR,Total,2001,78.772325,NA
GR,Total,2002,78.956994,NA
GR,Total,2003,79.097165,NA
GR,Total,2004,79.255285,NA
GR,Total,2005,79.480367,NA
GR,Total,2006,79.775382,NA
GR,Total,2007,79.618005,NA
GR,Total,2008,80.170942,NA
GR,Total,2009,80.34161,NA
GR,Total,2010,80.596454,NA
GR,Total,2011,80.723052,NA
GR,Total,2012,80.616828,NA
GR,Total,2013,81.19372,NA
GR,Total,2014,81.301235,NA
GR,Total,2015,80.99872,NA
GR,Total,2016,81.254652,NA
GR,Total,2017,81.195193,NA
GR,Total,2018,81.636488,NA
GR,Total,2019,81.497558,NA
GR,Total,2020,81.280628,81.619131
GR,Total,2021,80.182203,81.722794
GR,Total,2022,80.787136,81.812486
GR,Total,2023,81.519721,81.893999
GR,Total,2024,81.52914,81.983179
HR,Male,2000,NA,NA
HR,Male,2001,70.922998,NA
HR,Male,2002,71.011937,NA
HR,Male,2003,70.979538,NA
HR,Male,2004,71.808724,NA
HR,Male,2005,71.70569,NA
HR,Male,2006,72.371145,NA
HR,Male,2007,72.175975,NA
HR,Male,2008,72.264752,NA
HR,Male,2009,72.764257,NA
HR,Male,2010,73.3687,NA
HR,Male,2011,73.744608,NA
HR,Male,2012,73.817196,NA
HR,Male,2013,74.372634,NA
HR,Male,2014,74.60853,NA
HR,Male,2015,74.283307,NA
HR,Male,2016,74.883921,NA
HR,Male,2017,74.853515,NA
HR,Male,2018,74.847334,NA
HR,Male,2019,75.365242,NA
HR,Male,2020,74.635321,75.551984
HR,Male,2021,73.841375,75.739804
HR,Male,2022,75.158477,75.957062
HR,Male,2023,76.191123,76.193987
HR,Male,2024,76.59896,76.398113
HR,Female,2000,NA,NA
HR,Female,2001,78.116024,NA
HR,Female,2002,78.321129,NA
HR,Female,2003,78.201397,NA
HR,Female,2004,78.879139,NA
HR,Female,2005,78.857654,NA
HR,Female,2006,79.262217,NA
HR,Female,2007,79.140237,NA
HR,Female,2008,79.516126,NA
HR,Female,2009,79.546275,NA
HR,Female,2010,79.803991,NA
HR,Female,2011,80.241754,NA
HR,Female,2012,80.533156,NA
HR,Female,2013,80.847733,NA
HR,Female,2014,80.91139,NA
HR,Female,2015,80.50022,NA
HR,Female,2016,81.199911,NA
HR,Female,2017,80.890213,NA
HR,Female,2018,81.350489,NA
HR,Female,2019,81.48267,NA
HR,Female,2020,80.894603,81.671702
HR,Female,2021,79.917943,81.863927
HR,Female,2022,81.068717,82.061381
HR,Female,2023,82.157161,82.283764
HR,Female,2024,82.253817,82.461839
HR,Total,2000,NA,NA
HR,Total,2001,74.559594,NA
HR,Total,2002,74.704076,NA
HR,Total,2003,74.618381,NA
HR,Total,2004,75.397745,NA
HR,Total,2005,75.311191,NA
HR,Total,2006,75.867039,NA
HR,Total,2007,75.687143,NA
HR,Total,2008,75.906143,NA
HR,Total,2009,76.186351,NA
HR,Total,2010,76.633415,NA
HR,Total,2011,77.04292,NA
HR,Total,2012,77.21259,NA
HR,Total,2013,77.669621,NA
HR,Total,2014,77.817421,NA
HR,Total,2015,77.433522,NA
HR,Total,2016,78.094945,NA
HR,Total,2017,77.917574,NA
HR,Total,2018,78.131758,NA
HR,Total,2019,78.470684,NA
HR,Total,2020,77.783843,78.659759
HR,Total,2021,76.876456,78.847059
HR,Total,2022,78.131082,79.050897
HR,Total,2023,79.202884,79.278254
HR,Total,2024,79.465114,79.467934
HU,Male,2000,67.490059,NA
HU,Male,2001,68.197025,NA
HU,Male,2002,68.285407,NA
HU,Male,2003,68.315404,NA
HU,Male,2004,68.663164,NA
HU,Male,2005,68.618789,NA
HU,Male,2006,69.076392,NA
HU,Male,2007,69.245916,NA
HU,Male,2008,69.816173,NA
HU,Male,2009,70.10705,NA
HU,Male,2010,70.545033,NA
HU,Male,2011,71.13881,NA
HU,Male,2012,71.549168,NA
HU,Male,2013,72.115743,NA
HU,Male,2014,72.260284,NA
HU,Male,2015,72.228353,NA
HU,Male,2016,72.551803,NA
HU,Male,2017,72.547052,NA
HU,Male,2018,72.716055,NA
HU,Male,2019,73.041533,NA
HU,Male,2020,72.318005,73.308362
HU,Male,2021,70.747445,73.550803
HU,Male,2022,72.722135,73.770917
HU,Male,2023,73.77924,73.978525
HU,Male,2024,74.135947,74.191599
HU,Female,2000,76.037597,NA
HU,Female,2001,76.56122,NA
HU,Female,2002,76.678147,NA
HU,Female,2003,76.644881,NA
HU,Female,2004,77.104382,NA
HU,Female,2005,77.065861,NA
HU,Female,2006,77.557083,NA
HU,Female,2007,77.511535,NA
HU,Female,2008,77.949323,NA
HU,Female,2009,78.117733,NA
HU,Female,2010,78.304383,NA
HU,Female,2011,78.493351,NA
HU,Female,2012,78.621502,NA
HU,Female,2013,79.01206,NA
HU,Female,2014,79.250828,NA
HU,Female,2015,78.878693,NA
HU,Female,2016,79.566999,NA
HU,Female,2017,79.283223,NA
HU,Female,2018,79.536485,NA
HU,Female,2019,79.69452,NA
HU,Female,2020,79.04045,79.839577
HU,Female,2021,77.740157,80.007801
HU,Female,2022,79.368856,80.11969
HU,Female,2023,80.21674,80.241236
HU,Female,2024,80.334852,80.346171
HU,Total,2000,71.763721,NA
HU,Total,2001,72.403477,NA
HU,Total,2002,72.505546,NA
HU,Total,2003,72.504545,NA
HU,Total,2004,72.914993,NA
HU,Total,2005,72.86567,NA
HU,Total,2006,73.350385,NA
HU,Total,2007,73.422671,NA
HU,Total,2008,73.945383,NA
HU,Total,2009,74.182258,NA
HU,Total,2010,74.506064,NA
HU,Total,2011,74.914328,NA
HU,Total,2012,75.184747,NA
HU,Total,2013,75.679282,NA
HU,Total,2014,75.863964,NA
HU,Total,2015,75.657852,NA
HU,Total,2016,76.156577,NA
HU,Total,2017,76.007756,NA
HU,Total,2018,76.208657,NA
HU,Total,2019,76.451684,NA
HU,Total,2020,75.735642,76.665341
HU,Total,2021,74.243498,76.873541
HU,Total,2022,76.101903,77.041539
HU,Total,2023,77.081639,77.204398
HU,Total,2024,77.322378,77.360627
IL,Male,2000,76.628932,NA
IL,Male,2001,77.056818,NA
IL,Male,2002,77.131285,NA
IL,Male,2003,77.49658,NA
IL,Male,2004,77.95416,NA
IL,Male,2005,78.181782,NA
IL,Male,2006,78.588331,NA
IL,Male,2007,78.727607,NA
IL,Male,2008,79.046426,NA
IL,Male,2009,79.632206,NA
IL,Male,2010,79.705112,NA
IL,Male,2011,79.847979,NA
IL,Male,2012,79.873472,NA
IL,Male,2013,80.286064,NA
IL,Male,2014,80.348777,NA
IL,Male,2015,80.145365,NA
IL,Male,2016,80.67074,NA
IL,Male,2017,80.318359,NA
IL,Male,2018,80.689577,NA
IL,Male,2019,80.683957,NA
IL,Male,2020,80.252487,80.829071
IL,Male,2021,79.986348,80.906448
IL,Male,2022,80.128654,81.003816
IL,Male,2023,80.373415,81.092703
IL,Male,2024,80.283941,81.185836
IL,Female,2000,80.89869,NA
IL,Female,2001,81.356464,NA
IL,Female,2002,81.328794,NA
IL,Female,2003,81.637139,NA
IL,Female,2004,82.104012,NA
IL,Female,2005,82.085238,NA
IL,Female,2006,82.411812,NA
IL,Female,2007,82.511454,NA
IL,Female,2008,82.880746,NA
IL,Female,2009,83.300638,NA
IL,Female,2010,83.477453,NA
IL,Female,2011,83.434281,NA
IL,Female,2012,83.526776,NA
IL,Female,2013,83.821431,NA
IL,Female,2014,84.071607,NA
IL,Female,2015,84.065106,NA
IL,Female,2016,84.239802,NA
IL,Female,2017,84.508414,NA
IL,Female,2018,84.703227,NA
IL,Female,2019,84.609787,NA
IL,Female,2020,84.526168,84.798324
IL,Female,2021,84.197155,84.912498
IL,Female,2022,84.240229,85.021036
IL,Female,2023,84.732245,85.115468
IL,Female,2024,84.447688,85.223168
IL,Total,2000,78.822573,NA
IL,Total,2001,79.269944,NA
IL,Total,2002,79.292297,NA
IL,Total,2003,79.634107,NA
IL,Total,2004,80.095109,NA
IL,Total,2005,80.200477,NA
IL,Total,2006,80.565467,NA
IL,Total,2007,80.68702,NA
IL,Total,2008,81.027974,NA
IL,Total,2009,81.536174,NA
IL,Total,2010,81.658228,NA
IL,Total,2011,81.70558,NA
IL,Total,2012,81.76041,NA
IL,Total,2013,82.113395,NA
IL,Total,2014,82.269412,NA
IL,Total,2015,82.162745,NA
IL,Total,2016,82.505514,NA
IL,Total,2017,82.465851,NA
IL,Total,2018,82.747488,NA
IL,Total,2019,82.693267,NA
IL,Total,2020,82.425244,82.861479
IL,Total,2021,82.12379,82.955342
IL,Total,2022,82.217859,83.056445
IL,Total,2023,82.580529,83.14567
IL,Total,2024,82.392587,83.243598
IS,Male,2000,77.873463,NA
IS,Male,2001,78.361073,NA
IS,Male,2002,78.476431,NA
IS,Male,2003,79.562941,NA
IS,Male,2004,79.02186,NA
IS,Male,2005,79.333631,NA
IS,Male,2006,79.373471,NA
IS,Male,2007,79.498488,NA
IS,Male,2008,79.804196,NA
IS,Male,2009,79.815104,NA
IS,Male,2010,79.807449,NA
IS,Male,2011,80.547242,NA
IS,Male,2012,81.262785,NA
IS,Male,2013,80.396426,NA
IS,Male,2014,81.091594,NA
IS,Male,2015,81.176331,NA
IS,Male,2016,80.337638,NA
IS,Male,2017,80.805217,NA
IS,Male,2018,81.222564,NA
IS,Male,2019,81.432773,NA
IS,Male,2020,81.19976,81.404024
IS,Male,2021,81.549519,81.584099
IS,Male,2022,80.79846,81.75794
IS,Male,2023,80.703201,81.843762
IS,Male,2024,81.174166,81.985541
IS,Female,2000,81.514333,NA
IS,Female,2001,83.034599,NA
IS,Female,2002,82.597043,NA
IS,Female,2003,82.634122,NA
IS,Female,2004,83.036514,NA
IS,Female,2005,83.357447,NA
IS,Female,2006,82.964833,NA
IS,Female,2007,83.145344,NA
IS,Female,2008,83.097371,NA
IS,Female,2009,83.678615,NA
IS,Female,2010,83.913548,NA
IS,Female,2011,83.922316,NA
IS,Female,2012,83.931822,NA
IS,Female,2013,83.629479,NA
IS,Female,2014,84.251205,NA
IS,Female,2015,83.593427,NA
IS,Female,2016,83.901423,NA
IS,Female,2017,84.111614,NA
IS,Female,2018,84.231459,NA
IS,Female,2019,84.471718,NA
IS,Female,2020,84.471613,84.297982
IS,Female,2021,84.36141,84.292052
IS,Female,2022,83.504679,84.285142
IS,Female,2023,84.173892,84.262867
IS,Female,2024,84.101398,84.273889
IS,Total,2000,79.689758,NA
IS,Total,2001,80.684656,NA
IS,Total,2002,80.519032,NA
IS,Total,2003,81.115803,NA
IS,Total,2004,81.024149,NA
IS,Total,2005,81.333489,NA
IS,Total,2006,81.167693,NA
IS,Total,2007,81.316444,NA
IS,Total,2008,81.410774,NA
IS,Total,2009,81.729238,NA
IS,Total,2010,81.83233,NA
IS,Total,2011,82.233462,NA
IS,Total,2012,82.602909,NA
IS,Total,2013,82.012508,NA
IS,Total,2014,82.676994,NA
IS,Total,2015,82.402272,NA
IS,Total,2016,82.096816,NA
IS,Total,2017,82.407045,NA
IS,Total,2018,82.697185,NA
IS,Total,2019,82.916048,NA
IS,Total,2020,82.792214,82.810698
IS,Total,2021,82.903141,82.884557
IS,Total,2022,82.097165,82.956137
IS,Total,2023,82.371209,82.979216
IS,Total,2024,82.592126,83.048568
IT,Male,2000,NA,NA
IT,Male,2001,NA,NA
IT,Male,2002,NA,NA
IT,Male,2003,NA,NA
IT,Male,2004,NA,NA
IT,Male,2005,NA,NA
IT,Male,2006,NA,NA
IT,Male,2007,NA,NA
IT,Male,2008,NA,NA
IT,Male,2009,NA,NA
IT,Male,2010,NA,NA
IT,Male,2011,79.711204,NA
IT,Male,2012,79.794452,NA
IT,Male,2013,80.197147,NA
IT,Male,2014,80.489808,NA
IT,Male,2015,80.209488,NA
IT,Male,2016,80.733996,NA
IT,Male,2017,80.47443,NA
IT,Male,2018,80.952781,NA
IT,Male,2019,81.142565,NA
IT,Male,2020,79.853613,81.274022
IT,Male,2021,80.287691,81.4626
IT,Male,2022,80.561298,81.612328
IT,Male,2023,81.303832,81.743178
IT,Male,2024,81.661074,81.895997
IT,Female,2000,NA,NA
IT,Female,2001,NA,NA
IT,Female,2002,NA,NA
IT,Female,2003,NA,NA
IT,Female,2004,NA,NA
IT,Female,2005,NA,NA
IT,Female,2006,NA,NA
IT,Female,2007,NA,NA
IT,Female,2008,NA,NA
IT,Female,2009,NA,NA
IT,Female,2010,NA,NA
IT,Female,2011,84.581923,NA
IT,Female,2012,84.505977,NA
IT,Female,2013,84.905384,NA
IT,Female,2014,85.129693,NA
IT,Female,2015,84.650347,NA
IT,Female,2016,85.186922,NA
IT,Female,2017,84.877755,NA
IT,Female,2018,85.281751,NA
IT,Female,2019,85.416489,NA
IT,Female,2020,84.475662,85.459516
IT,Female,2021,84.734835,85.593804
IT,Female,2022,84.757504,85.64971
IT,Female,2023,85.414551,85.722679
IT,Female,2024,85.715683,85.774281
IT,Total,2000,NA,NA
IT,Total,2001,NA,NA
IT,Total,2002,NA,NA
IT,Total,2003,NA,NA
IT,Total,2004,NA,NA
IT,Total,2005,NA,NA
IT,Total,2006,NA,NA
IT,Total,2007,NA,NA
IT,Total,2008,NA,NA
IT,Total,2009,NA,NA
IT,Total,2010,NA,NA
IT,Total,2011,82.250891,NA
IT,Total,2012,82.248064,NA
IT,Total,2013,82.651917,NA
IT,Total,2014,82.909442,NA
IT,Total,2015,82.512603,NA
IT,Total,2016,83.049615,NA
IT,Total,2017,82.750139,NA
IT,Total,2018,83.192943,NA
IT,Total,2019,83.351391,NA
IT,Total,2020,82.194137,83.435646
IT,Total,2021,82.553914,83.593235
IT,Total,2022,82.703874,83.693206
IT,Total,2023,83.41682,83.791648
IT,Total,2024,83.747427,83.888594
JP,Male,2000,77.687184,NA
JP,Male,2001,78.020836,NA
JP,Male,2002,78.285973,NA
JP,Male,2003,78.33067,NA
JP,Male,2004,78.608964,NA
JP,Male,2005,78.498102,NA
JP,Male,2006,78.921524,NA
JP,Male,2007,79.107179,NA
JP,Male,2008,79.211608,NA
JP,Male,2009,79.516441,NA
JP,Male,2010,79.511362,NA
JP,Male,2011,79.408136,NA
JP,Male,2012,79.906067,NA
JP,Male,2013,80.17929,NA
JP,Male,2014,80.452185,NA
JP,Male,2015,80.728452,NA
JP,Male,2016,80.931406,NA
JP,Male,2017,81.062254,NA
JP,Male,2018,81.223279,NA
JP,Male,2019,81.371536,NA
JP,Male,2020,81.588715,81.58767
JP,Male,2021,81.489402,81.777178
JP,Male,2022,81.057496,81.97712
JP,Male,2023,81.108078,82.183599
JP,Male,2024,81.117356,82.37578
JP,Female,2000,84.567304,NA
JP,Female,2001,84.896593,NA
JP,Female,2002,85.200409,NA
JP,Female,2003,85.303272,NA
JP,Female,2004,85.530783,NA
JP,Female,2005,85.46978,NA
JP,Female,2006,85.753658,NA
JP,Female,2007,85.93529,NA
JP,Female,2008,85.99414,NA
JP,Female,2009,86.383861,NA
JP,Female,2010,86.284563,NA
JP,Female,2011,85.904673,NA
JP,Female,2012,86.403056,NA
JP,Female,2013,86.5964,NA
JP,Female,2014,86.824514,NA
JP,Female,2015,87.023049,NA
JP,Female,2016,87.165567,NA
JP,Female,2017,87.294757,NA
JP,Female,2018,87.371931,NA
JP,Female,2019,87.493308,NA
JP,Female,2020,87.804353,87.662907
JP,Female,2021,87.661318,87.804152
JP,Female,2022,87.154937,87.9472
JP,Female,2023,87.224825,88.101265
JP,Female,2024,87.214143000000007,88.234575
JP,Total,2000,81.215107,NA
JP,Total,2001,81.552323,NA
JP,Total,2002,81.840647,NA
JP,Total,2003,81.906525,NA
JP,Total,2004,82.163355,NA
JP,Total,2005,82.062216,NA
JP,Total,2006,82.427419,NA
JP,Total,2007,82.60825,NA
JP,Total,2008,82.684648,NA
JP,Total,2009,83.034416,NA
JP,Total,2010,82.971509,NA
JP,Total,2011,82.727932,NA
JP,Total,2012,83.224632,NA
JP,Total,2013,83.457996,NA
JP,Total,2014,83.711291,NA
JP,Total,2015,83.947334,NA
JP,Total,2016,84.117206,NA
JP,Total,2017,84.238906,NA
JP,Total,2018,84.358016,NA
JP,Total,2019,84.487665,NA
JP,Total,2020,84.75103,84.677612
JP,Total,2021,84.614807,84.840309
JP,Total,2022,84.119124,85.011017
JP,Total,2023,84.176171,85.191898
JP,Total,2024,84.16792,85.355515
LT,Male,2000,66.751846,NA
LT,Male,2001,65.925849,NA
LT,Male,2002,66.191866,NA
LT,Male,2003,66.400224,NA
LT,Male,2004,66.283861,NA
LT,Male,2005,65.203565,NA
LT,Male,2006,65.050863,NA
LT,Male,2007,64.511204,NA
LT,Male,2008,65.926229,NA
LT,Male,2009,67.127862,NA
LT,Male,2010,67.539062,NA
LT,Male,2011,68.047812,NA
LT,Male,2012,68.403754,NA
LT,Male,2013,68.569241,NA
LT,Male,2014,69.181315,NA
LT,Male,2015,69.260377,NA
LT,Male,2016,69.623935,NA
LT,Male,2017,70.884549,NA
LT,Male,2018,71.088993,NA
LT,Male,2019,71.692387,NA
LT,Male,2020,70.277989,71.942689
LT,Male,2021,69.618398,72.319789
LT,Male,2022,71.392471,72.689583
LT,Male,2023,72.903307,73.013206
LT,Male,2024,73.036199,73.362965
LT,Female,2000,77.366697,NA
LT,Female,2001,77.48261,NA
LT,Female,2002,77.456307,NA
LT,Female,2003,77.701061,NA
LT,Female,2004,77.709359,NA
LT,Female,2005,77.464504,NA
LT,Female,2006,77.020637,NA
LT,Female,2007,77.161784,NA
LT,Female,2008,77.5066,NA
LT,Female,2009,78.5085,NA
LT,Female,2010,78.734567,NA
LT,Female,2011,79.046692,NA
LT,Female,2012,79.379495,NA
LT,Female,2013,79.342312,NA
LT,Female,2014,79.854946,NA
LT,Female,2015,79.605722,NA
LT,Female,2016,79.962324,NA
LT,Female,2017,80.343284,NA
LT,Female,2018,80.592189,NA
LT,Female,2019,81.018921,NA
LT,Female,2020,80.057288,81.210438
LT,Female,2021,78.881837,81.442305
LT,Female,2022,80.095208,81.67561
LT,Female,2023,81.694453,81.928233
LT,Female,2024,81.643818,82.160201
LT,Total,2000,72.149949,NA
LT,Total,2001,71.719941,NA
LT,Total,2002,71.847899,NA
LT,Total,2003,72.079495,NA
LT,Total,2004,72.000949,NA
LT,Total,2005,71.242653,NA
LT,Total,2006,70.943443,NA
LT,Total,2007,70.687342,NA
LT,Total,2008,71.688963,NA
LT,Total,2009,72.84616,NA
LT,Total,2010,73.177491,NA
LT,Total,2011,73.613637,NA
LT,Total,2012,73.959845,NA
LT,Total,2013,74.03394,NA
LT,Total,2014,74.617691,NA
LT,Total,2015,74.528787,NA
LT,Total,2016,74.894758,NA
LT,Total,2017,75.77572,NA
LT,Total,2018,75.996418,NA
LT,Total,2019,76.519694,NA
LT,Total,2020,75.232805,76.732517
LT,Total,2021,74.28797,77.035667
LT,Total,2022,75.85494,77.339502
LT,Total,2023,77.445238,77.612021
LT,Total,2024,77.469631,77.888834
LU,Male,2000,74.361179,NA
LU,Male,2001,74.933656,NA
LU,Male,2002,74.608988,NA
LU,Male,2003,74.657828,NA
LU,Male,2004,76.009455,NA
LU,Male,2005,76.779689,NA
LU,Male,2006,76.84724,NA
LU,Male,2007,76.717506,NA
LU,Male,2008,78.127264,NA
LU,Male,2009,78.240815,NA
LU,Male,2010,77.916436,NA
LU,Male,2011,78.305561,NA
LU,Male,2012,78.803371,NA
LU,Male,2013,79.307303,NA
LU,Male,2014,79.109831,NA
LU,Male,2015,79.67612,NA
LU,Male,2016,79.69391,NA
LU,Male,2017,79.489548,NA
LU,Male,2018,79.68276,NA
LU,Male,2019,79.92112,NA
LU,Male,2020,79.644888,80.335013
LU,Male,2021,80.314334,80.499906
LU,Male,2022,80.450098,80.667961
LU,Male,2023,81.445357,80.810279
LU,Male,2024,80.515454,80.946507
LU,Female,2000,80.902718,NA
LU,Female,2001,80.571547,NA
LU,Female,2002,81.178284,NA
LU,Female,2003,80.787331,NA
LU,Female,2004,82.211223,NA
LU,Female,2005,82.143045,NA
LU,Female,2006,81.802239,NA
LU,Female,2007,82.095504,NA
LU,Female,2008,82.852222,NA
LU,Female,2009,82.982335,NA
LU,Female,2010,83.226285,NA
LU,Female,2011,83.119267,NA
LU,Female,2012,83.455613,NA
LU,Female,2013,83.419825,NA
LU,Female,2014,84.506111,NA
LU,Female,2015,84.332773,NA
LU,Female,2016,84.797713,NA
LU,Female,2017,84.039298,NA
LU,Female,2018,84.214829,NA
LU,Female,2019,84.717526,NA
LU,Female,2020,84.319512,84.843818
LU,Female,2021,84.624643,85.036196
LU,Female,2022,85.092632,85.152605
LU,Female,2023,84.682022,85.235287
LU,Female,2024,85.67607,85.411691
LU,Total,2000,77.697967,NA
LU,Total,2001,77.831006,NA
LU,Total,2002,77.932273,NA
LU,Total,2003,77.752861,NA
LU,Total,2004,79.179514,NA
LU,Total,2005,79.530021,NA
LU,Total,2006,79.356503,NA
LU,Total,2007,79.468983,NA
LU,Total,2008,80.570979,NA
LU,Total,2009,80.70522,NA
LU,Total,2010,80.615927,NA
LU,Total,2011,80.75629,NA
LU,Total,2012,81.142234,NA
LU,Total,2013,81.377973,NA
LU,Total,2014,81.822809,NA
LU,Total,2015,82.018134,NA
LU,Total,2016,82.242966,NA
LU,Total,2017,81.773864,NA
LU,Total,2018,81.947024,NA
LU,Total,2019,82.305963,NA
LU,Total,2020,81.951091,82.598259
LU,Total,2021,82.450859,82.771577
LU,Total,2022,82.755413,82.910115
LU,Total,2023,83.049494,83.019669
LU,Total,2024,83.062026,83.167026
LV,Male,2000,64.48968,NA
LV,Male,2001,64.233497,NA
LV,Male,2002,64.392495,NA
LV,Male,2003,65.318932,NA
LV,Male,2004,65.57663,NA
LV,Male,2005,64.897913,NA
LV,Male,2006,64.919902,NA
LV,Male,2007,65.280485,NA
LV,Male,2008,66.437194,NA
LV,Male,2009,67.465356,NA
LV,Male,2010,67.860991,NA
LV,Male,2011,68.497474,NA
LV,Male,2012,68.803722,NA
LV,Male,2013,69.209841,NA
LV,Male,2014,69.017382,NA
LV,Male,2015,69.631717,NA
LV,Male,2016,69.744261,NA
LV,Male,2017,69.78502,NA
LV,Male,2018,70.012675,NA
LV,Male,2019,70.873813,NA
LV,Male,2020,70.572133,71.000457
LV,Male,2021,68.222637,71.325851
LV,Male,2022,69.479483,71.623481
LV,Male,2023,70.450593,71.906202
LV,Male,2024,71.394596,72.221154
LV,Female,2000,75.661694,NA
LV,Female,2001,75.402097,NA
LV,Female,2002,75.838423,NA
LV,Female,2003,75.672077,NA
LV,Female,2004,76.012546,NA
LV,Female,2005,76.258882,NA
LV,Female,2006,76.051201,NA
LV,Female,2007,76.195241,NA
LV,Female,2008,77.353881,NA
LV,Female,2009,77.556603,NA
LV,Female,2010,77.835602,NA
LV,Female,2011,78.478284,NA
LV,Female,2012,78.644112,NA
LV,Female,2013,78.666582,NA
LV,Female,2014,79.207567,NA
LV,Female,2015,79.291137,NA
LV,Female,2016,79.378642,NA
LV,Female,2017,79.547533,NA
LV,Female,2018,79.586411,NA
LV,Female,2019,80.007454,NA
LV,Female,2020,79.921867,80.282123
LV,Female,2021,78.042839,80.502892
LV,Female,2022,79.400296,80.73043
LV,Female,2023,80.500682,80.961328
LV,Female,2024,81.249247,81.17639
LV,Total,2000,70.135076,NA
LV,Total,2001,69.867417,NA
LV,Total,2002,70.155435,NA
LV,Total,2003,70.608333,NA
LV,Total,2004,70.904151,NA
LV,Total,2005,70.603979,NA
LV,Total,2006,70.510884,NA
LV,Total,2007,70.775555,NA
LV,Total,2008,71.990268,NA
LV,Total,2009,72.668562,NA
LV,Total,2010,73.014491,NA
LV,Total,2011,73.681263,NA
LV,Total,2012,73.907048,NA
LV,Total,2013,74.132849,NA
LV,Total,2014,74.267851,NA
LV,Total,2015,74.629051,NA
LV,Total,2016,74.734585,NA
LV,Total,2017,74.823243,NA
LV,Total,2018,74.953662,NA
LV,Total,2019,75.633717,NA
LV,Total,2020,75.399029,75.815855
LV,Total,2021,73.138889,76.090932
LV,Total,2022,74.496275,76.361396
LV,Total,2023,75.565575,76.621133
LV,Total,2024,76.441243,76.881943
NL,Male,2000,75.538303,NA
NL,Male,2001,75.807605,NA
NL,Male,2002,75.988527,NA
NL,Male,2003,76.235282,NA
NL,Male,2004,76.869279,NA
NL,Male,2005,77.195803,NA
NL,Male,2006,77.628417,NA
NL,Male,2007,78.011886,NA
NL,Male,2008,78.319322,NA
NL,Male,2009,78.526426,NA
NL,Male,2010,78.782467,NA
NL,Male,2011,79.194919,NA
NL,Male,2012,79.149373,NA
NL,Male,2013,79.419087,NA
NL,Male,2014,79.87909,NA
NL,Male,2015,79.744953,NA
NL,Male,2016,79.881259,NA
NL,Male,2017,80.06819,NA
NL,Male,2018,80.167511,NA
NL,Male,2019,80.467639,NA
NL,Male,2020,79.67785,80.622095
NL,Male,2021,79.695233,80.785219
NL,Male,2022,80.122066,80.966807
NL,Male,2023,80.318662,81.160605
NL,Male,2024,80.545352,81.333004
NL,Female,2000,80.571652,NA
NL,Female,2001,80.70584,NA
NL,Female,2002,80.67657,NA
NL,Female,2003,80.93193,NA
NL,Female,2004,81.42457,NA
NL,Female,2005,81.603547,NA
NL,Female,2006,81.889678,NA
NL,Female,2007,82.304826,NA
NL,Female,2008,82.270722,NA
NL,Female,2009,82.631787,NA
NL,Female,2010,82.718971,NA
NL,Female,2011,82.855728,NA
NL,Female,2012,82.820924,NA
NL,Female,2013,83.050697,NA
NL,Female,2014,83.29591,NA
NL,Female,2015,83.135575,NA
NL,Female,2016,83.129191,NA
NL,Female,2017,83.327562,NA
NL,Female,2018,83.34033,NA
NL,Female,2019,83.573361,NA
NL,Female,2020,83.083895,83.611455
NL,Female,2021,83.000194,83.694901
NL,Female,2022,83.117089000000007,83.779203999999993
NL,Female,2023,83.349295,83.869984
NL,Female,2024,83.354526,83.947526
NL,Total,2000,78.136972,NA
NL,Total,2001,78.34077,NA
NL,Total,2002,78.415779,NA
NL,Total,2003,78.665287,NA
NL,Total,2004,79.236032,NA
NL,Total,2005,79.493004,NA
NL,Total,2006,79.851904,NA
NL,Total,2007,80.254461,NA
NL,Total,2008,80.388954,NA
NL,Total,2009,80.663793,NA
NL,Total,2010,80.832822,NA
NL,Total,2011,81.111549,NA
NL,Total,2012,81.060281,NA
NL,Total,2013,81.303118,NA
NL,Total,2014,81.658934,NA
NL,Total,2015,81.497165,NA
NL,Total,2016,81.558402,NA
NL,Total,2017,81.743862,NA
NL,Total,2018,81.795431,NA
NL,Total,2019,82.06409,NA
NL,Total,2020,81.39837,82.155535
NL,Total,2021,81.364872,82.276898
NL,Total,2022,81.642919,82.408217
NL,Total,2023,81.855614,82.549144
NL,Total,2024,81.974321,82.672356
NO,Male,2000,75.947192,NA
NO,Male,2001,76.190754,NA
NO,Male,2002,76.393716,NA
NO,Male,2003,77.029485,NA
NO,Male,2004,77.493166,NA
NO,Male,2005,77.725369,NA
NO,Male,2006,78.105368,NA
NO,Male,2007,78.21711,NA
NO,Male,2008,78.301666,NA
NO,Male,2009,78.58793,NA
NO,Male,2010,78.829425,NA
NO,Male,2011,78.987538,NA
NO,Male,2012,79.406808,NA
NO,Male,2013,79.640975,NA
NO,Male,2014,80.019651,NA
NO,Male,2015,80.351961,NA
NO,Male,2016,80.611738,NA
NO,Male,2017,80.902071,NA
NO,Male,2018,80.986689,NA
NO,Male,2019,81.180321,NA
NO,Male,2020,81.471662,81.500114
NO,Male,2021,81.581915,81.753918
NO,Male,2022,80.906722,81.9953
NO,Male,2023,81.3883,82.229327
NO,Male,2024,81.570121,82.466138
NO,Female,2000,81.371582,NA
NO,Female,2001,81.509387,NA
NO,Female,2002,81.451085,NA
NO,Female,2003,81.92053,NA
NO,Female,2004,82.330132,NA
NO,Female,2005,82.508981,NA
NO,Female,2006,82.662945,NA
NO,Female,2007,82.671053,NA
NO,Female,2008,82.93594,NA
NO,Female,2009,83.043143,NA
NO,Female,2010,83.141435,NA
NO,Female,2011,83.445892,NA
NO,Female,2012,83.409189,NA
NO,Female,2013,83.601887,NA
NO,Female,2014,84.100837,NA
NO,Female,2015,84.147744,NA
NO,Female,2016,84.162308,NA
NO,Female,2017,84.282603,NA
NO,Female,2018,84.499755,NA
NO,Female,2019,84.692747,NA
NO,Female,2020,84.894863,84.866623
NO,Female,2021,84.731062,85.034427
NO,Female,2022,84.344892,85.178049
NO,Female,2023,84.629725,85.32508
NO,Female,2024,84.802123,85.464662
NO,Total,2000,78.687684,NA
NO,Total,2001,78.881468,NA
NO,Total,2002,78.95525,NA
NO,Total,2003,79.522912,NA
NO,Total,2004,79.963705,NA
NO,Total,2005,80.171401,NA
NO,Total,2006,80.433976,NA
NO,Total,2007,80.492166,NA
NO,Total,2008,80.659449,NA
NO,Total,2009,80.852492,NA
NO,Total,2010,81.023512,NA
NO,Total,2011,81.242049,NA
NO,Total,2012,81.437673,NA
NO,Total,2013,81.649424,NA
NO,Total,2014,82.087032,NA
NO,Total,2015,82.27786,NA
NO,Total,2016,82.417634,NA
NO,Total,2017,82.623212,NA
NO,Total,2018,82.761673,NA
NO,Total,2019,82.954239,NA
NO,Total,2020,83.199916,83.201704
NO,Total,2021,83.169017,83.410851
NO,Total,2022,82.620013,83.603853
NO,Total,2023,83.013478,83.795331
NO,Total,2024,83.188048,83.983185
PL,Male,2000,69.524222,NA
PL,Male,2001,70.044355,NA
PL,Male,2002,70.362344,NA
PL,Male,2003,70.576164,NA
PL,Male,2004,70.704901,NA
PL,Male,2005,70.846339,NA
PL,Male,2006,71.000739,NA
PL,Male,2007,71.037902,NA
PL,Male,2008,71.344346,NA
PL,Male,2009,71.620671,NA
PL,Male,2010,72.154376,NA
PL,Male,2011,72.526617,NA
PL,Male,2012,72.6193,NA
PL,Male,2013,72.959938,NA
PL,Male,2014,73.619119,NA
PL,Male,2015,73.430836,NA
PL,Male,2016,73.781704,NA
PL,Male,2017,73.788981,NA
PL,Male,2018,73.661227,NA
PL,Male,2019,73.979972,NA
PL,Male,2020,72.47294,74.153499
PL,Male,2021,71.637279,74.358484
PL,Male,2022,73.418512,74.559068
PL,Male,2023,74.665102,74.721347
PL,Male,2024,75.044428,74.905407
PL,Female,2000,77.936521,NA
PL,Female,2001,78.365671,NA
PL,Female,2002,78.767709,NA
PL,Female,2003,78.893744,NA
PL,Female,2004,79.231962,NA
PL,Female,2005,79.328285,NA
PL,Female,2006,79.576412,NA
PL,Female,2007,79.673589,NA
PL,Female,2008,79.892478,NA
PL,Female,2009,79.981942,NA
PL,Female,2010,80.476169,NA
PL,Female,2011,80.805305,NA
PL,Female,2012,80.81097,NA
PL,Female,2013,80.936713,NA
PL,Female,2014,81.405908,NA
PL,Female,2015,81.294123,NA
PL,Female,2016,81.70387,NA
PL,Female,2017,81.51685,NA
PL,Female,2018,81.445133,NA
PL,Female,2019,81.687535,NA
PL,Female,2020,80.618396,81.813965
PL,Female,2021,79.601231,81.939383
PL,Female,2022,81.093331,82.081916
PL,Female,2023,82.038547,82.193215
PL,Female,2024,82.411437,82.316981
PL,Total,2000,73.736084,NA
PL,Total,2001,74.224635,NA
PL,Total,2002,74.587216,NA
PL,Total,2003,74.75974,NA
PL,Total,2004,74.984427,NA
PL,Total,2005,75.100668,NA
PL,Total,2006,75.298061,NA
PL,Total,2007,75.358051,NA
PL,Total,2008,75.627888,NA
PL,Total,2009,75.832228,NA
PL,Total,2010,76.350703,NA
PL,Total,2011,76.687817,NA
PL,Total,2012,76.729585,NA
PL,Total,2013,76.970057,NA
PL,Total,2014,77.555084,NA
PL,Total,2015,77.383746,NA
PL,Total,2016,77.765845,NA
PL,Total,2017,77.671507,NA
PL,Total,2018,77.557242,NA
PL,Total,2019,77.841194,NA
PL,Total,2020,76.481584,77.994035
PL,Total,2021,75.535536,78.165997
PL,Total,2022,77.236957,78.340305
PL,Total,2023,78.371403,78.473709
PL,Total,2024,78.747203,78.625087
PT,Male,2000,73.261001,NA
PT,Male,2001,73.593229,NA
PT,Male,2002,73.878061,NA
PT,Male,2003,74.236106,NA
PT,Male,2004,74.9629,NA
PT,Male,2005,74.911864,NA
PT,Male,2006,75.510811,NA
PT,Male,2007,75.943874,NA
PT,Male,2008,76.297503,NA
PT,Male,2009,76.584798,NA
PT,Male,2010,76.860667,NA
PT,Male,2011,77.311599,NA
PT,Male,2012,77.382659,NA
PT,Male,2013,77.662288,NA
PT,Male,2014,78.106962,NA
PT,Male,2015,78.229102,NA
PT,Male,2016,78.255074,NA
PT,Male,2017,78.6193,NA
PT,Male,2018,78.547353,NA
PT,Male,2019,78.97705,NA
PT,Male,2020,78.398714,79.229559
PT,Male,2021,78.420911,79.447013
PT,Male,2022,78.817898,79.660369
PT,Male,2023,79.373308,79.897493
PT,Male,2024,79.735241,80.1112
PT,Female,2000,80.368663,NA
PT,Female,2001,80.689261,NA
PT,Female,2002,80.844607,NA
PT,Female,2003,80.873613,NA
PT,Female,2004,81.834656,NA
PT,Female,2005,81.656041,NA
PT,Female,2006,82.58082,NA
PT,Female,2007,82.582446,NA
PT,Female,2008,82.803363,NA
PT,Female,2009,82.963492,NA
PT,Female,2010,83.238802,NA
PT,Female,2011,83.719749,NA
PT,Female,2012,83.593649,NA
PT,Female,2013,84.009404,NA
PT,Female,2014,84.384965,NA
PT,Female,2015,84.280327,NA
PT,Female,2016,84.346635,NA
PT,Female,2017,84.590712,NA
PT,Female,2018,84.516147,NA
PT,Female,2019,84.799993,NA
PT,Female,2020,84.238506,85.049002
PT,Female,2021,84.301364,85.217666
PT,Female,2022,84.453779,85.408279
PT,Female,2023,85.058311,85.611998
PT,Female,2024,85.257112,85.773005
PT,Total,2000,76.832877,NA
PT,Total,2001,77.162484,NA
PT,Total,2002,77.388229,NA
PT,Total,2003,77.594301,NA
PT,Total,2004,78.448789,NA
PT,Total,2005,78.331569,NA
PT,Total,2006,79.09647,NA
PT,Total,2007,79.330675,NA
PT,Total,2008,79.624553,NA
PT,Total,2009,79.854965000000007,NA
PT,Total,2010,80.130847,NA
PT,Total,2011,80.604509,NA
PT,Total,2012,80.57503,NA
PT,Total,2013,80.923768,NA
PT,Total,2014,81.343344,NA
PT,Total,2015,81.350106,NA
PT,Total,2016,81.391395,NA
PT,Total,2017,81.702633,NA
PT,Total,2018,81.622705,NA
PT,Total,2019,81.980202,NA
PT,Total,2020,81.386889,82.223419
PT,Total,2021,81.420671,82.411029
PT,Total,2022,81.698774,82.608354
PT,Total,2023,82.283556,82.82734
PT,Total,2024,82.566651,83.01357
SE,Male,2000,77.380508,NA
SE,Male,2001,77.538535,NA
SE,Male,2002,77.710313,NA
SE,Male,2003,77.897542,NA
SE,Male,2004,78.354717,NA
SE,Male,2005,78.426617,NA
SE,Male,2006,78.696639,NA
SE,Male,2007,78.930905,NA
SE,Male,2008,79.09941,NA
SE,Male,2009,79.336251,NA
SE,Male,2010,79.516421,NA
SE,Male,2011,79.799875,NA
SE,Male,2012,79.868237,NA
SE,Male,2013,80.104096,NA
SE,Male,2014,80.358648,NA
SE,Male,2015,80.317067,NA
SE,Male,2016,80.567749,NA
SE,Male,2017,80.730945,NA
SE,Male,2018,80.806035,NA
SE,Male,2019,81.353459,NA
SE,Male,2020,80.606462,81.477335
SE,Male,2021,81.222005,81.671447
SE,Male,2022,81.370657,81.855358
SE,Male,2023,81.5865,82.044099
SE,Male,2024,82.292889,82.219347
SE,Female,2000,82.025053,NA
SE,Female,2001,82.06213,NA
SE,Female,2002,82.092168,NA
SE,Female,2003,82.418941,NA
SE,Female,2004,82.676522,NA
SE,Female,2005,82.766492,NA
SE,Female,2006,82.90666,NA
SE,Female,2007,82.950498,NA
SE,Female,2008,83.128209,NA
SE,Female,2009,83.339044,NA
SE,Female,2010,83.496717,NA
SE,Female,2011,83.679097,NA
SE,Female,2012,83.54446,NA
SE,Female,2013,83.715369,NA
SE,Female,2014,84.068701,NA
SE,Female,2015,84.034121,NA
SE,Female,2016,84.098126,NA
SE,Female,2017,84.122373,NA
SE,Female,2018,84.271629,NA
SE,Female,2019,84.749114,NA
SE,Female,2020,84.315773,84.869249
SE,Female,2021,84.843055,85.006926000000007
SE,Female,2022,84.763717,85.153997
SE,Female,2023,84.926701,85.262605
SE,Female,2024,85.372944,85.395369
SE,Total,2000,79.743757,NA
SE,Total,2001,79.839304,NA
SE,Total,2002,79.938445,NA
SE,Total,2003,80.191462,NA
SE,Total,2004,80.557402,NA
SE,Total,2005,80.633678,NA
SE,Total,2006,80.838406,NA
SE,Total,2007,80.977149,NA
SE,Total,2008,81.146012,NA
SE,Total,2009,81.373084,NA
SE,Total,2010,81.535978,NA
SE,Total,2011,81.767212,NA
SE,Total,2012,81.735382,NA
SE,Total,2013,81.937965,NA
SE,Total,2014,82.237001,NA
SE,Total,2015,82.1922,NA
SE,Total,2016,82.349372,NA
SE,Total,2017,82.444219,NA
SE,Total,2018,82.549053,NA
SE,Total,2019,83.06547,NA
SE,Total,2020,82.447883,83.185511
SE,Total,2021,83.032247,83.351286
SE,Total,2022,83.068228,83.515502
SE,Total,2023,83.258609,83.663695
SE,Total,2024,83.843461,83.81596
SI,Male,2000,72.114453,NA
SI,Male,2001,72.1895,NA
SI,Male,2002,72.498572,NA
SI,Male,2003,72.454312,NA
SI,Male,2004,73.465829,NA
SI,Male,2005,73.871571,NA
SI,Male,2006,74.321376,NA
SI,Male,2007,74.547981,NA
SI,Male,2008,75.389334,NA
SI,Male,2009,75.730776,NA
SI,Male,2010,76.23409,NA
SI,Male,2011,76.554688,NA
SI,Male,2012,76.947585,NA
SI,Male,2013,76.948212,NA
SI,Male,2014,77.981891,NA
SI,Male,2015,77.605282,NA
SI,Male,2016,77.936236,NA
SI,Male,2017,78.062323,NA
SI,Male,2018,78.317356,NA
SI,Male,2019,78.497192,NA
SI,Male,2020,77.711339,78.778632
SI,Male,2021,77.664602,79.039956
SI,Male,2022,78.732539,79.295231
SI,Male,2023,79.184168,79.50522
SI,Male,2024,79.79682,79.739908
SI,Female,2000,79.73438,NA
SI,Female,2001,80.234539,NA
SI,Female,2002,80.451308,NA
SI,Female,2003,80.260593,NA
SI,Female,2004,80.732586,NA
SI,Female,2005,80.80729,NA
SI,Female,2006,81.768302,NA
SI,Female,2007,81.741822,NA
SI,Female,2008,82.222065,NA
SI,Female,2009,82.276681,NA
SI,Female,2010,82.612697,NA
SI,Female,2011,82.893416,NA
SI,Female,2012,82.896979,NA
SI,Female,2013,83.163308,NA
SI,Female,2014,83.721686,NA
SI,Female,2015,83.536466,NA
SI,Female,2016,83.909948,NA
SI,Female,2017,83.704531,NA
SI,Female,2018,83.998187,NA
SI,Female,2019,84.19588,NA
SI,Female,2020,83.074958,84.338501
SI,Female,2021,83.634222,84.497222
SI,Female,2022,83.907949,84.674736
SI,Female,2023,84.744296,84.816864
SI,Female,2024,84.88399,84.972703
SI,Total,2000,76.02002,NA
SI,Total,2001,76.279759,NA
SI,Total,2002,76.539919,NA
SI,Total,2003,76.411297,NA
SI,Total,2004,77.203956,NA
SI,Total,2005,77.433346,NA
SI,Total,2006,78.109244,NA
SI,Total,2007,78.208709,NA
SI,Total,2008,78.881158,NA
SI,Total,2009,79.063691,NA
SI,Total,2010,79.496121,NA
SI,Total,2011,79.799311,NA
SI,Total,2012,79.995883,NA
SI,Total,2013,80.102536,NA
SI,Total,2014,80.913361,NA
SI,Total,2015,80.607334,NA
SI,Total,2016,80.945301,NA
SI,Total,2017,80.927604,NA
SI,Total,2018,81.192765,NA
SI,Total,2019,81.340634,NA
SI,Total,2020,80.369686,81.563342
SI,Total,2021,80.602021,81.771057
SI,Total,2022,81.294395,81.983659
SI,Total,2023,81.945236,82.153793
SI,Total,2024,82.342207,82.344592
SK,Male,2000,68.997729,NA
SK,Male,2001,69.47561,NA
SK,Male,2002,69.787975,NA
SK,Male,2003,69.803418,NA
SK,Male,2004,70.309086,NA
SK,Male,2005,70.164032,NA
SK,Male,2006,70.379821,NA
SK,Male,2007,70.548229,NA
SK,Male,2008,70.76734,NA
SK,Male,2009,71.317114,NA
SK,Male,2010,71.669781,NA
SK,Male,2011,72.1927,NA
SK,Male,2012,72.405844,NA
SK,Male,2013,72.822741,NA
SK,Male,2014,73.167011,NA
SK,Male,2015,72.999389,NA
SK,Male,2016,73.649877,NA
SK,Male,2017,73.647647,NA
SK,Male,2018,73.71545,NA
SK,Male,2019,74.123757,NA
SK,Male,2020,73.429693,74.404912
SK,Male,2021,71.165625,74.636322
SK,Male,2022,73.477409,74.882103
SK,Male,2023,74.68195,75.145355
SK,Male,2024,75.033955,75.389717
SK,Female,2000,77.302431,NA
SK,Female,2001,77.654495,NA
SK,Female,2002,77.679984,NA
SK,Female,2003,77.774317,NA
SK,Female,2004,78.010918,NA
SK,Female,2005,78.050551,NA
SK,Female,2006,78.346519,NA
SK,Female,2007,78.314936,NA
SK,Female,2008,78.800357,NA
SK,Female,2009,78.910815,NA
SK,Female,2010,79.111713,NA
SK,Female,2011,79.598059,NA
SK,Female,2012,79.682279,NA
SK,Female,2013,79.908412,NA
SK,Female,2014,80.259603,NA
SK,Female,2015,80.011476,NA
SK,Female,2016,80.436464,NA
SK,Female,2017,80.472242,NA
SK,Female,2018,80.475362,NA
SK,Female,2019,80.856471,NA
SK,Female,2020,80.219091,81.046781
SK,Female,2021,78.157651,81.224927
SK,Female,2022,80.419241,81.40455
SK,Female,2023,81.322163,81.585675
SK,Female,2024,81.656044,81.768747
SK,Total,2000,73.142548,NA
SK,Total,2001,73.573584,NA
SK,Total,2002,73.759208,NA
SK,Total,2003,73.810586,NA
SK,Total,2004,74.203284,NA
SK,Total,2005,74.132928,NA
SK,Total,2006,74.389495,NA
SK,Total,2007,74.46482,NA
SK,Total,2008,74.808837,NA
SK,Total,2009,75.162189,NA
SK,Total,2010,75.444745,NA
SK,Total,2011,75.957223,NA
SK,Total,2012,76.107971,NA
SK,Total,2013,76.441652,NA
SK,Total,2014,76.78895,NA
SK,Total,2015,76.562664,NA
SK,Total,2016,77.117778,NA
SK,Total,2017,77.120258,NA
SK,Total,2018,77.14656,NA
SK,Total,2019,77.542704,NA
SK,Total,2020,76.849962,77.780387
SK,Total,2021,74.597718,77.986525
SK,Total,2022,76.951307,78.200074
SK,Total,2023,78.042585,78.421119
SK,Total,2024,78.377248,78.628952
TW,Male,2000,73.40939,NA
TW,Male,2001,73.667266,NA
TW,Male,2002,74.173011,NA
TW,Male,2003,74.403504,NA
TW,Male,2004,74.313792,NA
TW,Male,2005,74.184919,NA
TW,Male,2006,74.809243,NA
TW,Male,2007,75.11502,NA
TW,Male,2008,75.29684,NA
TW,Male,2009,75.793444,NA
TW,Male,2010,76.092928,NA
TW,Male,2011,75.79074,NA
TW,Male,2012,76.203261,NA
TW,Male,2013,76.640118,NA
TW,Male,2014,76.479493,NA
TW,Male,2015,76.769626,NA
TW,Male,2016,76.554069,NA
TW,Male,2017,77.079467,NA
TW,Male,2018,77.340755,NA
TW,Male,2019,77.5019,NA
TW,Male,2020,78.042276,77.655897
TW,Male,2021,77.613715,77.819857
TW,Male,2022,76.665253,77.958912
TW,Male,2023,76.928599,78.124448
TW,Male,2024,77.348122,78.254106
TW,Female,2000,79.225325,NA
TW,Female,2001,79.584605,NA
TW,Female,2002,79.878014,NA
TW,Female,2003,80.022921,NA
TW,Female,2004,80.350011,NA
TW,Female,2005,80.504181,NA
TW,Female,2006,81.287409,NA
TW,Female,2007,81.327294,NA
TW,Female,2008,81.560828,NA
TW,Female,2009,81.96298,NA
TW,Female,2010,82.322918,NA
TW,Female,2011,82.286416,NA
TW,Female,2012,82.504562,NA
TW,Female,2013,82.973053,NA
TW,Female,2014,82.877567,NA
TW,Female,2015,83.250249,NA
TW,Female,2016,83.090276,NA
TW,Female,2017,83.379509,NA
TW,Female,2018,83.672216,NA
TW,Female,2019,83.899716,NA
TW,Female,2020,84.397668,84.072528
TW,Female,2021,83.999295,84.248801
TW,Female,2022,83.189337,84.418179
TW,Female,2023,83.543948,84.596177
TW,Female,2024,83.960747,84.769806
TW,Total,2000,76.059269,NA
TW,Total,2001,76.373829,NA
TW,Total,2002,76.798945,NA
TW,Total,2003,77.003185,NA
TW,Total,2004,77.098777,NA
TW,Total,2005,77.102591,NA
TW,Total,2006,77.816806,NA
TW,Total,2007,78.019422,NA
TW,Total,2008,78.23273,NA
TW,Total,2009,78.706244,NA
TW,Total,2010,79.044421,NA
TW,Total,2011,78.867798,NA
TW,Total,2012,79.202603,NA
TW,Total,2013,79.663892,NA
TW,Total,2014,79.537642,NA
TW,Total,2015,79.880703,NA
TW,Total,2016,79.695205,NA
TW,Total,2017,80.130131,NA
TW,Total,2018,80.412198,NA
TW,Total,2019,80.61419,NA
TW,Total,2020,81.144526,80.775076
TW,Total,2021,80.726245,80.941399
TW,Total,2022,79.823121,81.093811
TW,Total,2023,80.133066,81.268468
TW,Total,2024,80.568131,81.418827
US,Male,2000,74.100728,NA
US,Male,2001,74.252408,NA
US,Male,2002,74.332267,NA
US,Male,2003,74.51392,NA
US,Male,2004,74.950527,NA
US,Male,2005,74.940488,NA
US,Male,2006,75.219124,NA
US,Male,2007,75.496184,NA
US,Male,2008,75.637696,NA
US,Male,2009,76.01008,NA
US,Male,2010,76.244292,NA
US,Male,2011,76.326706,NA
US,Male,2012,76.450573,NA
US,Male,2013,76.455326,NA
US,Male,2014,76.518214,NA
US,Male,2015,76.351751,NA
US,Male,2016,76.254828,NA
US,Male,2017,76.203362,NA
US,Male,2018,76.351615,NA
US,Male,2019,76.483314,NA
US,Male,2020,74.346627,76.33533
US,Male,2021,73.647294,76.324027
US,Male,2022,74.91543,76.311818
US,Male,2023,75.985103,76.296624
US,Male,2024,76.735312,76.278662
US,Female,2000,79.406915,NA
US,Female,2001,79.488411,NA
US,Female,2002,79.549931,NA
US,Female,2003,79.669276,NA
US,Female,2004,80.031431,NA
US,Female,2005,80.039858,NA
US,Female,2006,80.305986,NA
US,Female,2007,80.540312,NA
US,Female,2008,80.576624,NA
US,Female,2009,80.903018,NA
US,Female,2010,81.070885,NA
US,Female,2011,81.083623,NA
US,Female,2012,81.199754,NA
US,Female,2013,81.211496,NA
US,Female,2014,81.298864,NA
US,Female,2015,81.172259,NA
US,Female,2016,81.223572,NA
US,Female,2017,81.224647,NA
US,Female,2018,81.389066,NA
US,Female,2019,81.52863,NA
US,Female,2020,79.898954,81.44378
US,Female,2021,79.418836,81.475695
US,Female,2022,80.301718,81.508479
US,Female,2023,81.199729,81.537809
US,Female,2024,81.635529,81.565011
US,Total,2000,76.787738,NA
US,Total,2001,76.900775,NA
US,Total,2002,76.966869,NA
US,Total,2003,77.115252,NA
US,Total,2004,77.518679,NA
US,Total,2005,77.509103,NA
US,Total,2006,77.780636,NA
US,Total,2007,78.035405,NA
US,Total,2008,78.120609,NA
US,Total,2009,78.473922,NA
US,Total,2010,78.671736,NA
US,Total,2011,78.714356,NA
US,Total,2012,78.829535,NA
US,Total,2013,78.830843,NA
US,Total,2014,78.901039,NA
US,Total,2015,78.743741,NA
US,Total,2016,78.710765,NA
US,Total,2017,78.676845,NA
US,Total,2018,78.82781,NA
US,Total,2019,78.959626,NA
US,Total,2020,77.027766,78.836338
US,Total,2021,76.423485,78.842991
US,Total,2022,77.525771,78.849425
US,Total,2023,78.523187,78.851867
US,Total,2024,79.130843,78.851163
